Session_ID,Source_File,Window_Start,Window_End,Window_Samples,Label,CPU_Usage_Avg,CPU_Usage_Std,CPU_Performance_Avg,CPU_Performance_Latest,CPU_Performance_Rate,CPU_Frequency_Avg,CPU_Frequency_Latest,CPU_Temperature_Avg,CPU_Temperature_Latest,CPU_Temperature_Rate,RAM_Usage_Avg,RAM_Usage_Std,RAM_Usage_Latest,Disk_Read_Avg,Disk_Write_Avg,GPU_Usage_Avg,GPU_Usage_Std,GPU_Usage_Latest,GPU_Memory_Usage_Avg,GPU_Memory_Usage_Latest,GPU_Temperature_Avg,GPU_Temperature_Latest,GPU_Temperature_Rate,GPU_Clock_Avg,GPU_Clock_Latest,GPU_Clock_Rate,GPU_Memory_Used_Avg,GPU_Memory_Used_Latest
browsingmain1_20260916_003151,browsingmain1_20260916_003151.csv,2026-09-16 00:31:52,2026-09-16 00:32:01,10,Normal_Workload,7.43,3.4260602576266646,131.0,141,3.7777777777777777,,,,,,48.260000000000005,0.3098386676965943,48.6,0.48319999999999996,0.5420999999999999,19.9,22.810572597421185,17,2.4,2,53.0,54,0.2222222222222222,375.7,210,0.0,303.009,368.11
browsingmain1_20260916_003151,browsingmain1_20260916_003151.csv,2026-09-16 00:31:53,2026-09-16 00:32:02,10,Normal_Workload,8.76,4.289832941580204,135.0,147,4.0,,,,,,48.38000000000001,0.3794733192202061,49.1,0.8428000000000001,0.8326,21.7,21.751372881319977,18,2.5,1,53.2,54,0.2222222222222222,375.7,210,0.0,316.759,376.11
browsingmain1_20260916_003151,browsingmain1_20260916_003151.csv,2026-09-16 00:31:54,2026-09-16 00:32:03,10,Normal_Workload,11.67,8.947755770769188,138.6,147,2.4444444444444446,,,,,,48.620000000000005,0.681175454637055,50.3,1.7299,1.0422999999999998,23.0,20.672042311618203,13,2.6,1,53.4,54,0.2222222222222222,512.2,1575,151.66666666666666,341.991,490.93
browsingmain1_20260916_003151,browsingmain1_20260916_003151.csv,2026-09-16 00:31:55,2026-09-16 00:32:04,10,Normal_Workload,12.9,9.093954035511725,140.6,145,1.2222222222222223,,,,,,48.87,0.8628763269180315,50.5,1.7665999999999997,1.0185,23.6,20.00666555592577,6,2.6,0,53.8,56,0.3333333333333333,648.7,1575,151.66666666666666,363.839,457.09
browsingmain1_20260916_003151,browsingmain1_20260916_003151.csv,2026-09-16 00:31:56,2026-09-16 00:32:05,10,Normal_Workload,14.030000000000001,9.133217760825955,141.8,146,1.6666666666666667,,,,,,49.11,0.9538809615926332,50.5,1.8885999999999998,1.1322999999999999,21.7,20.439884757231113,9,2.4,1,54.2,57,0.4444444444444444,785.2,1575,133.33333333333334,382.58000000000004,475.52
browsingmain1_20260916_003151,browsingmain1_20260916_003151.csv,2026-09-16 00:31:57,2026-09-16 00:32:06,10,Normal_Workload,15.45,8.683349328200238,143.3,146,0.1111111111111111,,,,,,49.36,0.9868017925489272,50.6,2.1163000000000003,1.3475000000000001,14.8,11.745448290957464,2,1.8,0,54.5,56,0.3333333333333333,842.2,945,6.666666666666667,403.989,500.45
browsingmain1_20260916_003151,browsingmain1_20260916_003151.csv,2026-09-16 00:31:58,2026-09-16 00:32:07,10,Normal_Workload,15.63,8.719206131039428,143.4,146,0.6666666666666666,,,,,,49.64,1.1335293948058367,51.4,2.2353,1.6039,10.6,6.4670103001481465,2,1.0,0,54.9,57,0.3333333333333333,911.2,1575,76.66666666666667,421.91499999999996,511.87
browsingmain1_20260916_003151,browsingmain1_20260916_003151.csv,2026-09-16 00:31:59,2026-09-16 00:32:08,10,Normal_Workload,15.86,8.511717413855639,143.6,142,0.4444444444444444,,,,,,49.919999999999995,1.2181953866272839,51.5,2.1660999999999997,1.5897,11.0,6.27162924074226,10,1.0,0,55.2,57,0.3333333333333333,980.2,1575,140.0,447.096,595.73
browsingmain1_20260916_003151,browsingmain1_20260916_003151.csv,2026-09-16 00:32:00,2026-09-16 00:32:09,10,Normal_Workload,17.4,7.922401431664798,144.1,143,0.5555555555555556,,,,,,50.3,1.2147244772192394,52.0,2.2055999999999996,1.6695999999999998,10.1,5.606543795720616,10,1.1,5,55.5,57,0.4444444444444444,1106.2,1575,147.55555555555554,478.937,645.45
browsingmain1_20260916_003151,browsingmain1_20260916_003151.csv,2026-09-16 00:32:01,2026-09-16 00:32:10,10,Normal_Workload,17.609999999999996,7.62662733090089,144.3,140,-0.1111111111111111,,,,,,50.660000000000004,1.1539304812490028,52.1,2.2925,1.8550000000000004,8.9,5.952590472502987,2,1.1,1,56.0,58,0.4444444444444444,1239.0,1575,151.66666666666666,507.7789999999999,656.53
browsingmain1_20260916_003151,browsingmain1_20260916_003151.csv,2026-09-16 00:32:02,2026-09-16 00:32:11,10,Normal_Workload,17.359999999999996,7.987239823618669,143.9,137,-1.1111111111111112,,,,,,50.989999999999995,0.9538809615926342,51.9,2.3331000000000004,1.9061000000000003,7.5,5.461989869391313,3,1.0,1,56.4,58,0.4444444444444444,1375.5,1575,151.66666666666666,506.3829999999999,354.15
browsingmain1_20260916_003151,browsingmain1_20260916_003151.csv,2026-09-16 00:32:03,2026-09-16 00:32:12,10,Normal_Workload,16.47,8.51052289815379,143.0,138,-1.0,,,,,,51.269999999999996,0.719644974198312,51.9,2.121,1.6171999999999997,6.0,4.163331998932265,3,1.0,1,56.8,58,0.4444444444444444,1512.0,1575,0.0,503.69999999999993,349.28
browsingmain1_20260916_003151,browsingmain1_20260916_003151.csv,2026-09-16 00:32:04,2026-09-16 00:32:13,10,Normal_Workload,15.179999999999998,6.160952307341239,143.1,148,0.3333333333333333,,,,,,51.5,0.7423685817106696,52.6,1.8175000000000001,3.0901,6.2,4.565571644870382,15,1.6,7,57.1,57,0.1111111111111111,1393.5,390,-131.66666666666666,487.85999999999996,332.53
browsingmain1_20260916_003151,browsingmain1_20260916_003151.csv,2026-09-16 00:32:05,2026-09-16 00:32:14,10,Normal_Workload,14.270000000000001,6.14040353360881,142.9,143,-0.3333333333333333,,,,,,51.69,0.6999206304209704,52.4,2.0616999999999996,3.8045,8.8,9.342852288722588,32,3.3,17,57.2,57,0.0,1269.0,330,-138.33333333333334,474.82199999999995,326.71
browsingmain1_20260916_003151,browsingmain1_20260916_003151.csv,2026-09-16 00:32:06,2026-09-16 00:32:15,10,Normal_Workload,12.779999999999998,6.5513018214363745,141.9,136,-1.1111111111111112,,,,,,51.86999999999999,0.5812821078348176,52.3,1.921,3.5962999999999994,11.5,12.703892666773003,36,5.0,18,57.2,57,0.1111111111111111,1142.2,307,-70.88888888888889,459.216,319.46
browsingmain1_20260916_003151,browsingmain1_20260916_003151.csv,2026-09-16 00:32:07,2026-09-16 00:32:16,10,Normal_Workload,11.58,6.319247493878435,141.1,138,-0.8888888888888888,,,,,,52.04,0.3835506630304674,52.3,1.7933000000000003,3.684,15.0,14.491376746189438,37,6.9,19,57.3,57,0.0,1079.2,315,-140.0,441.117,319.46
browsingmain1_20260916_003151,browsingmain1_20260916_003151.csv,2026-09-16 00:32:08,2026-09-16 00:32:17,10,Normal_Workload,10.11,6.369449653532783,140.0,135,-0.7777777777777778,,,,,,52.11,0.3107338983045711,52.1,1.5558999999999998,3.5858,17.5,14.151953143569186,27,8.3,14,57.3,57,0.0,950.9,292,-142.55555555555554,421.87600000000003,319.46
browsingmain1_20260916_003151,browsingmain1_20260916_003151.csv,2026-09-16 00:32:09,2026-09-16 00:32:18,10,Normal_Workload,9.39,6.788953445774164,139.2,134,-1.0,,,,,,52.17,0.22632326929023938,52.1,1.5590000000000002,3.8419999999999996,20.3,15.2319109474521,38,10.2,19,57.3,57,0.0,821.9,285,-143.33333333333334,394.24899999999997,319.46
browsingmain1_20260916_003151,browsingmain1_20260916_003151.csv,2026-09-16 00:32:10,2026-09-16 00:32:19,10,Normal_Workload,7.749999999999998,5.371374746437514,138.2,133,-0.7777777777777778,,,,,,52.160000000000004,0.23664319132398481,51.9,1.3222,3.5129999999999995,22.7,15.319196381591881,34,11.5,18,57.3,57,-0.1111111111111111,691.4,270,-145.0,361.65,319.46
browsingmain1_20260916_003151,browsingmain1_20260916_003151.csv,2026-09-16 00:32:11,2026-09-16 00:32:20,10,Normal_Workload,7.789999999999999,5.380716598289777,138.1,139,0.2222222222222222,,,,,,52.14,0.2503331114069148,51.9,1.2058000000000002,3.5057,26.1,13.924000063838616,36,13.2,18,57.2,57,-0.1111111111111111,559.4,255,-146.66666666666666,327.94300000000004,319.46
browsingmain1_20260916_003151,browsingmain1_20260916_003151.csv,2026-09-16 00:32:12,2026-09-16 00:32:21,10,Normal_Workload,7.720000000000001,5.409621058817336,137.8,134,-0.4444444444444444,,,,,,52.14,0.2503331114069148,51.9,1.1824,3.6531999999999996,29.5,11.616559062151083,37,14.9,18,57.1,57,-0.1111111111111111,426.6,247,-147.55555555555554,324.474,319.46
browsingmain1_20260916_003151,browsingmain1_20260916_003151.csv,2026-09-16 00:32:13,2026-09-16 00:32:22,10,Normal_Workload,7.380000000000001,5.48934321106714,137.4,134,-1.5555555555555556,,,,,,52.120000000000005,0.27808871486152237,51.7,1.0349,3.8516,32.8,7.03641322771134,36,16.7,19,57.0,57,0.0,292.3,232,-17.555555555555557,321.492,319.46
browsingmain1_20260916_003151,browsingmain1_20260916_003151.csv,2026-09-16 00:32:14,2026-09-16 00:32:23,10,Normal_Workload,5.53,2.5923177102953856,136.0,134,-1.0,,,,,,52.029999999999994,0.24966644414765196,51.7,0.4513,2.1689999999999996,35.0,3.2998316455372216,37,17.7,17,56.9,56,-0.1111111111111111,275.8,225,-11.666666666666666,320.11,318.71
browsingmain1_20260916_003151,browsingmain1_20260916_003151.csv,2026-09-16 00:32:15,2026-09-16 00:32:24,10,Normal_Workload,4.87,2.0199284915835785,135.0,133,-0.3333333333333333,,,,,,51.96999999999999,0.22135943621178542,51.8,0.161,1.6542000000000001,35.5,3.1710495984067415,37,17.8,18,56.8,56,-0.1111111111111111,264.5,217,-10.0,320.76,333.21
browsingmain1_20260916_003151,browsingmain1_20260916_003151.csv,2026-09-16 00:32:16,2026-09-16 00:32:25,10,Normal_Workload,4.930000000000001,2.016625343929253,134.9,135,-0.3333333333333333,,,,,,51.92,0.19321835661585857,51.8,0.1438,1.814,35.5,3.1710495984067415,36,17.7,17,56.7,56,-0.1111111111111111,254.8,210,-11.666666666666666,321.742,329.28
browsingmain1_20260916_003151,browsingmain1_20260916_003151.csv,2026-09-16 00:32:17,2026-09-16 00:32:26,10,Normal_Workload,5.970000000000001,4.512217981338126,135.8,147,1.3333333333333333,,,,,,51.93000000000001,0.2162817093001108,52.4,0.0907,1.7693999999999999,33.5,6.587024281789835,17,16.0,2,56.8,58,0.1111111111111111,380.8,1575,142.55555555555554,335.76,459.64
browsingmain1_20260916_003151,browsingmain1_20260916_003151.csv,2026-09-16 00:32:18,2026-09-16 00:32:27,10,Normal_Workload,6.110000000000001,4.44133363354347,136.1,138,0.4444444444444444,,,,,,51.95,0.24152294576982317,52.3,0.14540000000000003,1.6369999999999998,31.2,11.38029486046434,4,14.7,1,56.9,58,0.1111111111111111,509.1,1575,143.33333333333334,348.316,445.02
browsingmain1_20260916_003151,browsingmain1_20260916_003151.csv,2026-09-16 00:32:19,2026-09-16 00:32:28,10,Normal_Workload,6.57,4.284351370588863,136.5,138,0.5555555555555556,,,,,,51.96,0.25033311140691394,52.2,0.1329,1.5945,27.7,14.111067366511373,3,12.9,1,57.0,58,0.1111111111111111,638.1,1575,145.0,360.87199999999996,445.02
browsingmain1_20260916_003151,browsingmain1_20260916_003151.csv,2026-09-16 00:32:20,2026-09-16 00:32:29,10,Normal_Workload,6.709999999999999,4.253743449402341,136.8,136,-0.3333333333333333,,,,,,51.989999999999995,0.26012817353502204,52.2,0.197,3.4778999999999995,26.0,14.29063407348401,17,11.8,7,57.0,57,0.0,656.1,450,21.666666666666668,374.27099999999996,453.45
browsingmain1_20260916_003151,browsingmain1_20260916_003151.csv,2026-09-16 00:32:21,2026-09-16 00:32:30,10,Normal_Workload,6.33,4.185703180005853,136.5,136,0.2222222222222222,,,,,,52.00999999999999,0.26012817353502204,52.1,0.20990000000000003,3.3020999999999994,25.3,13.912823820729805,29,11.2,12,56.9,56,-0.1111111111111111,667.3,367,13.333333333333334,386.46999999999997,441.45
browsingmain1_20260916_003151,browsingmain1_20260916_003151.csv,2026-09-16 00:32:22,2026-09-16 00:32:31,10,Normal_Workload,6.459999999999999,4.173780593711706,136.6,135,0.1111111111111111,,,,,,52.040000000000006,0.26331223544175314,52.2,0.23020000000000002,3.1681999999999997,25.2,13.822686666009133,36,11.0,16,56.8,56,-0.1111111111111111,675.6,330,10.88888888888889,391.051,365.27
browsingmain1_20260916_003151,browsingmain1_20260916_003151.csv,2026-09-16 00:32:23,2026-09-16 00:32:32,10,Normal_Workload,6.780000000000001,4.1464308614625285,136.9,137,0.3333333333333333,,,,,,52.08,0.23475755815545368,52.1,0.25680000000000003,3.0342999999999996,25.3,13.912823820729804,37,10.8,17,56.7,56,0.0,683.1,307,9.11111111111111,392.513,334.08
browsingmain1_20260916_003151,browsingmain1_20260916_003151.csv,2026-09-16 00:32:24,2026-09-16 00:32:33,10,Normal_Workload,7.160000000000001,3.91924028919438,136.8,133,0.0,,,,,,52.1,0.20548046676563356,51.9,0.2959,3.1130000000000004,25.2,13.822686666009133,36,10.8,17,56.7,56,0.0,688.3,277,6.666666666666667,393.637,329.95
browsingmain1_20260916_003151,browsingmain1_20260916_003151.csv,2026-09-16 00:32:25,2026-09-16 00:32:34,10,Normal_Workload,7.4300000000000015,3.7434535451163864,137.0,135,0.0,,,,,,52.089999999999996,0.22335820757001268,51.7,0.2994,2.9242999999999997,24.8,13.497324837825376,33,10.6,16,56.7,56,0.0,692.1,255,5.0,392.46799999999996,321.52
browsingmain1_20260916_003151,browsingmain1_20260916_003151.csv,2026-09-16 00:32:26,2026-09-16 00:32:35,10,Normal_Workload,7.35,3.8067921753973732,136.9,134,-1.4444444444444444,,,,,,52.089999999999996,0.22335820757001268,51.8,0.3556,2.8565,24.8,13.497324837825376,36,10.6,17,56.7,56,-0.2222222222222222,694.3,232,-149.22222222222223,392.53499999999997,329.95
browsingmain1_20260916_003151,browsingmain1_20260916_003151.csv,2026-09-16 00:32:27,2026-09-16 00:32:36,10,Normal_Workload,6.26,1.1413442367080437,136.2,140,0.2222222222222222,,,,,,52.03000000000001,0.21108186931983494,51.8,0.3399,2.6785999999999994,27.0,13.872434697789874,39,12.2,18,56.5,56,-0.2222222222222222,559.3,225,-150.0,379.566,329.95
browsingmain1_20260916_003151,browsingmain1_20260916_003151.csv,2026-09-16 00:32:28,2026-09-16 00:32:37,10,Normal_Workload,6.470000000000001,1.0078028907810628,136.5,141,0.3333333333333333,,,,,,51.92,0.3155242550986465,51.2,0.2946,2.647,30.1,11.406138698087098,35,13.7,16,56.2,55,-0.3333333333333333,422.8,210,-151.66666666666666,368.01599999999996,329.52
browsingmain1_20260916_003151,browsingmain1_20260916_003151.csv,2026-09-16 00:32:29,2026-09-16 00:32:38,10,Normal_Workload,5.950000000000001,1.6614919667442138,136.1,134,-0.2222222222222222,,,,,,51.82000000000001,0.3705851229249943,51.2,0.2852,2.4333,33.1,6.279596590015423,33,15.1,15,55.9,55,-0.2222222222222222,286.3,210,-26.666666666666668,356.466,329.52
browsingmain1_20260916_003151,browsingmain1_20260916_003151.csv,2026-09-16 00:32:30,2026-09-16 00:32:39,10,Normal_Workload,5.71,1.7444833682847831,136.0,135,-0.1111111111111111,,,,,,51.73,0.37727090178455763,51.3,0.24450000000000002,0.6043999999999999,34.5,2.9907264074877267,31,15.8,14,55.7,55,-0.1111111111111111,262.3,210,-17.444444444444443,344.03499999999997,329.14
browsingmain1_20260916_003151,browsingmain1_20260916_003151.csv,2026-09-16 00:32:31,2026-09-16 00:32:40,10,Normal_Workload,5.48,1.9446793508899556,135.9,135,0.0,,,,,,51.65,0.3749073959733999,51.3,0.26439999999999997,0.6518999999999999,35.3,2.359378449224852,37,16.3,17,55.6,55,-0.1111111111111111,247.3,217,-12.555555555555555,332.804,329.14
browsingmain1_20260916_003151,browsingmain1_20260916_003151.csv,2026-09-16 00:32:32,2026-09-16 00:32:41,10,Normal_Workload,5.209999999999999,1.9439078624713102,135.8,134,-0.3333333333333333,,,,,,51.56,0.3339993346633425,51.3,0.2222,0.5646,34.3,3.7431418769679454,26,15.9,12,55.5,55,-0.1111111111111111,236.0,217,-10.0,329.191,329.14
browsingmain1_20260916_003151,browsingmain1_20260916_003151.csv,2026-09-16 00:32:33,2026-09-16 00:32:42,10,Normal_Workload,5.0,1.721756209352661,135.7,136,0.3333333333333333,,,,,,51.48,0.2820559440174152,51.3,0.21590000000000004,0.5429999999999999,34.0,3.6209268304000717,34,15.8,16,55.4,55,-0.1111111111111111,226.3,210,-7.444444444444445,328.69699999999995,329.14
browsingmain1_20260916_003151,browsingmain1_20260916_003151.csv,2026-09-16 00:32:34,2026-09-16 00:32:43,10,Normal_Workload,4.89,1.6339794640352394,135.9,135,0.0,,,,,,51.42,0.24404006956964128,51.3,0.1799,0.4721000000000001,34.3,3.917198545446024,39,15.8,17,55.3,55,-0.1111111111111111,219.6,210,-5.0,328.616,329.14
browsingmain1_20260916_003151,browsingmain1_20260916_003151.csv,2026-09-16 00:32:35,2026-09-16 00:32:44,10,Normal_Workload,4.8100000000000005,1.570173380376971,135.7,133,-0.1111111111111111,,,,,,51.379999999999995,0.2250925735484541,51.3,0.1889,0.5016999999999999,34.8,4.049691346263317,38,15.8,16,55.2,55,-0.1111111111111111,215.1,210,-2.4444444444444446,329.378,329.14
browsingmain1_20260916_003151,browsingmain1_20260916_003151.csv,2026-09-16 00:32:36,2026-09-16 00:32:45,10,Normal_Workload,4.85,1.5608046357924206,135.7,134,-0.6666666666666666,,,,,,51.33,0.17029386365926305,51.3,0.13269999999999998,0.376,34.5,4.06201920231798,33,15.7,16,55.1,55,-0.1111111111111111,213.6,217,-0.8888888888888888,329.29699999999997,329.14
browsingmain1_20260916_003151,browsingmain1_20260916_003151.csv,2026-09-16 00:32:37,2026-09-16 00:32:46,10,Normal_Workload,4.71,1.4231811003679202,135.7,140,-0.1111111111111111,,,,,,51.279999999999994,0.04216370213557599,51.3,0.1015,0.29229999999999995,34.2,3.7947331922020555,36,15.4,15,54.9,54,-0.1111111111111111,213.6,225,1.6666666666666667,329.216,329.14
browsingmain1_20260916_003151,browsingmain1_20260916_003151.csv,2026-09-16 00:32:38,2026-09-16 00:32:47,10,Normal_Workload,4.55,1.240295663675937,135.0,134,0.0,,,,,,51.29,0.031622776601681994,51.3,0.0921,0.25660000000000005,34.0,3.80058475033046,33,15.2,14,54.8,54,-0.1111111111111111,215.1,225,1.6666666666666667,329.178,329.14
browsingmain1_20260916_003151,browsingmain1_20260916_003151.csv,2026-09-16 00:32:39,2026-09-16 00:32:48,10,Normal_Workload,5.24,1.5945741333242136,135.6,140,0.5555555555555556,,,,,,51.31,0.03162277660168424,51.4,0.09210000000000002,0.26,31.0,10.540925533894598,3,13.8,1,54.9,56,0.1111111111111111,351.6,1575,151.66666666666666,330.22099999999995,339.95
browsingmain1_20260916_003151,browsingmain1_20260916_003151.csv,2026-09-16 00:32:40,2026-09-16 00:32:49,10,Normal_Workload,5.3,1.5577761927397231,135.7,136,0.1111111111111111,,,,,,51.31999999999999,0.04216370213557899,51.4,0.06910000000000001,0.1957,28.2,13.76630346574966,3,12.5,1,55.0,56,0.1111111111111111,488.1,1575,150.88888888888889,334.31499999999994,370.08
browsingmain1_20260916_003151,browsingmain1_20260916_003151.csv,2026-09-16 00:32:41,2026-09-16 00:32:50,10,Normal_Workload,7.87,7.439093433417213,136.4,142,0.8888888888888888,,,,,,51.36999999999999,0.15670212364724218,51.8,1.5695999999999999,0.1843,24.8,15.447401795195923,3,10.9,1,55.1,56,0.1111111111111111,623.9,1575,150.88888888888889,339.253,378.52
browsingmain1_20260916_003151,browsingmain1_20260916_003151.csv,2026-09-16 00:32:42,2026-09-16 00:32:51,10,Normal_Workload,8.040000000000001,7.359830915932179,136.1,131,-0.5555555555555556,,,,,,51.419999999999995,0.2043961295567452,51.8,1.6012,0.24620000000000003,23.5,15.876257605479811,13,10.3,6,55.1,55,0.0,650.2,480,30.0,344.33399999999995,379.95
browsingmain1_20260916_003151,browsingmain1_20260916_003151.csv,2026-09-16 00:32:43,2026-09-16 00:32:52,10,Normal_Workload,8.319999999999999,7.318287595697052,136.1,136,0.1111111111111111,,,,,,51.46999999999999,0.23118054512532923,51.8,1.5911000000000002,0.22790000000000005,22.9,15.545274380195274,28,10.0,13,55.1,55,0.0,665.9,367,17.444444444444443,349.41499999999996,379.95
browsingmain1_20260916_003151,browsingmain1_20260916_003151.csv,2026-09-16 00:32:44,2026-09-16 00:32:53,10,Normal_Workload,8.069999999999999,7.462804060434954,136.1,135,0.2222222222222222,,,,,,51.519999999999996,0.24404006956964155,51.8,1.588,0.22010000000000002,22.3,14.959575157366231,33,9.8,15,55.1,55,0.0,677.9,330,13.333333333333334,353.16499999999996,366.64
browsingmain1_20260916_003151,browsingmain1_20260916_003151.csv,2026-09-16 00:32:45,2026-09-16 00:32:54,10,Normal_Workload,8.23,7.420998734821494,136.8,140,0.6666666666666666,,,,,,51.56999999999999,0.24517567397911033,51.8,1.5879999999999999,0.2186,21.9,14.540747344388228,34,9.9,17,55.1,55,0.0,686.9,300,9.222222222222221,356.91499999999996,366.64
browsingmain1_20260916_003151,browsingmain1_20260916_003151.csv,2026-09-16 00:32:46,2026-09-16 00:32:55,10,Normal_Workload,8.69,7.3197525762677085,137.0,136,-0.4444444444444444,,,,,,51.61999999999999,0.23475755815545316,51.8,1.5958,0.24020000000000002,21.8,14.459137825841022,32,9.8,15,55.1,55,0.1111111111111111,692.9,277,5.777777777777778,360.66499999999996,366.64
browsingmain1_20260916_003151,browsingmain1_20260916_003151.csv,2026-09-16 00:32:47,2026-09-16 00:32:56,10,Normal_Workload,8.84,7.259966329888252,136.6,136,0.2222222222222222,,,,,,51.660000000000004,0.20655911179772862,51.7,1.6082999999999998,0.27320000000000005,21.0,13.792107243718133,28,9.6,13,55.1,54,0.0,695.9,255,3.3333333333333335,364.253,365.02
browsingmain1_20260916_003151,browsingmain1_20260916_003151.csv,2026-09-16 00:32:48,2026-09-16 00:32:57,10,Normal_Workload,8.9,7.228954127519262,136.8,136,-0.4444444444444444,,,,,,51.67999999999999,0.17511900715418185,51.5,1.6082999999999998,0.27290000000000003,21.3,14.111067366511374,36,9.8,16,55.1,54,-0.2222222222222222,697.4,240,-148.33333333333334,363.972,326.33
browsingmain1_20260916_003151,browsingmain1_20260916_003151.csv,2026-09-16 00:32:49,2026-09-16 00:32:58,10,Normal_Workload,8.57,7.298865969754783,136.2,134,-0.2222222222222222,,,,,,51.7,0.14907119849998493,51.6,1.6207999999999998,0.29819999999999997,23.7,12.614365708279676,27,11.1,14,54.9,54,-0.2222222222222222,561.6,217,-150.88888888888889,362.61,326.33
browsingmain1_20260916_003151,browsingmain1_20260916_003151.csv,2026-09-16 00:32:50,2026-09-16 00:32:59,10,Normal_Workload,8.67,7.246616068513941,136.2,136,-0.6666666666666666,,,,,,51.720000000000006,0.11352924243950763,51.6,1.6282,0.3299,26.5,10.426994879744703,31,12.4,14,54.7,54,-0.2222222222222222,425.1,210,-151.66666666666666,357.8349999999999,322.33
browsingmain1_20260916_003151,browsingmain1_20260916_003151.csv,2026-09-16 00:32:51,2026-09-16 00:33:00,10,Normal_Workload,6.57,1.7720358662033655,136.0,140,1.0,,,,,,51.769999999999996,0.2162817093001098,52.3,0.0949,0.2657,26.5,10.426994879744703,3,12.4,1,54.6,55,0.0,425.1,1575,121.66666666666667,355.316,353.33
browsingmain1_20260916_003151,browsingmain1_20260916_003151.csv,2026-09-16 00:32:52,2026-09-16 00:33:01,10,Normal_Workload,6.8,1.7956738134874175,136.9,140,0.4444444444444444,,,,,,51.81,0.2558211180579981,52.2,0.0742,0.21030000000000001,26.1,11.059937713306626,9,11.9,1,54.6,55,0.0,534.6,1575,134.22222222222223,352.64799999999997,353.27
browsingmain1_20260916_003151,browsingmain1_20260916_003151.csv,2026-09-16 00:32:53,2026-09-16 00:33:02,10,Normal_Workload,7.15,2.418562474786303,137.8,145,1.1111111111111112,,,,,,51.86,0.29888682361946445,52.3,0.0644,0.1845,28.1,13.067772062087197,48,12.6,20,54.6,55,0.0,564.6,667,37.44444444444444,358.567,439.14
browsingmain1_20260916_003151,browsingmain1_20260916_003151.csv,2026-09-16 00:32:54,2026-09-16 00:33:03,10,Normal_Workload,8.049999999999999,2.4185624747863024,138.7,144,0.4444444444444444,,,,,,51.9,0.31622776601683744,52.2,0.0644,0.18970000000000004,26.0,13.856406460551018,12,11.8,7,54.5,54,-0.1111111111111111,608.8,772,52.44444444444444,363.3859999999999,414.83
browsingmain1_20260916_003151,browsingmain1_20260916_003151.csv,2026-09-16 00:32:55,2026-09-16 00:33:04,10,Normal_Workload,7.87,2.55214506728055,137.7,130,-0.6666666666666666,,,,,,51.95,0.33747427885527553,52.3,0.08940000000000001,0.1925,23.7,14.283245818479465,11,10.8,7,54.4,54,-0.1111111111111111,614.8,360,9.222222222222221,368.205,414.83
browsingmain1_20260916_003151,browsingmain1_20260916_003151.csv,2026-09-16 00:32:56,2026-09-16 00:33:05,10,Normal_Workload,8.13,2.831195271730063,138.4,143,0.7777777777777778,,,,,,52.010000000000005,0.360401011220679,52.4,0.1113,0.185,20.7,15.449199907366653,2,9.4,1,54.4,55,0.1111111111111111,744.6,1575,146.66666666666666,381.09299999999996,495.52
browsingmain1_20260916_003151,browsingmain1_20260916_003151.csv,2026-09-16 00:32:57,2026-09-16 00:33:06,10,Normal_Workload,7.9300000000000015,2.993715640025507,137.4,126,-1.1111111111111112,,,,,,52.06,0.34705106892854237,52.2,0.1472,0.24430000000000002,18.1,16.2511538051918,2,8.2,1,54.5,55,0.1111111111111111,876.6,1575,148.33333333333334,387.393,428.02
browsingmain1_20260916_003151,browsingmain1_20260916_003151.csv,2026-09-16 00:32:58,2026-09-16 00:33:07,10,Normal_Workload,7.7299999999999995,3.2107631491594018,136.4,126,-0.8888888888888888,,,,,,52.10999999999999,0.2884826203122497,52.0,0.1534,0.2448,15.7,15.041054927541929,12,7.2,6,54.6,55,0.1111111111111111,882.6,300,9.222222222222221,391.28,365.2
browsingmain1_20260916_003151,browsingmain1_20260916_003151.csv,2026-09-16 00:32:59,2026-09-16 00:33:08,10,Normal_Workload,7.519999999999999,3.4201364495197164,135.6,126,-1.1111111111111112,,,,,,52.15,0.23213980461973438,52.0,0.1565,0.2544,14.4,14.508235209317808,14,6.5,7,54.6,54,0.0,882.6,217,0.7777777777777778,395.1669999999999,365.2
browsingmain1_20260916_003151,browsingmain1_20260916_003151.csv,2026-09-16 00:33:00,2026-09-16 00:33:09,10,Normal_Workload,7.35,3.560040574050932,134.8,128,-1.3333333333333333,,,,,,52.17999999999999,0.16193277068654774,51.9,0.17209999999999998,0.2814,13.8,13.854802616982878,25,6.5,14,54.6,54,-0.1111111111111111,882.6,210,-151.66666666666666,399.429,364.95
browsingmain1_20260916_003151,browsingmain1_20260916_003151.csv,2026-09-16 00:33:01,2026-09-16 00:33:10,10,Normal_Workload,7.010000000000001,3.6831297077953207,133.5,127,-1.4444444444444444,,,,,,52.14,0.17763883459298963,51.9,0.17209999999999998,0.2815,16.1,13.771548771127943,26,7.9,15,54.5,54,-0.1111111111111111,746.1,210,-151.66666666666666,396.154,320.58
browsingmain1_20260916_003151,browsingmain1_20260916_003151.csv,2026-09-16 00:33:02,2026-09-16 00:33:11,10,Normal_Workload,6.75,3.697221178729296,132.2,127,-2.0,,,,,,52.11,0.19119507199599978,51.9,0.1643,0.26639999999999997,18.0,13.992061241210237,28,9.3,15,54.4,54,-0.1111111111111111,609.6,210,-50.77777777777778,392.88499999999993,320.58
browsingmain1_20260916_003151,browsingmain1_20260916_003151.csv,2026-09-16 00:33:03,2026-09-16 00:33:12,10,Normal_Workload,5.96,3.2431808802813054,130.7,130,-1.5555555555555556,,,,,,52.00999999999999,0.3071373199943859,51.3,0.1639,0.26599999999999996,16.0,10.121484300459318,28,8.8,15,54.3,54,0.0,563.9,210,-62.44444444444444,381.02899999999994,320.58
browsingmain1_20260916_003151,browsingmain1_20260916_003151.csv,2026-09-16 00:33:04,2026-09-16 00:33:13,10,Normal_Workload,5.01,2.5653459805648047,128.9,126,-0.4444444444444444,,,,,,51.919999999999995,0.3705851229249954,51.3,0.16699999999999998,0.26880000000000004,17.6,10.668749796589207,28,9.6,15,54.2,53,-0.1111111111111111,507.7,210,-16.666666666666668,371.604,320.58
browsingmain1_20260916_003151,browsingmain1_20260916_003151.csv,2026-09-16 00:33:05,2026-09-16 00:33:14,10,Normal_Workload,4.770000000000001,2.636095597659539,128.5,126,-1.8888888888888888,,,,,,51.82000000000001,0.3910100879630727,51.3,0.16069999999999998,0.317,19.0,10.624918300339484,25,10.5,16,54.1,53,-0.2222222222222222,492.7,210,-151.66666666666666,360.791,306.7
browsingmain1_20260916_003151,browsingmain1_20260916_003151.csv,2026-09-16 00:33:06,2026-09-16 00:33:15,10,Normal_Workload,3.9299999999999997,0.8340663442836348,127.1,129,0.3333333333333333,,,,,,51.71,0.36347092196090774,51.3,0.13720000000000002,0.3247,21.6,9.070097390142328,28,11.9,15,53.9,53,-0.2222222222222222,356.2,210,-151.66666666666666,341.9029999999999,306.64
browsingmain1_20260916_003151,browsingmain1_20260916_003151.csv,2026-09-16 00:33:07,2026-09-16 00:33:16,10,Normal_Workload,3.6400000000000006,0.9547541859324608,127.3,128,0.2222222222222222,,,,,,51.620000000000005,0.33928028399998705,51.3,0.08880000000000002,0.2324,24.2,6.051629716218783,28,13.4,16,53.7,53,-0.2222222222222222,219.7,210,-10.0,329.765,306.64
browsingmain1_20260916_003151,browsingmain1_20260916_003151.csv,2026-09-16 00:33:08,2026-09-16 00:33:17,10,Normal_Workload,3.53,0.9967168326282269,127.4,127,0.1111111111111111,,,,,,51.54,0.3339993346633429,51.2,0.0951,0.2657,25.8,4.3410188256265885,28,14.3,15,53.5,53,-0.1111111111111111,210.7,210,-0.7777777777777778,323.909,306.64
browsingmain1_20260916_003151,browsingmain1_20260916_003151.csv,2026-09-16 00:33:09,2026-09-16 00:33:18,10,Normal_Workload,3.6399999999999997,1.0637460014287037,127.4,126,-0.2222222222222222,,,,,,51.46999999999999,0.29832867780352607,51.3,0.092,0.2765,26.9,1.4491376746189437,25,15.2,16,53.4,53,-0.1111111111111111,210.0,210,0.0,318.053,306.64
browsingmain1_20260916_003151,browsingmain1_20260916_003151.csv,2026-09-16 00:33:10,2026-09-16 00:33:19,10,Normal_Workload,3.7600000000000002,1.1711343029540018,127.3,127,0.0,,,,,,51.4,0.26666666666666633,51.2,0.0686,0.2178,27.1,1.286683937707919,27,15.3,15,53.3,53,-0.1111111111111111,210.0,210,0.0,312.2219999999999,306.64
browsingmain1_20260916_003151,browsingmain1_20260916_003151.csv,2026-09-16 00:33:11,2026-09-16 00:33:20,10,Normal_Workload,3.87,1.2745805410234208,127.3,127,0.0,,,,,,51.33,0.20575065816014543,51.2,0.0717,0.22659999999999997,27.3,1.2516655570345725,28,15.4,16,53.2,53,-0.1111111111111111,210.0,210,0.0,310.828,306.64
browsingmain1_20260916_003151,browsingmain1_20260916_003151.csv,2026-09-16 00:33:12,2026-09-16 00:33:21,10,Normal_Workload,3.650000000000001,1.1664285471281797,127.1,125,-0.5555555555555556,,,,,,51.260000000000005,0.05163977794942929,51.2,0.07170000000000001,0.2266,25.0,7.133644853010899,5,14.1,2,53.1,53,-0.1111111111111111,210.0,210,0.0,310.928,321.58
browsingmain1_20260916_003151,browsingmain1_20260916_003151.csv,2026-09-16 00:33:13,2026-09-16 00:33:22,10,Normal_Workload,3.6300000000000003,1.1576316819745005,127.3,132,0.6666666666666666,,,,,,51.27,0.06749485577105298,51.4,0.0889,0.26599999999999996,23.8,7.568942389058652,16,13.0,4,53.0,53,0.0,210.0,210,0.0,313.31499999999994,344.45
browsingmain1_20260916_003151,browsingmain1_20260916_003151.csv,2026-09-16 00:33:14,2026-09-16 00:33:23,10,Normal_Workload,5.12,4.486721148752913,129.2,145,2.111111111111111,,,,,,51.31,0.15238839267549936,51.7,0.08579999999999999,0.258,22.5,7.877534865397649,15,11.7,2,53.2,55,0.2222222222222222,346.5,1575,151.66666666666666,324.609,433.52
browsingmain1_20260916_003151,browsingmain1_20260916_003151.csv,2026-09-16 00:33:15,2026-09-16 00:33:24,10,Normal_Workload,6.81,6.381997249207249,131.3,147,2.0,,,,,,51.370000000000005,0.24060109910158062,51.9,0.08120000000000001,0.18939999999999999,20.3,9.911273043021938,3,10.2,1,53.4,55,0.2222222222222222,483.0,1575,151.66666666666666,347.597,536.58
browsingmain1_20260916_003151,browsingmain1_20260916_003151.csv,2026-09-16 00:33:16,2026-09-16 00:33:25,10,Normal_Workload,7.01,6.297521558341645,132.1,137,1.0,,,,,,51.419999999999995,0.2740640638812584,51.8,0.0875,0.20470000000000002,17.9,10.712920547948944,4,8.8,1,53.6,55,0.2222222222222222,619.5,1575,151.66666666666666,369.991,530.58
browsingmain1_20260916_003151,browsingmain1_20260916_003151.csv,2026-09-16 00:33:17,2026-09-16 00:33:26,10,Normal_Workload,7.51,6.049141353209653,132.9,136,1.0,,,,,,51.470000000000006,0.29458068127047443,51.8,0.0984,0.2351,16.5,10.146154170149616,14,7.9,7,53.7,54,0.1111111111111111,645.7,472,29.11111111111111,391.541,522.14
browsingmain1_20260916_003151,browsingmain1_20260916_003151.csv,2026-09-16 00:33:18,2026-09-16 00:33:27,10,Normal_Workload,7.9,5.8261860976495115,134.0,138,1.3333333333333333,,,,,,51.52,0.285968141193695,51.7,0.0859,0.20129999999999998,16.5,10.146154170149616,28,7.7,13,53.8,54,0.1111111111111111,662.9,382,19.11111111111111,393.816,329.39
browsingmain1_20260916_003151,browsingmain1_20260916_003151.csv,2026-09-16 00:33:19,2026-09-16 00:33:28,10,Normal_Workload,8.19,5.720421507391061,135.5,141,1.5555555555555556,,,,,,51.56,0.27968235951203907,51.7,0.075,0.1572,17.0,10.718623460542352,30,7.6,15,53.9,54,0.1111111111111111,676.4,345,15.0,396.091,329.39
browsingmain1_20260916_003151,browsingmain1_20260916_003151.csv,2026-09-16 00:33:20,2026-09-16 00:33:29,10,Normal_Workload,8.01,5.851770862074336,136.3,135,0.8888888888888888,,,,,,51.6,0.24944382578492819,51.6,0.075,0.15760000000000002,17.6,11.481385901633226,33,7.7,16,54.0,54,0.1111111111111111,686.9,315,11.666666666666666,396.354,309.27
browsingmain1_20260916_003151,browsingmain1_20260916_003151.csv,2026-09-16 00:33:21,2026-09-16 00:33:30,10,Normal_Workload,8.120000000000001,5.807428193462423,137.0,134,1.0,,,,,,51.64,0.20655911179772793,51.6,0.07189999999999999,0.1491,18.3,12.365273955719703,35,7.9,18,54.1,54,0.1111111111111111,695.9,300,10.0,396.429,307.39
browsingmain1_20260916_003151,browsingmain1_20260916_003151.csv,2026-09-16 00:33:22,2026-09-16 00:33:31,10,Normal_Workload,8.440000000000001,5.590309075136683,137.9,134,0.2222222222222222,,,,,,51.660000000000004,0.16465452046971277,51.4,0.0688,0.14100000000000001,21.2,12.299954832798733,34,9.4,17,54.2,54,0.1111111111111111,702.6,277,7.444444444444445,395.01,307.39
browsingmain1_20260916_003151,browsingmain1_20260916_003151.csv,2026-09-16 00:33:23,2026-09-16 00:33:32,10,Normal_Workload,8.66,5.437360470751308,138.2,135,-1.1111111111111112,,,,,,51.65,0.1840893502864546,51.3,0.0766,0.15750000000000003,23.0,12.762793146051099,34,10.7,17,54.3,54,-0.1111111111111111,707.8,262,-145.88888888888889,391.304,307.39
browsingmain1_20260916_003151,browsingmain1_20260916_003151.csv,2026-09-16 00:33:24,2026-09-16 00:33:33,10,Normal_Workload,7.339999999999999,4.588923863197364,137.1,134,-1.4444444444444444,,,,,,51.6,0.23094010767584983,51.2,0.0766,0.1579,24.7,12.710887721424756,32,12.1,16,54.2,54,-0.1111111111111111,576.5,262,-145.88888888888889,378.691,307.39
browsingmain1_20260916_003151,browsingmain1_20260916_003151.csv,2026-09-16 00:33:25,2026-09-16 00:33:34,10,Normal_Workload,5.92,1.2603350524540864,135.8,134,-0.3333333333333333,,,,,,51.54,0.22211108331943585,51.3,0.0688,0.2131,28.1,10.640071010623526,37,13.9,19,54.1,54,-0.1111111111111111,444.5,255,-146.66666666666666,355.772,307.39
browsingmain1_20260916_003151,browsingmain1_20260916_003151.csv,2026-09-16 00:33:26,2026-09-16 00:33:35,10,Normal_Workload,5.840000000000001,1.3141959941770904,135.4,133,-0.3333333333333333,,,,,,51.480000000000004,0.22509257354845522,51.2,0.056299999999999996,0.1758,31.4,6.736302975503534,37,15.8,20,53.9,53,-0.1111111111111111,311.7,247,-25.0,333.378,306.64
browsingmain1_20260916_003151,browsingmain1_20260916_003151.csv,2026-09-16 00:33:27,2026-09-16 00:33:36,10,Normal_Workload,5.630000000000001,1.2754519896012462,135.3,135,-0.3333333333333333,,,,,,51.42999999999999,0.20027758514399838,51.3,0.0454,0.15750000000000003,33.6,2.9514591494904874,36,16.9,18,53.8,53,-0.1111111111111111,287.7,232,-16.666666666666668,311.90299999999996,307.39
browsingmain1_20260916_003151,browsingmain1_20260916_003151.csv,2026-09-16 00:33:28,2026-09-16 00:33:37,10,Normal_Workload,5.4399999999999995,1.2562731479348836,134.8,133,-0.8888888888888888,,,,,,51.39,0.17919573407620903,51.3,0.0454,0.1578,34.4,2.2705848487901865,36,17.4,18,53.8,54,0.0,272.0,225,-13.333333333333334,309.703,307.39
browsingmain1_20260916_003151,browsingmain1_20260916_003151.csv,2026-09-16 00:33:29,2026-09-16 00:33:38,10,Normal_Workload,5.0600000000000005,1.0946333734279357,134.0,133,-0.2222222222222222,,,,,,51.35,0.14337208778404414,51.3,0.0438,0.1528,35.1,1.7919573407620817,37,17.8,19,53.7,53,-0.1111111111111111,259.2,217,-10.88888888888889,307.503,307.39
browsingmain1_20260916_003151,browsingmain1_20260916_003151.csv,2026-09-16 00:33:30,2026-09-16 00:33:39,10,Normal_Workload,5.04,1.1296016997154352,133.9,134,0.0,,,,,,51.32000000000001,0.11352924243950929,51.3,0.0438,0.1525,35.5,1.7159383568311668,37,17.9,17,53.6,53,-0.1111111111111111,248.7,210,-10.0,307.31499999999994,307.39
browsingmain1_20260916_003151,browsingmain1_20260916_003151.csv,2026-09-16 00:33:31,2026-09-16 00:33:40,10,Normal_Workload,5.200000000000001,1.4321700705960556,134.4,139,0.5555555555555556,,,,,,51.29,0.056764621219752974,51.3,0.0438,0.1522,35.6,1.7126976771553504,36,17.8,17,53.5,53,-0.1111111111111111,239.7,210,-7.444444444444445,307.31499999999994,307.39
browsingmain1_20260916_003151,browsingmain1_20260916_003151.csv,2026-09-16 00:33:32,2026-09-16 00:33:41,10,Normal_Workload,5.180000000000001,1.4148419621207795,134.5,135,0.0,,,,,,51.279999999999994,0.04216370213557599,51.3,0.21880000000000002,0.6118,35.9,1.66332999331662,37,17.9,18,53.4,53,-0.1111111111111111,233.7,217,-5.0,307.31499999999994,307.39
browsingmain1_20260916_003151,browsingmain1_20260916_003151.csv,2026-09-16 00:33:33,2026-09-16 00:33:42,10,Normal_Workload,5.230000000000001,1.4629118603357862,134.4,134,0.0,,,,,,51.279999999999994,0.04216370213557599,51.3,0.1938,0.5559000000000001,36.3,1.636391694484477,38,18.1,19,53.3,53,-0.1111111111111111,228.5,210,-5.777777777777778,307.31499999999994,307.39
browsingmain1_20260916_003151,browsingmain1_20260916_003151.csv,2026-09-16 00:33:34,2026-09-16 00:33:43,10,Normal_Workload,5.45,1.4729034063523798,134.4,134,0.0,,,,,,51.29,0.031622776601681994,51.3,0.1938,0.5558000000000001,36.9,0.7378647873726218,38,18.3,18,53.2,53,-0.1111111111111111,224.0,217,-4.222222222222222,307.31499999999994,307.39
browsingmain1_20260916_003151,browsingmain1_20260916_003151.csv,2026-09-16 00:33:35,2026-09-16 00:33:44,10,Normal_Workload,5.32,1.5053976957011133,134.3,133,0.0,,,,,,51.29,0.031622776601681994,51.3,0.1891,0.5224,36.8,0.7888106377466155,36,18.3,19,53.1,53,0.0,221.0,225,-2.4444444444444446,307.31499999999994,307.39
browsingmain1_20260916_003151,browsingmain1_20260916_003151.csv,2026-09-16 00:33:36,2026-09-16 00:33:45,10,Normal_Workload,5.42,1.4927975229227985,134.5,135,0.0,,,,,,51.3,0.0,51.3,0.1891,0.5295000000000001,36.8,0.7888106377466155,37,18.1,18,53.1,53,0.0,218.0,217,-1.6666666666666667,307.39,307.39
browsingmain1_20260916_003151,browsingmain1_20260916_003151.csv,2026-09-16 00:33:37,2026-09-16 00:33:46,10,Normal_Workload,5.2700000000000005,1.6207337158761699,134.0,130,-0.3333333333333333,,,,,,51.3,0.0,51.3,0.1953,0.533,35.6,4.141926551202418,24,17.8,15,53.1,53,-0.1111111111111111,215.8,210,-1.6666666666666667,307.31499999999994,306.64
browsingmain1_20260916_003151,browsingmain1_20260916_003151.csv,2026-09-16 00:33:38,2026-09-16 00:33:47,10,Normal_Workload,5.17,1.68921414996573,134.0,133,0.0,,,,,,51.3,0.0,51.3,0.1953,0.5329,35.9,4.280446497997869,39,17.9,19,53.0,53,0.0,214.3,210,-0.7777777777777778,307.33399999999995,307.58
browsingmain1_20260916_003151,browsingmain1_20260916_003151.csv,2026-09-16 00:33:39,2026-09-16 00:33:48,10,Normal_Workload,6.110000000000001,2.9711389510870516,135.3,146,1.3333333333333333,,,,,,51.379999999999995,0.2529822128134717,52.1,0.19690000000000002,0.5456,33.4,8.64355893779357,12,16.1,1,53.2,55,0.2222222222222222,350.1,1575,151.66666666666666,317.822,412.27
browsingmain1_20260916_003151,browsingmain1_20260916_003151.csv,2026-09-16 00:33:40,2026-09-16 00:33:49,10,Normal_Workload,6.74,2.9534161011727864,136.1,142,0.3333333333333333,,,,,,51.46,0.3373096170846289,52.1,0.22810000000000002,0.5455,30.0,12.771496040445344,3,14.5,1,53.4,55,0.2222222222222222,486.6,1575,151.66666666666666,331.60299999999995,445.2
browsingmain1_20260916_003151,browsingmain1_20260916_003151.csv,2026-09-16 00:33:41,2026-09-16 00:33:50,10,Normal_Workload,6.31,3.0450141397226895,135.0,128,-0.7777777777777778,,,,,,51.54,0.3864367132317204,52.1,0.22810000000000002,0.5534000000000001,27.3,14.142528455375691,9,13.4,6,53.5,54,0.1111111111111111,510.6,450,25.88888888888889,344.54099999999994,436.77
browsingmain1_20260916_003151,browsingmain1_20260916_003151.csv,2026-09-16 00:33:42,2026-09-16 00:33:51,10,Normal_Workload,6.039999999999999,3.1728711147966773,134.5,130,-0.4444444444444444,,,,,,51.620000000000005,0.41311822359546,52.1,0.075,0.15630000000000002,25.6,13.86602562620835,20,12.8,12,53.5,53,0.0,522.6,337,14.11111111111111,357.504,437.02
browsingmain1_20260916_003151,browsingmain1_20260916_003151.csv,2026-09-16 00:33:43,2026-09-16 00:33:52,10,Normal_Workload,5.930000000000001,3.1665087679931943,134.7,136,0.2222222222222222,,,,,,51.71,0.43320510923426186,52.2,0.08120000000000001,0.1778,25.7,13.968615615808972,39,12.8,19,53.5,53,0.0,533.8,322,11.666666666666666,371.31,445.45
browsingmain1_20260916_003151,browsingmain1_20260916_003151.csv,2026-09-16 00:33:44,2026-09-16 00:33:53,10,Normal_Workload,6.03,3.202100005378415,134.8,135,0.2222222222222222,,,,,,51.79,0.4228212125447111,52.1,0.08120000000000001,0.17750000000000002,25.4,13.704824778968254,35,12.7,17,53.6,54,0.1111111111111111,544.3,322,10.777777777777779,377.96,373.89
browsingmain1_20260916_003151,browsingmain1_20260916_003151.csv,2026-09-16 00:33:45,2026-09-16 00:33:54,10,Normal_Workload,6.29,3.1603269873015774,135.0,135,0.0,,,,,,51.88000000000001,0.40221608343995846,52.2,0.0687,0.14279999999999998,25.0,13.416407864998739,32,12.4,16,53.6,53,0.0,554.0,322,11.666666666666666,379.823,326.02
browsingmain1_20260916_003151,browsingmain1_20260916_003151.csv,2026-09-16 00:33:46,2026-09-16 00:33:55,10,Normal_Workload,6.869999999999999,3.5484112250727398,135.8,143,1.4444444444444444,,,,,,51.95,0.3472111109333296,52.0,0.06870000000000001,0.12969999999999998,29.2,21.642550681470055,79,13.6,30,53.7,54,0.1111111111111111,689.8,1575,151.66666666666666,384.948,358.64
browsingmain1_20260916_003151,browsingmain1_20260916_003151.csv,2026-09-16 00:33:47,2026-09-16 00:33:56,10,Normal_Workload,7.6,3.505868096650402,136.9,141,0.8888888888888888,,,,,,52.010000000000005,0.26436506745197963,51.9,0.0813,0.15519999999999998,27.8,22.45390339735561,10,12.2,1,53.9,55,0.2222222222222222,826.3,1575,151.66666666666666,389.26099999999997,349.77
browsingmain1_20260916_003151,browsingmain1_20260916_003151.csv,2026-09-16 00:33:48,2026-09-16 00:33:57,10,Normal_Workload,7.9399999999999995,3.2404389277448886,137.5,139,-0.7777777777777778,,,,,,52.05999999999999,0.12649110640673697,51.8,0.0813,0.1573,26.0,22.176063171306527,21,11.1,8,54.1,55,0.0,881.8,765,-90.0,393.48,349.77
browsingmain1_20260916_003151,browsingmain1_20260916_003151.csv,2026-09-16 00:33:49,2026-09-16 00:33:58,10,Normal_Workload,7.360000000000001,2.661745459071714,136.5,136,-0.6666666666666666,,,,,,52.03000000000001,0.14944341180973475,51.8,0.0859,0.1835,26.2,22.04439964153153,14,11.7,7,54.0,54,-0.1111111111111111,783.5,592,-109.22222222222223,387.23,349.77
browsingmain1_20260916_003151,browsingmain1_20260916_003151.csv,2026-09-16 00:33:50,2026-09-16 00:33:59,10,Normal_Workload,7.35,2.652985739376172,136.3,140,1.3333333333333333,,,,,,52.0,0.16329931618554755,51.8,0.054700000000000006,0.209,28.3,20.537499577331438,24,12.5,9,53.9,54,0.0,676.2,502,5.777777777777778,377.799,350.89
browsingmain1_20260916_003151,browsingmain1_20260916_003151.csv,2026-09-16 00:33:51,2026-09-16 00:34:00,10,Normal_Workload,7.779999999999999,2.3441653335699493,137.4,139,1.0,,,,,,51.980000000000004,0.16193277068655054,51.9,0.054700000000000006,0.2021,29.3,19.720547659738052,19,12.8,9,53.9,54,0.1111111111111111,676.9,457,13.333333333333334,370.03599999999994,359.14
browsingmain1_20260916_003151,browsingmain1_20260916_003151.csv,2026-09-16 00:33:52,2026-09-16 00:34:01,10,Normal_Workload,8.27,1.7987958935539816,138.6,142,0.6666666666666666,,,,,,51.96999999999999,0.15670212364724434,52.0,0.0469,0.1697,27.9,20.914906964491458,6,11.7,1,54.1,55,0.2222222222222222,800.7,1575,139.22222222222223,365.9789999999999,396.45
browsingmain1_20260916_003151,browsingmain1_20260916_003151.csv,2026-09-16 00:33:53,2026-09-16 00:34:02,10,Normal_Workload,8.59,1.536554587380481,139.1,141,0.6666666666666666,,,,,,51.95,0.13540064007726793,52.0,0.0407,0.1487,24.3,21.868546667150365,3,9.9,1,54.3,55,0.1111111111111111,926.0,1575,139.22222222222223,358.58599999999996,371.52
browsingmain1_20260916_003151,browsingmain1_20260916_003151.csv,2026-09-16 00:33:54,2026-09-16 00:34:03,10,Normal_Workload,8.37,1.837903394873868,139.7,141,0.6666666666666666,,,,,,51.94,0.12649110640673697,52.0,0.0454,0.1669,21.2,22.37458876096323,4,8.3,1,54.5,56,0.3333333333333333,1051.3,1575,139.22222222222223,357.467,362.7
browsingmain1_20260916_003151,browsingmain1_20260916_003151.csv,2026-09-16 00:33:55,2026-09-16 00:34:04,10,Normal_Workload,8.09,2.2392707146152144,139.4,132,-1.2222222222222223,,,,,,51.92,0.09189365834726944,52.0,0.0438,0.158,18.3,22.69630415336872,3,6.8,1,54.7,55,0.1111111111111111,1176.6,1575,0.0,361.042,361.77
browsingmain1_20260916_003151,browsingmain1_20260916_003151.csv,2026-09-16 00:33:56,2026-09-16 00:34:05,10,Normal_Workload,7.649999999999999,1.9016075071136818,138.3,132,-1.0,,,,,,51.910000000000004,0.08755950357709255,51.9,0.0438,0.1593,11.9,7.837941906733765,15,4.5,7,54.8,55,0.0,1061.1,420,-128.33333333333334,361.35499999999996,361.77
browsingmain1_20260916_003151,browsingmain1_20260916_003151.csv,2026-09-16 00:33:57,2026-09-16 00:34:06,10,Normal_Workload,7.3,1.571269833252357,137.7,135,-0.4444444444444444,,,,,,51.90999999999999,0.08755950357709257,51.9,0.0359,0.1475,14.4,10.647900158142816,35,6.0,16,54.7,54,-0.1111111111111111,940.3,367,-44.22222222222222,360.505,341.27
browsingmain1_20260916_003151,browsingmain1_20260916_003151.csv,2026-09-16 00:33:58,2026-09-16 00:34:07,10,Normal_Workload,7.340000000000001,1.5707040176656808,137.2,134,-0.2222222222222222,,,,,,51.919999999999995,0.07888106377466267,51.9,0.0359,0.1456,15.7,12.220656465364062,34,7.0,18,54.6,54,0.0,896.8,330,-29.11111111111111,360.448,349.2
browsingmain1_20260916_003151,browsingmain1_20260916_003151.csv,2026-09-16 00:33:59,2026-09-16 00:34:08,10,Normal_Workload,7.2,1.6261747890200624,137.1,135,-0.5555555555555556,,,,,,51.910000000000004,0.09944289260117507,51.7,0.029699999999999997,0.10670000000000002,18.5,14.736575812130397,42,8.4,21,54.6,54,0.0,870.6,330,-19.11111111111111,357.854,323.83
browsingmain1_20260916_003151,browsingmain1_20260916_003151.csv,2026-09-16 00:34:00,2026-09-16 00:34:09,10,Normal_Workload,6.909999999999999,1.4379383389654323,136.8,137,-0.2222222222222222,,,,,,51.89,0.13703203194062896,51.6,0.029699999999999997,0.08120000000000001,19.2,15.186251091767918,31,9.0,15,54.6,54,0.0,853.4,330,-14.11111111111111,355.05999999999995,322.95
browsingmain1_20260916_003151,browsingmain1_20260916_003151.csv,2026-09-16 00:34:01,2026-09-16 00:34:10,10,Normal_Workload,6.840000000000001,1.3898041428760946,137.0,141,-0.1111111111111111,,,,,,51.86,0.164654520469712,51.6,0.0428,0.11509999999999998,20.8,15.984714921171134,35,9.9,18,54.6,54,-0.1111111111111111,839.2,315,-140.0,351.041,318.95
browsingmain1_20260916_003151,browsingmain1_20260916_003151.csv,2026-09-16 00:34:02,2026-09-16 00:34:11,10,Normal_Workload,6.4799999999999995,1.4069667926271592,136.3,135,-0.6666666666666666,,,,,,51.81,0.19119507199599906,51.5,0.028700000000000003,0.0851,24.3,16.214191315017842,41,11.8,20,54.5,54,-0.1111111111111111,716.9,352,-135.88888888888889,343.291,318.95
browsingmain1_20260916_003151,browsingmain1_20260916_003151.csv,2026-09-16 00:34:03,2026-09-16 00:34:12,10,Normal_Workload,5.88,1.576775894736542,135.8,136,-0.5555555555555556,,,,,,51.760000000000005,0.2011080417199774,51.5,0.0381,0.1049,27.7,14.750141242261602,37,13.6,19,54.4,54,-0.2222222222222222,594.6,352,-135.88888888888889,338.03399999999993,318.95
browsingmain1_20260916_003151,browsingmain1_20260916_003151.csv,2026-09-16 00:34:04,2026-09-16 00:34:13,10,Normal_Workload,5.87,1.5811739661122401,135.3,136,0.4444444444444444,,,,,,51.71,0.19692073983655842,51.5,0.0334,0.0868,30.9,12.305825178887165,36,15.2,17,54.2,54,-0.1111111111111111,468.6,315,-140.0,333.6529999999999,318.89
browsingmain1_20260916_003151,browsingmain1_20260916_003151.csv,2026-09-16 00:34:05,2026-09-16 00:34:14,10,Normal_Workload,5.71,1.8302701682781395,135.6,135,0.3333333333333333,,,,,,51.65999999999999,0.17763883459298901,51.5,0.0412,0.12309999999999999,34.7,7.761013679496599,41,17.0,19,54.1,54,-0.1111111111111111,341.8,307,-12.555555555555555,329.359,318.83
browsingmain1_20260916_003151,browsingmain1_20260916_003151.csv,2026-09-16 00:34:06,2026-09-16 00:34:15,10,Normal_Workload,5.39,1.839957728983045,135.9,135,0.0,,,,,,51.620000000000005,0.16193277068654782,51.5,0.0412,0.12159999999999997,37.0,3.5276684147527875,38,18.2,19,54.0,54,0.0,330.5,307,-6.666666666666667,325.06499999999994,318.83
browsingmain1_20260916_003151,browsingmain1_20260916_003151.csv,2026-09-16 00:34:07,2026-09-16 00:34:16,10,Normal_Workload,5.159999999999999,1.728968864188518,136.0,136,0.2222222222222222,,,,,,51.57000000000001,0.14181364924121784,51.4,0.0303,0.09230000000000001,37.6,3.6575644598253874,41,18.6,20,54.0,54,0.0,324.5,307,-2.5555555555555554,322.82099999999997,318.83
browsingmain1_20260916_003151,browsingmain1_20260916_003151.csv,2026-09-16 00:34:08,2026-09-16 00:34:17,10,Normal_Workload,5.05,1.5932147794109033,136.0,134,-0.1111111111111111,,,,,,51.519999999999996,0.09189365834726945,51.4,0.0428,0.11600000000000002,38.2,3.4896672875473067,40,18.9,21,54.0,54,0.0,322.2,307,-2.5555555555555554,319.784,318.83
browsingmain1_20260916_003151,browsingmain1_20260916_003151.csv,2026-09-16 00:34:09,2026-09-16 00:34:18,10,Normal_Workload,5.61,2.6185025406815163,136.6,141,0.4444444444444444,,,,,,51.489999999999995,0.07378647873726324,51.4,0.0428,0.1345,37.6,3.2727833889689535,36,18.7,19,54.0,54,0.0,320.7,315,-1.6666666666666667,319.284,318.83
browsingmain1_20260916_003151,browsingmain1_20260916_003151.csv,2026-09-16 00:34:10,2026-09-16 00:34:19,10,Normal_Workload,5.61,2.6185025406815163,136.4,135,-0.6666666666666666,,,,,,51.46999999999999,0.06749485577105625,51.4,0.042800000000000005,0.15009999999999998,37.9,2.6853512081497106,34,18.9,17,54.0,54,0.0,319.2,315,0.0,318.0279999999999,310.39
browsingmain1_20260916_003151,browsingmain1_20260916_003151.csv,2026-09-16 00:34:11,2026-09-16 00:34:20,10,Normal_Workload,5.32,2.5581243128511173,135.7,134,-0.1111111111111111,,,,,,51.459999999999994,0.05163977794943296,51.5,0.029699999999999997,0.1157,38.3,2.496664441476534,39,19.2,21,54.0,54,0.0,320.7,330,-2.4444444444444446,318.01599999999996,318.83
browsingmain1_20260916_003151,browsingmain1_20260916_003151.csv,2026-09-16 00:34:12,2026-09-16 00:34:21,10,Normal_Workload,5.28,2.5702572288045844,135.8,136,0.0,,,,,,51.45,0.05270462766947374,51.4,0.0516,0.1588,36.9,4.175324338699131,27,18.7,15,54.0,54,0.0,320.0,345,-0.7777777777777778,318.004,318.83
browsingmain1_20260916_003151,browsingmain1_20260916_003151.csv,2026-09-16 00:34:13,2026-09-16 00:34:22,10,Normal_Workload,5.59,2.420491226544269,135.9,137,0.1111111111111111,,,,,,51.44,0.05163977794943296,51.4,0.0422,0.1392,36.4,4.4522154285504,32,18.4,16,54.0,54,0.0,319.3,345,3.3333333333333335,317.148,310.39
browsingmain1_20260916_003151,browsingmain1_20260916_003151.csv,2026-09-16 00:34:14,2026-09-16 00:34:23,10,Normal_Workload,5.43,2.5006887940014533,135.8,135,0.0,,,,,,51.42999999999999,0.04830458915396548,51.4,0.05,0.15709999999999996,36.7,4.522781838156198,39,18.6,19,54.0,54,0.0,320.8,330,2.5555555555555554,317.14199999999994,318.83
browsingmain1_20260916_003151,browsingmain1_20260916_003151.csv,2026-09-16 00:34:15,2026-09-16 00:34:24,10,Normal_Workload,5.5,2.42120263964465,135.9,136,0.1111111111111111,,,,,,51.419999999999995,0.04216370213557899,51.4,0.0422,0.121,37.0,4.9216076867444665,44,18.9,22,54.0,54,0.0,326.1,360,5.888888888888889,316.298,310.39
browsingmain1_20260916_003151,browsingmain1_20260916_003151.csv,2026-09-16 00:34:16,2026-09-16 00:34:25,10,Normal_Workload,5.779999999999999,2.377113095051783,136.0,136,0.0,,,,,,51.40999999999999,0.031622776601684235,51.4,0.0422,0.12109999999999999,37.0,4.9216076867444665,38,19.0,20,54.0,54,0.0,332.1,367,6.666666666666667,315.454,310.39
browsingmain1_20260916_003151,browsingmain1_20260916_003151.csv,2026-09-16 00:34:17,2026-09-16 00:34:26,10,Normal_Workload,6.12,2.4782610390711017,136.5,141,0.7777777777777778,,,,,,51.39999999999999,0.04714045207910384,51.3,0.0422,0.1213,36.6,4.718756898449704,37,18.9,19,54.0,54,0.0,338.1,367,6.666666666666667,315.454,318.83
browsingmain1_20260916_003151,browsingmain1_20260916_003151.csv,2026-09-16 00:34:18,2026-09-16 00:34:27,10,Normal_Workload,6.14,2.4815765598147927,136.8,137,-0.4444444444444444,,,,,,51.39,0.05676462121975548,51.3,0.0469,0.1386,36.3,4.571651780264984,37,18.5,17,53.9,53,-0.1111111111111111,344.1,367,5.777777777777778,315.454,318.83
browsingmain1_20260916_003151,browsingmain1_20260916_003151.csv,2026-09-16 00:34:19,2026-09-16 00:34:28,10,Normal_Workload,5.700000000000001,1.6599866130651644,136.3,136,0.1111111111111111,,,,,,51.379999999999995,0.06324555320336848,51.3,0.0469,0.12039999999999998,36.6,4.6475800154489,39,18.6,20,53.9,54,0.0,345.6,330,1.6666666666666667,315.454,318.83
browsingmain1_20260916_003151,browsingmain1_20260916_003151.csv,2026-09-16 00:34:20,2026-09-16 00:34:29,10,Normal_Workload,5.79,1.731056196533075,136.5,137,0.3333333333333333,,,,,,51.36999999999999,0.06749485577105625,51.3,0.056299999999999996,0.1255,37.2,4.661902329879224,40,18.8,19,53.8,53,-0.1111111111111111,346.3,322,-0.8888888888888888,316.298,318.83
browsingmain1_20260916_003151,browsingmain1_20260916_003151.csv,2026-09-16 00:34:21,2026-09-16 00:34:30,10,Normal_Workload,5.89,1.6762723194304945,136.4,133,-0.3333333333333333,,,,,,51.35,0.05270462766947374,51.3,0.07819999999999999,0.20190000000000002,36.9,4.629614814791111,36,18.6,19,53.8,54,0.0,343.3,300,-5.0,316.298,318.83
browsingmain1_20260916_003151,browsingmain1_20260916_003151.csv,2026-09-16 00:34:22,2026-09-16 00:34:31,10,Normal_Workload,6.08,1.59429538598648,136.5,137,0.0,,,,,,51.339999999999996,0.05163977794943296,51.3,0.0563,0.1587,37.9,3.0713731999438516,37,19.0,19,53.7,53,-0.1111111111111111,337.3,285,-6.666666666666667,316.29799999999994,318.83
browsingmain1_20260916_003151,browsingmain1_20260916_003151.csv,2026-09-16 00:34:23,2026-09-16 00:34:32,10,Normal_Workload,6.0,1.6241236953439782,136.3,135,0.0,,,,,,51.33,0.04830458915396548,51.3,0.06409999999999999,0.1787,38.9,2.514402955419481,42,19.5,21,53.6,53,-0.1111111111111111,331.3,285,-5.0,316.298,310.39
browsingmain1_20260916_003151,browsingmain1_20260916_003151.csv,2026-09-16 00:34:24,2026-09-16 00:34:33,10,Normal_Workload,6.369999999999999,1.4259889355967825,136.9,141,0.5555555555555556,,,,,,51.31999999999999,0.04216370213557899,51.3,0.056299999999999996,0.16099999999999998,39.2,2.699794230842212,42,19.7,21,53.5,53,-0.1111111111111111,332.0,337,-2.5555555555555554,316.098,316.83
browsingmain1_20260916_003151,browsingmain1_20260916_003151.csv,2026-09-16 00:34:25,2026-09-16 00:34:34,10,Normal_Workload,6.4399999999999995,1.2668420931153532,136.8,135,-0.1111111111111111,,,,,,51.31,0.03162277660168424,51.3,0.05789999999999999,0.17099999999999999,37.8,3.457680661303984,30,19.0,15,53.4,53,-0.1111111111111111,331.2,352,-1.6666666666666667,315.748,306.89
browsingmain1_20260916_003151,browsingmain1_20260916_003151.csv,2026-09-16 00:34:26,2026-09-16 00:34:35,10,Normal_Workload,6.26,1.3508844839174403,136.8,136,-0.5555555555555556,,,,,,51.3,0.0,51.3,0.05789999999999999,0.1774,37.7,3.465704994818675,37,18.8,18,53.4,54,0.0,329.7,352,-1.6666666666666667,316.24199999999996,315.33
browsingmain1_20260916_003151,browsingmain1_20260916_003151.csv,2026-09-16 00:34:27,2026-09-16 00:34:36,10,Normal_Workload,6.090000000000001,1.1589746426139884,136.4,137,0.0,,,,,,51.3,0.0,51.3,0.05789999999999999,0.1776,36.2,6.0699624747146865,22,18.2,13,53.3,53,0.0,323.7,307,-6.666666666666667,315.892,315.33
browsingmain1_20260916_003151,browsingmain1_20260916_003151.csv,2026-09-16 00:34:28,2026-09-16 00:34:37,10,Normal_Workload,5.87,1.2561404733901733,136.1,134,-0.2222222222222222,,,,,,51.3,0.0,51.3,0.05789999999999999,0.1754,36.6,6.2574400161372346,41,18.4,19,53.3,53,-0.1111111111111111,316.2,292,-4.222222222222222,314.723,307.14
browsingmain1_20260916_003151,browsingmain1_20260916_003151.csv,2026-09-16 00:34:29,2026-09-16 00:34:38,10,Normal_Workload,5.489999999999999,1.377961457290362,136.2,137,0.0,,,,,,51.3,0.0,51.3,0.0641,0.181,36.2,6.214677966091423,35,18.2,18,53.2,53,0.0,313.2,300,-2.4444444444444446,313.554,307.14
browsingmain1_20260916_003151,browsingmain1_20260916_003151.csv,2026-09-16 00:34:30,2026-09-16 00:34:39,10,Normal_Workload,5.01,1.4715449175762336,136.1,136,0.3333333333333333,,,,,,51.3,0.0,51.3,0.05469999999999999,0.1619,36.3,6.290204024248075,41,18.3,20,53.2,53,-0.1111111111111111,311.0,300,0.0,313.229,315.58
browsingmain1_20260916_003151,browsingmain1_20260916_003151.csv,2026-09-16 00:34:31,2026-09-16 00:34:40,10,Normal_Workload,5.390000000000001,2.005797153807489,136.8,140,0.3333333333333333,,,,,,51.31,0.03162277660168424,51.4,0.042199999999999994,0.1197,37.0,6.6332495807108,43,18.7,23,53.1,53,0.0,314.7,337,5.777777777777778,312.904,315.58
browsingmain1_20260916_003151,browsingmain1_20260916_003151.csv,2026-09-16 00:34:32,2026-09-16 00:34:41,10,Normal_Workload,5.949999999999999,2.8795254238618324,137.1,140,0.5555555555555556,,,,,,51.31999999999999,0.04216370213557899,51.4,0.056299999999999996,0.1655,37.2,6.663332499583073,39,18.7,19,53.1,53,0.0,320.7,345,6.666666666666667,312.579,315.58
browsingmain1_20260916_003151,browsingmain1_20260916_003151.csv,2026-09-16 00:34:33,2026-09-16 00:34:42,10,Normal_Workload,6.14,2.87989197328264,137.1,135,-0.6666666666666666,,,,,,51.33,0.04830458915396548,51.4,0.0485,0.14479999999999998,36.3,6.549809157525126,33,18.3,17,53.1,53,0.0,325.2,330,-0.7777777777777778,313.098,315.58
browsingmain1_20260916_003151,browsingmain1_20260916_003151.csv,2026-09-16 00:34:34,2026-09-16 00:34:43,10,Normal_Workload,5.99,2.8516856613433244,136.3,133,-0.2222222222222222,,,,,,51.33,0.04830458915396548,51.3,0.053200000000000004,0.15689999999999998,35.4,6.292853089020909,33,17.8,16,53.1,53,0.0,326.0,345,-0.7777777777777778,312.129,307.14
browsingmain1_20260916_003151,browsingmain1_20260916_003151.csv,2026-09-16 00:34:35,2026-09-16 00:34:44,10,Normal_Workload,6.159999999999999,2.7693561225189756,136.3,135,-0.1111111111111111,,,,,,51.33,0.04830458915396548,51.3,0.0563,0.1691,35.8,6.0332412515993425,34,18.0,17,53.1,53,-0.1111111111111111,325.3,345,-0.7777777777777778,312.154,307.14
browsingmain1_20260916_003151,browsingmain1_20260916_003151.csv,2026-09-16 00:34:36,2026-09-16 00:34:45,10,Normal_Workload,6.24,2.740316283448561,136.3,136,-0.1111111111111111,,,,,,51.33,0.04830458915396548,51.3,0.0688,0.18919999999999998,35.6,6.022181221672649,35,18.0,18,53.0,53,0.0,320.8,307,0.0,311.335,307.14
browsingmain1_20260916_003151,browsingmain1_20260916_003151.csv,2026-09-16 00:34:37,2026-09-16 00:34:46,10,Normal_Workload,6.19,2.7375780049769056,136.2,136,0.2222222222222222,,,,,,51.339999999999996,0.05163977794943296,51.4,0.0688,0.1888,36.9,3.725288952252936,35,18.6,19,53.0,53,0.0,319.3,292,0.0,311.36,315.58
browsingmain1_20260916_003151,browsingmain1_20260916_003151.csv,2026-09-16 00:34:38,2026-09-16 00:34:47,10,Normal_Workload,6.250000000000001,2.7003086243366083,136.2,134,-0.3333333333333333,,,,,,51.34999999999999,0.05270462766947374,51.4,0.0641,0.1935,36.4,3.438345855527367,36,18.5,18,53.0,53,0.0,317.8,277,-2.5555555555555554,312.204,315.58
browsingmain1_20260916_003151,browsingmain1_20260916_003151.csv,2026-09-16 00:34:39,2026-09-16 00:34:48,10,Normal_Workload,6.199999999999999,2.7628487713469467,136.0,135,-0.1111111111111111,,,,,,51.35999999999999,0.05163977794943296,51.4,0.05789999999999999,0.1947,36.8,3.4896672875473067,39,18.7,20,53.0,53,0.0,317.0,292,-0.8888888888888888,313.04799999999994,315.58
browsingmain1_20260916_003151,browsingmain1_20260916_003151.csv,2026-09-16 00:34:40,2026-09-16 00:34:49,10,Normal_Workload,6.5,2.4765567494675618,136.0,136,-0.4444444444444444,,,,,,51.35999999999999,0.05163977794943296,51.3,0.05789999999999999,0.1931,35.4,4.3256341860022225,27,18.0,13,53.0,53,0.0,319.2,322,-1.6666666666666667,313.048,315.58
browsingmain1_20260916_003151,browsingmain1_20260916_003151.csv,2026-09-16 00:34:41,2026-09-16 00:34:50,10,Normal_Workload,6.0200000000000005,2.3346662859318172,135.5,135,-0.5555555555555556,,,,,,51.35,0.05270462766947374,51.3,0.0485,0.1584,35.0,3.681787005729087,39,17.6,19,53.0,53,0.0,317.7,322,-2.5555555555555554,312.204,307.14
browsingmain1_20260916_003151,browsingmain1_20260916_003151.csv,2026-09-16 00:34:42,2026-09-16 00:34:51,10,Normal_Workload,5.550000000000001,1.2322066926183015,135.5,140,0.5555555555555556,,,,,,51.339999999999996,0.05163977794943296,51.3,0.0469,0.14699999999999996,34.0,3.8297084310253524,29,17.2,15,53.0,53,0.0,312.4,292,-4.222222222222222,311.35999999999996,307.14
browsingmain1_20260916_003151,browsingmain1_20260916_003151.csv,2026-09-16 00:34:43,2026-09-16 00:34:52,10,Normal_Workload,5.37,1.123536084571089,135.5,135,0.2222222222222222,,,,,,51.339999999999996,0.05163977794943296,51.4,0.061,0.18219999999999997,34.7,4.24394994210713,40,17.4,19,53.0,53,0.0,308.6,292,-5.888888888888889,311.36,315.58
browsingmain1_20260916_003151,browsingmain1_20260916_003151.csv,2026-09-16 00:34:44,2026-09-16 00:34:53,10,Normal_Workload,5.610000000000001,1.437938338965432,135.6,134,-0.1111111111111111,,,,,,51.33999999999999,0.05163977794943296,51.3,0.0625,0.1948,35.1,4.254409477236529,37,17.6,18,53.0,53,0.0,303.3,292,-5.888888888888889,311.36,307.14
browsingmain1_20260916_003151,browsingmain1_20260916_003151.csv,2026-09-16 00:34:45,2026-09-16 00:34:54,10,Normal_Workload,5.65,1.4462595433277758,135.6,135,-0.1111111111111111,,,,,,51.35,0.05270462766947374,51.4,0.0656,0.20070000000000002,35.5,4.32691832858239,38,17.9,20,53.0,53,0.0,297.3,285,-2.4444444444444446,312.204,315.58
browsingmain1_20260916_003151,browsingmain1_20260916_003151.csv,2026-09-16 00:34:46,2026-09-16 00:34:55,10,Normal_Workload,5.890000000000001,1.641442455078256,135.7,137,0.1111111111111111,,,,,,51.35999999999999,0.05163977794943296,51.4,0.053099999999999994,0.175,35.6,4.3256341860022225,36,17.9,18,53.0,53,0.0,295.8,292,0.0,313.04799999999994,315.58
browsingmain1_20260916_003151,browsingmain1_20260916_003151.csv,2026-09-16 00:34:47,2026-09-16 00:34:56,10,Normal_Workload,5.87,1.6398170629676956,135.8,137,0.3333333333333333,,,,,,51.35999999999999,0.05163977794943296,51.4,0.0531,0.176,36.2,4.638007234913623,41,18.0,20,53.0,53,0.0,297.3,307,3.3333333333333335,313.048,315.58
browsingmain1_20260916_003151,browsingmain1_20260916_003151.csv,2026-09-16 00:34:48,2026-09-16 00:34:57,10,Normal_Workload,5.799999999999999,1.6950909513454826,135.9,135,0.0,,,,,,51.35999999999999,0.05163977794943296,51.4,0.0406,0.1321,36.2,4.638007234913623,36,18.0,18,53.0,53,0.0,303.3,337,5.0,313.048,315.58
browsingmain1_20260916_003151,browsingmain1_20260916_003151.csv,2026-09-16 00:34:49,2026-09-16 00:34:58,10,Normal_Workload,5.989999999999999,1.4177055014666793,135.7,133,-0.3333333333333333,,,,,,51.35999999999999,0.05163977794943296,51.4,0.0531,0.1522,36.0,4.546060565661952,37,17.8,18,53.0,53,0.0,308.6,345,2.5555555555555554,313.048,315.58
browsingmain1_20260916_003151,browsingmain1_20260916_003151.csv,2026-09-16 00:34:50,2026-09-16 00:34:59,10,Normal_Workload,6.35,1.7302857824327424,136.0,139,0.4444444444444444,,,,,,51.419999999999995,0.17511900715418294,51.9,0.053099999999999994,0.15289999999999998,36.6,3.5023801430836525,33,17.8,13,53.0,53,0.0,331.9,555,25.88888888888889,317.61699999999996,361.27
browsingmain1_20260916_003151,browsingmain1_20260916_003151.csv,2026-09-16 00:34:51,2026-09-16 00:35:00,10,Normal_Workload,6.659999999999999,1.6372062925741655,136.4,139,-0.1111111111111111,,,,,,51.48,0.22509257354845535,51.9,0.0625,0.17579999999999998,34.4,6.995236474439826,17,16.7,8,53.0,53,0.0,355.2,555,29.22222222222222,322.18600000000004,352.83
browsingmain1_20260916_003151,browsingmain1_20260916_003151.csv,2026-09-16 00:34:52,2026-09-16 00:35:01,10,Normal_Workload,6.279999999999999,1.9153183663413358,136.1,137,0.2222222222222222,,,,,,51.54,0.25033311140691467,51.9,0.05,0.14140000000000003,34.4,6.995236474439826,29,16.6,14,53.0,53,0.0,364.2,382,10.0,326.755,352.83
browsingmain1_20260916_003151,browsingmain1_20260916_003151.csv,2026-09-16 00:34:53,2026-09-16 00:35:02,10,Normal_Workload,6.33,1.890355639673245,135.9,133,-0.1111111111111111,,,,,,51.589999999999996,0.2685351208149712,51.9,0.0359,0.1122,32.0,8.755950357709132,16,15.5,8,53.0,53,0.0,377.7,427,15.0,335.217,400.2
browsingmain1_20260916_003151,browsingmain1_20260916_003151.csv,2026-09-16 00:34:54,2026-09-16 00:35:03,10,Normal_Workload,6.26,1.825254928922411,135.9,134,-0.1111111111111111,,,,,,51.65,0.26352313834736496,51.9,0.0516,0.16040000000000001,30.0,9.7182531580755,17,14.5,8,53.0,53,0.0,391.2,427,15.777777777777779,343.655,391.52
browsingmain1_20260916_003151,browsingmain1_20260916_003151.csv,2026-09-16 00:34:55,2026-09-16 00:35:04,10,Normal_Workload,6.640000000000001,2.154169084460281,134.9,125,-1.3333333333333333,,,,,,51.7,0.2581988897471611,51.9,0.0438,0.1327,29.8,9.554521907918202,36,14.4,19,53.0,53,0.0,388.2,255,-4.111111111111111,349.38,372.83
browsingmain1_20260916_003151,browsingmain1_20260916_003151.csv,2026-09-16 00:34:56,2026-09-16 00:35:05,10,Normal_Workload,6.909999999999999,2.499088722803663,134.1,129,-0.8888888888888888,,,,,,51.75,0.24152294576982394,51.9,0.0438,0.13169999999999998,30.6,10.426462061078587,44,14.7,21,53.0,53,0.0,388.2,292,-1.6666666666666667,353.58599999999996,357.64
browsingmain1_20260916_003151,browsingmain1_20260916_003151.csv,2026-09-16 00:34:57,2026-09-16 00:35:06,10,Normal_Workload,7.2299999999999995,2.5595355481458397,133.3,129,-0.6666666666666666,,,,,,51.79,0.20789954839350236,51.8,0.0438,0.13099999999999998,29.3,9.775820511172792,28,14.3,16,53.0,53,0.0,386.7,292,-5.0,357.7799999999999,357.52
browsingmain1_20260916_003151,browsingmain1_20260916_003151.csv,2026-09-16 00:34:58,2026-09-16 00:35:07,10,Normal_Workload,7.49,2.3525163832231506,132.7,129,-0.4444444444444444,,,,,,51.83,0.15670212364724218,51.8,0.0438,0.13129999999999997,29.3,9.775820511172792,36,14.3,18,53.0,53,0.0,380.7,277,-7.555555555555555,358.11699999999996,318.95
browsingmain1_20260916_003151,browsingmain1_20260916_003151.csv,2026-09-16 00:34:59,2026-09-16 00:35:08,10,Normal_Workload,7.76,2.1562312801119763,132.7,133,-0.6666666666666666,,,,,,51.86,0.06992058987800928,51.7,0.0469,0.1381,30.2,10.911767348448492,46,14.8,23,53.0,53,0.0,377.7,315,-26.666666666666668,362.0289999999999,354.7
browsingmain1_20260916_003151,browsingmain1_20260916_003151.csv,2026-09-16 00:35:00,2026-09-16 00:35:09,10,Normal_Workload,7.67,2.1076843533445264,132.9,141,0.2222222222222222,,,,,,51.870000000000005,0.082327260234856,52.0,0.053099999999999994,0.1549,27.7,12.884529914246428,8,13.6,1,53.1,54,0.1111111111111111,479.7,1575,113.33333333333333,367.479,415.77
browsingmain1_20260916_003151,browsingmain1_20260916_003151.csv,2026-09-16 00:35:01,2026-09-16 00:35:10,10,Normal_Workload,8.23,2.7370097227124024,133.6,146,1.0,,,,,,51.89,0.11005049346146138,52.1,0.06870000000000001,0.14820000000000003,26.7,14.134669748136632,7,12.9,1,53.3,55,0.2222222222222222,581.7,1575,132.55555555555554,380.01399999999995,478.18
browsingmain1_20260916_003151,browsingmain1_20260916_003151.csv,2026-09-16 00:35:02,2026-09-16 00:35:11,10,Normal_Workload,8.39,2.4555832074863373,133.7,138,0.5555555555555556,,,,,,51.910000000000004,0.12866839377079242,52.1,0.0781,0.17629999999999998,24.4,15.522027358993196,6,11.6,1,53.5,55,0.2222222222222222,701.0,1575,127.55555555555556,392.924,481.93
browsingmain1_20260916_003151,browsingmain1_20260916_003151.csv,2026-09-16 00:35:03,2026-09-16 00:35:12,10,Normal_Workload,8.389999999999999,2.4555832074863373,134.1,137,0.3333333333333333,,,,,,51.93000000000001,0.1418136492412184,52.1,0.0847,0.18830000000000002,24.8,15.331883989473265,20,11.5,7,53.6,54,0.1111111111111111,711.5,532,11.666666666666666,401.109,482.05
browsingmain1_20260916_003151,browsingmain1_20260916_003151.csv,2026-09-16 00:35:04,2026-09-16 00:35:13,10,Normal_Workload,8.17,2.6360955976595384,134.5,138,1.4444444444444444,,,,,,51.94,0.1429840705968488,52.0,0.0784,0.156,25.2,15.156956598649128,21,11.4,7,53.7,54,0.1111111111111111,712.3,435,20.0,410.162,482.05
browsingmain1_20260916_003151,browsingmain1_20260916_003151.csv,2026-09-16 00:35:05,2026-09-16 00:35:14,10,Normal_Workload,7.609999999999999,2.8164003818901726,135.8,138,1.0,,,,,,51.95,0.14337208778404445,52.0,0.0878,0.1758,23.4,14.796395957574713,18,10.1,6,53.8,54,0.1111111111111111,732.5,457,18.333333333333332,418.64,457.61
browsingmain1_20260916_003151,browsingmain1_20260916_003151.csv,2026-09-16 00:35:06,2026-09-16 00:35:15,10,Normal_Workload,7.279999999999999,2.584913495221412,136.6,137,0.8888888888888888,,,,,,51.95,0.14337208778404442,51.9,0.08779999999999999,0.17579999999999998,21.5,12.96362432175337,25,8.8,8,53.9,54,0.1111111111111111,749.0,457,18.333333333333332,416.1940000000001,333.18
browsingmain1_20260916_003151,browsingmain1_20260916_003151.csv,2026-09-16 00:35:07,2026-09-16 00:35:16,10,Normal_Workload,7.489999999999999,2.823492714903141,137.9,142,1.4444444444444444,,,,,,51.94,0.15776212754932292,51.7,0.0878,0.17550000000000002,21.2,12.830519171967369,25,8.1,9,53.9,53,0.0,764.8,450,19.22222222222222,412.63499999999993,321.93
browsingmain1_20260916_003151,browsingmain1_20260916_003151.csv,2026-09-16 00:35:08,2026-09-16 00:35:17,10,Normal_Workload,7.5200000000000005,2.818115997928009,138.7,137,0.4444444444444444,,,,,,51.919999999999995,0.18737959096740206,51.6,0.08779999999999999,0.1752,19.9,11.77992642874592,23,7.1,8,54.0,54,0.1111111111111111,782.1,450,15.0,412.533,317.93
browsingmain1_20260916_003151,browsingmain1_20260916_003151.csv,2026-09-16 00:35:09,2026-09-16 00:35:18,10,Normal_Workload,7.69,2.8676161218374787,139.3,139,-0.2222222222222222,,,,,,51.910000000000004,0.2024845673131655,51.6,0.0722,0.1412,20.1,12.278707858185513,48,6.7,19,54.1,54,0.0,792.6,420,-128.33333333333334,409.69899999999996,326.36
browsingmain1_20260916_003151,browsingmain1_20260916_003151.csv,2026-09-16 00:35:10,2026-09-16 00:35:19,10,Normal_Workload,7.56,2.8663565723754605,138.9,137,-1.0,,,,,,51.870000000000005,0.2213594362117862,51.6,0.08479999999999999,0.182,21.6,11.529671865813587,23,7.4,8,54.0,53,-0.2222222222222222,680.8,457,-124.22222222222223,399.915,317.93
browsingmain1_20260916_003151,browsingmain1_20260916_003151.csv,2026-09-16 00:35:11,2026-09-16 00:35:20,10,Normal_Workload,6.76,2.1422729362369615,137.9,136,-0.2222222222222222,,,,,,51.82000000000001,0.2201009869229219,51.6,0.059800000000000006,0.1782,23.3,10.328493490232628,24,8.1,8,53.9,54,-0.1111111111111111,569.0,457,-124.22222222222223,383.871,317.74
browsingmain1_20260916_003151,browsingmain1_20260916_003151.csv,2026-09-16 00:35:12,2026-09-16 00:35:21,10,Normal_Workload,6.75,2.1516143809810444,138.1,140,0.3333333333333333,,,,,,51.77,0.2057506581601456,51.6,0.056600000000000004,0.1708,27.1,10.246408584908611,44,9.7,17,53.8,54,0.0,455.7,442,-10.0,368.258,325.8
browsingmain1_20260916_003151,browsingmain1_20260916_003151.csv,2026-09-16 00:35:13,2026-09-16 00:35:22,10,Normal_Workload,6.719999999999999,2.169895030743295,138.1,137,-0.1111111111111111,,,,,,51.720000000000006,0.17511900715418177,51.6,0.05,0.153,27.4,10.057611821677925,23,9.8,8,53.7,53,-0.1111111111111111,446.7,442,0.7777777777777778,351.78900000000004,317.36
browsingmain1_20260916_003151,browsingmain1_20260916_003151.csv,2026-09-16 00:35:14,2026-09-16 00:35:23,10,Normal_Workload,6.69,2.1936524590534185,138.1,138,0.0,,,,,,51.68000000000001,0.1475729574745236,51.6,0.0344,0.1121,29.6,10.87504789261485,43,10.8,17,53.7,54,0.0,436.2,330,-14.11111111111111,335.32000000000005,317.36
browsingmain1_20260916_003151,browsingmain1_20260916_003151.csv,2026-09-16 00:35:15,2026-09-16 00:35:24,10,Normal_Workload,7.05,2.0484411417248753,138.5,142,0.5555555555555556,,,,,,51.620000000000005,0.12292725943057177,51.4,0.040600000000000004,0.1258,29.8,10.654159333852254,20,10.9,7,53.7,54,0.0,436.2,457,0.0,321.2950000000001,317.36
browsingmain1_20260916_003151,browsingmain1_20260916_003151.csv,2026-09-16 00:35:16,2026-09-16 00:35:25,10,Normal_Workload,6.55,2.489198889424288,138.4,136,-0.6666666666666666,,,,,,51.56999999999999,0.09486832980505272,51.4,0.040600000000000004,0.12589999999999998,29.7,10.708771067577164,24,10.9,8,53.6,53,0.0,436.2,457,0.7777777777777778,319.713,317.36
browsingmain1_20260916_003151,browsingmain1_20260916_003151.csv,2026-09-16 00:35:17,2026-09-16 00:35:26,10,Normal_Workload,6.14,1.907994875371641,138.1,139,0.2222222222222222,,,,,,51.55,0.08498365855988095,51.5,0.0437,0.1341,31.9,11.836384583140243,47,12.0,20,53.7,54,0.0,431.7,405,-5.0,320.1,325.8
browsingmain1_20260916_003151,browsingmain1_20260916_003151.csv,2026-09-16 00:35:18,2026-09-16 00:35:27,10,Normal_Workload,6.0600000000000005,1.8750999973334754,138.2,138,-0.1111111111111111,,,,,,51.529999999999994,0.09486832980505273,51.4,0.0437,0.1341,32.2,11.621818561080133,26,12.0,8,53.7,54,0.0,435.4,487,7.444444444444445,320.043,317.36
browsingmain1_20260916_003151,browsingmain1_20260916_003151.csv,2026-09-16 00:35:19,2026-09-16 00:35:28,10,Normal_Workload,5.970000000000001,1.7230786401090348,138.0,137,0.0,,,,,,51.510000000000005,0.09944289260117674,51.4,0.046799999999999994,0.1421,29.9,10.354279845122553,25,11.0,9,53.6,53,0.0,427.9,345,-12.444444444444445,319.14300000000003,317.36
browsingmain1_20260916_003151,browsingmain1_20260916_003151.csv,2026-09-16 00:35:20,2026-09-16 00:35:29,10,Normal_Workload,5.96,1.7167152096696503,138.2,139,0.3333333333333333,,,,,,51.489999999999995,0.09944289260117672,51.4,0.04360000000000001,0.1254,29.8,10.432854089099706,22,11.0,8,53.6,53,-0.1111111111111111,425.7,435,-2.4444444444444446,319.08600000000007,317.36
browsingmain1_20260916_003151,browsingmain1_20260916_003151.csv,2026-09-16 00:35:21,2026-09-16 00:35:30,10,Normal_Workload,6.640000000000001,2.5342980619229984,138.7,141,0.1111111111111111,,,,,,51.48,0.09189365834726945,51.5,0.046700000000000005,0.1214,30.0,10.327955589886445,26,11.1,9,53.6,54,0.0,423.5,435,-0.7777777777777778,319.42100000000005,321.09
browsingmain1_20260916_003151,browsingmain1_20260916_003151.csv,2026-09-16 00:35:22,2026-09-16 00:35:31,10,Normal_Workload,6.69,2.5008665164964987,138.6,139,0.2222222222222222,,,,,,51.470000000000006,0.08232726023485763,51.5,0.046700000000000005,0.12799999999999997,27.9,9.243015380996255,23,10.2,8,53.6,54,0.1111111111111111,423.5,442,0.0,318.95000000000005,321.09
browsingmain1_20260916_003151,browsingmain1_20260916_003151.csv,2026-09-16 00:35:23,2026-09-16 00:35:32,10,Normal_Workload,6.58,2.586632302177228,138.5,136,-0.2222222222222222,,,,,,51.46,0.06992058987801111,51.5,0.046700000000000005,0.12840000000000001,28.3,9.092732140439297,27,10.4,10,53.6,53,-0.1111111111111111,423.5,442,12.444444444444445,319.32300000000004,321.09
browsingmain1_20260916_003151,browsingmain1_20260916_003151.csv,2026-09-16 00:35:24,2026-09-16 00:35:33,10,Normal_Workload,7.639999999999999,3.768937368660945,139.2,145,0.3333333333333333,,,,,,51.470000000000006,0.09486832980505272,51.7,0.058800000000000005,0.1299,28.3,9.092732140439297,43,10.1,14,53.6,54,0.0,452.0,615,17.555555555555557,331.09800000000007,435.11
browsingmain1_20260916_003151,browsingmain1_20260916_003151.csv,2026-09-16 00:35:25,2026-09-16 00:35:34,10,Normal_Workload,7.959999999999999,3.926038433048991,139.5,145,1.0,,,,,,51.489999999999995,0.09944289260117674,51.6,0.08380000000000001,0.18450000000000003,27.5,10.189864245088515,12,9.9,5,53.6,54,0.1111111111111111,476.0,697,26.666666666666668,344.04100000000005,446.79
browsingmain1_20260916_003151,browsingmain1_20260916_003151.csv,2026-09-16 00:35:26,2026-09-16 00:35:35,10,Normal_Workload,8.28,3.54331922229865,139.6,137,-0.2222222222222222,,,,,,51.5,0.09428090415820768,51.5,0.0912,0.19060000000000002,26.4,11.157458890306918,13,9.6,5,53.7,54,0.0,464.0,337,-7.555555555555555,345.422,331.17
browsingmain1_20260916_003151,browsingmain1_20260916_003151.csv,2026-09-16 00:35:27,2026-09-16 00:35:36,10,Normal_Workload,8.25,3.5556684009870465,139.7,140,0.2222222222222222,,,,,,51.52,0.11352924243951096,51.7,0.13379999999999997,0.2399,25.0,8.94427190999916,33,9.0,14,53.8,55,0.1111111111111111,581.0,1575,120.88888888888889,352.265,394.23
browsingmain1_20260916_003151,browsingmain1_20260916_003151.csv,2026-09-16 00:35:28,2026-09-16 00:35:37,10,Normal_Workload,7.980000000000001,3.805493105732525,139.3,134,-0.3333333333333333,,,,,,51.529999999999994,0.10593499054713953,51.5,0.1729,0.33280000000000004,22.7,11.304374767712229,3,8.3,1,53.9,55,0.2222222222222222,689.8,1575,136.66666666666666,355.73300000000006,352.04
browsingmain1_20260916_003151,browsingmain1_20260916_003151.csv,2026-09-16 00:35:29,2026-09-16 00:35:38,10,Normal_Workload,7.43,4.1371084910437945,138.5,129,-1.1111111111111112,,,,,,51.54,0.09660917830793096,51.5,0.1698,0.32480000000000003,20.5,12.84306989953899,3,7.5,1,54.1,55,0.2222222222222222,812.8,1575,126.66666666666667,356.583,325.86
browsingmain1_20260916_003151,browsingmain1_20260916_003151.csv,2026-09-16 00:35:30,2026-09-16 00:35:39,10,Normal_Workload,7.349999999999999,4.156186820739521,137.5,129,-1.3333333333333333,,,,,,51.55,0.08498365855988095,51.5,0.17450000000000002,0.33110000000000006,18.6,13.953892328347353,3,6.8,1,54.3,55,0.1111111111111111,926.8,1575,126.66666666666667,356.351,315.04
browsingmain1_20260916_003151,browsingmain1_20260916_003151.csv,2026-09-16 00:35:31,2026-09-16 00:35:40,10,Normal_Workload,6.81,3.8222884361189804,137.1,137,-0.2222222222222222,,,,,,51.54,0.09660917830793096,51.4,0.17140000000000002,0.3229,17.1,13.876038499674337,11,6.3,4,54.3,54,0.0,922.3,390,-5.777777777777778,355.746,315.04
browsingmain1_20260916_003151,browsingmain1_20260916_003151.csv,2026-09-16 00:35:32,2026-09-16 00:35:41,10,Normal_Workload,6.910000000000001,3.7942793196542017,136.7,135,-0.1111111111111111,,,,,,51.529999999999994,0.10593499054713953,51.4,0.1652,0.29590000000000005,17.5,14.120513053316756,27,6.8,13,54.3,54,0.1111111111111111,910.3,322,-13.333333333333334,353.86,302.23
browsingmain1_20260916_003151,browsingmain1_20260916_003151.csv,2026-09-16 00:35:33,2026-09-16 00:35:42,10,Normal_Workload,6.9300000000000015,3.7794914413920235,136.6,135,-1.1111111111111112,,,,,,51.519999999999996,0.11352924243951094,51.4,0.1652,0.2953,17.7,14.283245818479465,29,7.1,13,54.4,54,0.0,893.8,277,-37.55555555555556,351.899,301.48
browsingmain1_20260916_003151,browsingmain1_20260916_003151.csv,2026-09-16 00:35:34,2026-09-16 00:35:43,10,Normal_Workload,5.98,2.237458876096323,135.6,135,-1.1111111111111112,,,,,,51.45,0.18408935028645504,51.0,0.16870000000000002,0.33690000000000003,16.4,12.158216243438929,30,7.1,14,54.4,54,0.0,856.3,240,-50.77777777777778,338.536,301.48
browsingmain1_20260916_003151,browsingmain1_20260916_003151.csv,2026-09-16 00:35:35,2026-09-16 00:35:44,10,Normal_Workload,5.32,1.3612086132877974,134.5,134,-0.3333333333333333,,,,,,51.39,0.22335820757001312,51.0,0.1281,0.25570000000000004,17.6,12.267391282945567,24,7.7,11,54.4,54,0.0,807.6,210,-14.11111111111111,324.005,301.48
browsingmain1_20260916_003151,browsingmain1_20260916_003151.csv,2026-09-16 00:35:36,2026-09-16 00:35:45,10,Normal_Workload,5.09,1.4790762883187152,134.1,133,-0.7777777777777778,,,,,,51.339999999999996,0.25033311140691483,51.0,0.1207,0.2499,19.2,12.638565319423456,29,8.5,13,54.4,54,-0.1111111111111111,794.9,210,-151.66666666666666,321.036,301.48
browsingmain1_20260916_003151,browsingmain1_20260916_003151.csv,2026-09-16 00:35:37,2026-09-16 00:35:46,10,Normal_Workload,4.930000000000001,1.3548677672255203,133.6,135,0.1111111111111111,,,,,,51.27,0.23593784492248493,51.0,0.07500000000000001,0.1924,18.7,12.12023102090055,28,8.4,13,54.3,54,-0.1111111111111111,658.4,210,-151.66666666666666,311.761,301.48
browsingmain1_20260916_003151,browsingmain1_20260916_003151.csv,2026-09-16 00:35:38,2026-09-16 00:35:47,10,Normal_Workload,5.0200000000000005,1.2925427136720344,133.6,134,0.5555555555555556,,,,,,51.220000000000006,0.23475755815545307,51.0,0.0359,0.0999,21.3,11.12604551891142,29,9.6,13,54.2,54,-0.1111111111111111,521.9,210,-151.66666666666666,306.70500000000004,301.48
browsingmain1_20260916_003151,browsingmain1_20260916_003151.csv,2026-09-16 00:35:39,2026-09-16 00:35:48,10,Normal_Workload,5.09,1.1723196378690128,134.0,133,0.4444444444444444,,,,,,51.17,0.22135943621178608,51.0,0.0375,0.10700000000000001,23.9,9.25502866314068,29,10.8,13,54.0,53,-0.2222222222222222,385.4,210,-151.66666666666666,304.192,300.73
browsingmain1_20260916_003151,browsingmain1_20260916_003151.csv,2026-09-16 00:35:40,2026-09-16 00:35:49,10,Normal_Workload,4.800000000000001,1.2507775359529145,134.4,133,-0.4444444444444444,,,,,,51.12,0.1932183566158585,51.0,0.036,0.0998,26.4,5.660781257427675,28,12.0,13,53.8,53,-0.1111111111111111,248.9,210,-20.0,302.836,301.48
browsingmain1_20260916_003151,browsingmain1_20260916_003151.csv,2026-09-16 00:35:41,2026-09-16 00:35:50,10,Normal_Workload,4.640000000000001,1.086482601998046,134.1,134,-0.1111111111111111,,,,,,51.08,0.16865480854231296,51.0,0.036,0.10769999999999999,27.9,1.7919573407620815,26,12.7,11,53.7,53,-0.1111111111111111,230.9,210,-12.444444444444445,301.48,301.48
browsingmain1_20260916_003151,browsingmain1_20260916_003151.csv,2026-09-16 00:35:42,2026-09-16 00:35:51,10,Normal_Workload,4.7700000000000005,1.3630439790736353,134.1,135,0.0,,,,,,51.04,0.12649110640673475,51.0,0.0438,0.13640000000000002,28.2,1.8737959096740262,30,12.7,13,53.7,54,0.0,219.7,210,-7.444444444444445,301.40500000000003,301.48
browsingmain1_20260916_003151,browsingmain1_20260916_003151.csv,2026-09-16 00:35:43,2026-09-16 00:35:52,10,Normal_Workload,5.19,1.8357257117796462,134.1,135,0.0,,,,,,51.0,0.0,51.0,0.0438,0.1614,28.3,1.9465068427541912,30,12.7,13,53.6,53,-0.1111111111111111,213.0,210,-3.3333333333333335,301.40500000000003,301.48
browsingmain1_20260916_003151,browsingmain1_20260916_003151.csv,2026-09-16 00:35:44,2026-09-16 00:35:53,10,Normal_Workload,5.13,1.8123342836120369,134.0,134,0.0,,,,,,51.0,0.0,51.0,0.028200000000000003,0.11829999999999999,28.2,1.8737959096740262,29,12.7,14,53.5,53,-0.1111111111111111,210.0,210,0.0,301.40500000000003,301.48
browsingmain1_20260916_003151,browsingmain1_20260916_003151.csv,2026-09-16 00:35:45,2026-09-16 00:35:54,10,Normal_Workload,5.22,1.799876538975814,134.0,134,0.1111111111111111,,,,,,51.0,0.0,51.0,0.0407,0.1382,28.8,1.2292725943057183,30,12.9,13,53.4,53,-0.1111111111111111,210.0,210,0.0,301.40500000000003,301.48
browsingmain1_20260916_003151,browsingmain1_20260916_003151.csv,2026-09-16 00:35:46,2026-09-16 00:35:55,10,Normal_Workload,5.27,1.749952380304485,134.1,134,-0.1111111111111111,,,,,,51.0,0.0,51.0,0.0407,0.1391,28.8,1.2292725943057183,29,13.0,14,53.3,53,-0.1111111111111111,210.0,210,0.0,301.40500000000003,301.48
browsingmain1_20260916_003151,browsingmain1_20260916_003151.csv,2026-09-16 00:35:47,2026-09-16 00:35:56,10,Normal_Workload,5.139999999999999,1.8032070196057788,134.0,134,0.0,,,,,,51.0,0.0,51.0,0.0407,0.1392,29.0,1.247219128924647,30,13.0,13,53.2,53,-0.1111111111111111,210.0,210,0.0,301.40500000000003,301.48
browsingmain1_20260916_003151,browsingmain1_20260916_003151.csv,2026-09-16 00:35:48,2026-09-16 00:35:57,10,Normal_Workload,6.540000000000001,4.601255867212294,135.3,147,1.5555555555555556,,,,,,51.1,0.31622776601683794,52.0,0.13090000000000002,0.13879999999999998,27.7,4.295992965026311,16,11.9,2,53.1,53,0.0,346.5,1575,151.66666666666666,317.112,458.55
browsingmain1_20260916_003151,browsingmain1_20260916_003151.csv,2026-09-16 00:35:49,2026-09-16 00:35:58,10,Normal_Workload,6.970000000000001,4.485049237931136,136.3,143,1.1111111111111112,,,,,,51.18,0.38239014399199917,51.8,0.1527,0.1896,25.6,7.515909052728677,8,10.7,1,53.3,55,0.2222222222222222,483.0,1575,151.66666666666666,332.01900000000006,449.8
browsingmain1_20260916_003151,browsingmain1_20260916_003151.csv,2026-09-16 00:35:50,2026-09-16 00:35:59,10,Normal_Workload,7.220000000000001,4.318127166055005,136.7,137,0.3333333333333333,,,,,,51.260000000000005,0.42216373863966755,51.8,0.1355,0.1595,23.5,9.454569735788557,7,9.5,1,53.5,55,0.2222222222222222,619.5,1575,151.66666666666666,346.851,449.8
browsingmain1_20260916_003151,browsingmain1_20260916_003151.csv,2026-09-16 00:35:51,2026-09-16 00:36:00,10,Normal_Workload,8.129999999999999,4.736864879737324,137.9,146,1.2222222222222223,,,,,,51.36,0.4695151163109063,52.0,0.2003,0.2156,22.1,10.060373308735173,12,8.5,1,53.7,55,0.1111111111111111,756.0,1575,151.66666666666666,362.915,462.12
browsingmain1_20260916_003151,browsingmain1_20260916_003151.csv,2026-09-16 00:35:52,2026-09-16 00:36:01,10,Normal_Workload,8.219999999999999,4.7363370750917735,138.5,141,0.6666666666666666,,,,,,51.45,0.47900359543999654,51.9,0.19250000000000003,0.1866,20.3,10.100055005350768,12,7.6,4,53.8,55,0.2222222222222222,792.7,577,40.77777777777778,378.335,455.68
browsingmain1_20260916_003151,browsingmain1_20260916_003151.csv,2026-09-16 00:35:53,2026-09-16 00:36:02,10,Normal_Workload,8.72,5.046406862533204,139.5,145,1.2222222222222223,,,,,,51.56,0.4903513479582209,52.1,0.21550000000000002,0.17739999999999997,23.0,15.267976654131717,57,8.6,23,53.9,54,0.1111111111111111,840.7,690,53.333333333333336,391.164,429.77
browsingmain1_20260916_003151,browsingmain1_20260916_003151.csv,2026-09-16 00:35:54,2026-09-16 00:36:03,10,Normal_Workload,9.190000000000001,4.930731295772577,139.9,138,0.4444444444444444,,,,,,51.67,0.4738729318662922,52.1,0.23270000000000005,0.23129999999999998,20.4,16.31086890525592,3,7.3,1,54.0,54,0.1111111111111111,908.2,885,75.0,401.661,406.45
browsingmain1_20260916_003151,browsingmain1_20260916_003151.csv,2026-09-16 00:35:55,2026-09-16 00:36:04,10,Normal_Workload,9.209999999999999,4.9140275402836995,139.5,130,-0.4444444444444444,,,,,,51.74000000000001,0.41150131632029247,51.7,0.24050000000000002,0.2725,17.6,16.873384696352748,2,6.1,1,54.2,55,0.2222222222222222,913.4,262,5.777777777777778,404.49,329.77
browsingmain1_20260916_003151,browsingmain1_20260916_003151.csv,2026-09-16 00:35:56,2026-09-16 00:36:05,10,Normal_Workload,9.36,4.754226190103566,139.2,131,-0.3333333333333333,,,,,,51.81,0.3212821536005731,51.7,0.2405,0.2712,15.9,16.448235298792525,12,5.3,6,54.3,54,0.1111111111111111,913.4,210,0.0,409.156,348.14
browsingmain1_20260916_003151,browsingmain1_20260916_003151.csv,2026-09-16 00:35:57,2026-09-16 00:36:06,10,Normal_Workload,11.280000000000001,6.014205406092036,140.5,147,0.0,,,,,,51.959999999999994,0.24129281427805138,52.5,0.2569,0.3008,13.9,15.744134710354132,10,4.1,1,54.5,55,0.2222222222222222,1049.9,1575,0.0,423.753,447.45
browsingmain1_20260916_003151,browsingmain1_20260916_003151.csv,2026-09-16 00:35:58,2026-09-16 00:36:07,10,Normal_Workload,10.27,5.471958820507821,139.5,137,-0.6666666666666666,,,,,,51.989999999999995,0.2643650674519776,52.3,0.1761,0.341,12.7,16.021166554835442,4,4.0,1,54.8,56,0.1111111111111111,1049.9,1575,0.0,418.625,407.27
browsingmain1_20260916_003151,browsingmain1_20260916_003151.csv,2026-09-16 00:35:59,2026-09-16 00:36:08,10,Normal_Workload,10.11,5.574635015456668,138.7,135,-0.2222222222222222,,,,,,52.04,0.27162065049951056,52.3,0.1527,0.2831,12.5,16.09865418805767,6,4.0,1,54.8,55,0.0,933.6,412,-129.22222222222223,414.25300000000004,406.08
browsingmain1_20260916_003151,browsingmain1_20260916_003151.csv,2026-09-16 00:36:00,2026-09-16 00:36:09,10,Normal_Workload,10.43,5.381872866907537,138.8,138,-0.8888888888888888,,,,,,52.089999999999996,0.26853512081496955,52.3,0.17450000000000002,0.3799,13.8,16.130027209455594,20,4.8,9,54.7,54,-0.1111111111111111,806.8,307,-140.88888888888889,414.575,453.02
browsingmain1_20260916_003151,browsingmain1_20260916_003151.csv,2026-09-16 00:36:01,2026-09-16 00:36:10,10,Normal_Workload,9.6,5.392999577641783,137.5,133,-0.8888888888888888,,,,,,52.11,0.26853512081496966,52.2,0.1159,0.3454,14.3,16.1455188141409,17,5.5,8,54.6,54,-0.1111111111111111,674.0,247,-36.666666666666664,411.95199999999994,435.89
browsingmain1_20260916_003151,browsingmain1_20260916_003151.csv,2026-09-16 00:36:02,2026-09-16 00:36:11,10,Normal_Workload,9.299999999999999,5.536344562173774,136.2,128,-1.8888888888888888,,,,,,52.14,0.25905812303633774,52.2,0.1159,0.34950000000000003,17.1,18.021283713061806,40,7.1,20,54.5,54,0.0,640.3,240,-50.0,403.323,369.39
browsingmain1_20260916_003151,browsingmain1_20260916_003151.csv,2026-09-16 00:36:03,2026-09-16 00:36:12,10,Normal_Workload,8.939999999999998,5.331708085699283,136.0,143,0.5555555555555556,,,,,,52.160000000000004,0.2633122354417516,52.3,0.09290000000000001,0.3337,13.8,11.877148928369412,24,5.8,10,54.5,54,0.0,614.8,435,-50.0,401.09799999999996,407.52
browsingmain1_20260916_003151,browsingmain1_20260916_003151.csv,2026-09-16 00:36:04,2026-09-16 00:36:13,10,Normal_Workload,9.52,5.780580516791642,136.9,147,1.8888888888888888,,,,,,52.17,0.2626785107312723,52.2,0.10300000000000002,0.3173,14.8,11.272385136547928,13,5.9,2,54.6,55,0.0,610.3,840,64.22222222222223,409.10800000000006,486.55
browsingmain1_20260916_003151,browsingmain1_20260916_003151.csv,2026-09-16 00:36:05,2026-09-16 00:36:14,10,Normal_Workload,9.919999999999998,5.615217419358459,137.8,139,0.8888888888888888,,,,,,52.21,0.2078995483935009,52.1,0.0874,0.2855,15.7,10.467409740077374,11,6.0,2,54.6,55,0.1111111111111111,668.1,840,70.0,423.436,473.05
browsingmain1_20260916_003151,browsingmain1_20260916_003151.csv,2026-09-16 00:36:06,2026-09-16 00:36:15,10,Normal_Workload,10.639999999999999,5.429794348469072,138.7,140,-0.7777777777777778,,,,,,52.239999999999995,0.13498971154210956,52.0,0.10300000000000001,0.3302,16.8,10.612361764575414,23,6.2,8,54.7,55,0.0,682.3,352,-135.88888888888889,436.784,481.62
browsingmain1_20260916_003151,browsingmain1_20260916_003151.csv,2026-09-16 00:36:07,2026-09-16 00:36:16,10,Normal_Workload,9.889999999999997,3.7869512803837337,138.4,144,0.7777777777777778,,,,,,52.11999999999999,0.3047767853509993,51.3,0.0866,0.8646,18.4,10.679159351018432,26,7.0,9,54.7,55,-0.1111111111111111,572.8,480,-121.66666666666667,440.157,481.18
browsingmain1_20260916_003151,browsingmain1_20260916_003151.csv,2026-09-16 00:36:08,2026-09-16 00:36:17,10,Normal_Workload,11.1,5.0243849817111395,139.3,146,1.2222222222222223,,,,,,51.77,1.0853058964591,48.8,0.0772,0.8259000000000001,20.5,9.536479667279979,25,7.7,8,54.6,55,0.0,449.8,345,-7.444444444444445,445.904,464.74
browsingmain1_20260916_003151,browsingmain1_20260916_003151.csv,2026-09-16 00:36:09,2026-09-16 00:36:18,10,Normal_Workload,11.179999999999998,4.943413125901308,139.8,140,0.2222222222222222,,,,,,51.43000000000001,1.3904835290086854,48.9,0.0975,0.8629,22.5,8.154753215150045,26,8.4,8,54.6,55,0.1111111111111111,452.1,435,14.222222222222221,439.30100000000004,340.05
browsingmain1_20260916_003151,browsingmain1_20260916_003151.csv,2026-09-16 00:36:10,2026-09-16 00:36:19,10,Normal_Workload,10.98,5.084355088569904,139.8,138,0.5555555555555556,,,,,,51.08,1.5753659186924742,48.8,0.07720000000000002,0.7789,23.1,8.171087238958268,26,8.4,9,54.7,55,0.1111111111111111,452.9,315,7.555555555555555,427.16100000000006,331.62
browsingmain1_20260916_003151,browsingmain1_20260916_003151.csv,2026-09-16 00:36:11,2026-09-16 00:36:20,10,Normal_Workload,11.17,4.901485035737185,140.4,139,1.2222222222222223,,,,,,50.71,1.711691820652565,48.5,0.0772,0.7666999999999999,24.1,7.950541560869367,27,8.5,9,54.8,55,0.1111111111111111,482.9,547,34.111111111111114,416.73400000000004,331.62
browsingmain1_20260916_003151,browsingmain1_20260916_003151.csv,2026-09-16 00:36:12,2026-09-16 00:36:21,10,Normal_Workload,11.120000000000001,4.96673378030718,141.4,138,-0.5555555555555556,,,,,,50.339999999999996,1.753219261181493,48.5,0.0772,0.7629999999999999,22.8,5.846176338238334,27,7.4,9,54.9,55,0.1111111111111111,513.6,547,12.444444444444445,412.957,331.62
browsingmain1_20260916_003151,browsingmain1_20260916_003151.csv,2026-09-16 00:36:13,2026-09-16 00:36:22,10,Normal_Workload,10.989999999999998,5.013193703729302,141.3,142,-0.5555555555555556,,,,,,49.970000000000006,1.6826236127613998,48.6,0.0772,0.7642,23.3,6.165315167216605,29,7.4,10,55.0,55,0.0,521.1,510,-36.666666666666664,405.367,331.62
browsingmain1_20260916_003151,browsingmain1_20260916_003151.csv,2026-09-16 00:36:14,2026-09-16 00:36:23,10,Normal_Workload,9.92,4.96673378030718,140.4,138,-0.1111111111111111,,,,,,49.61,1.5307587080340985,48.6,0.059300000000000005,0.7579,24.8,5.116422361159972,28,8.1,9,55.0,55,0.0,488.1,510,-36.666666666666664,389.861,331.49
browsingmain1_20260916_003151,browsingmain1_20260916_003151.csv,2026-09-16 00:36:15,2026-09-16 00:36:24,10,Normal_Workload,9.62,5.077575974594351,140.5,140,0.0,,,,,,49.260000000000005,1.277323590777041,48.6,0.060799999999999986,0.7395,26.4,1.6465452046971292,27,8.8,9,55.0,55,0.0,452.8,487,15.0,375.686,331.3
browsingmain1_20260916_003151,browsingmain1_20260916_003151.csv,2026-09-16 00:36:16,2026-09-16 00:36:25,10,Normal_Workload,8.83,5.176023784935906,140.3,138,-0.6666666666666666,,,,,,48.910000000000004,0.8517302650748315,48.5,0.0593,0.7502,26.6,1.2649110640673518,25,8.9,9,55.0,55,0.0,466.3,487,0.7777777777777778,360.65400000000005,331.3
browsingmain1_20260916_003151,browsingmain1_20260916_003151.csv,2026-09-16 00:36:17,2026-09-16 00:36:26,10,Normal_Workload,8.260000000000002,4.633021572245147,139.8,139,-0.7777777777777778,,,,,,48.64,0.14298407059684695,48.6,0.059300000000000005,0.187,26.3,1.7029386365926402,23,8.8,8,55.0,55,0.0,467.8,495,16.666666666666668,345.66600000000005,331.3
browsingmain1_20260916_003151,browsingmain1_20260916_003151.csv,2026-09-16 00:36:18,2026-09-16 00:36:27,10,Normal_Workload,7.510000000000001,2.554059948830924,139.1,139,-0.1111111111111111,,,,,,48.620000000000005,0.13165611772087576,48.6,0.0593,0.1855,26.4,1.6465452046971292,26,8.9,9,55.0,55,0.0,482.8,495,6.666666666666667,332.322,331.3
browsingmain1_20260916_003151,browsingmain1_20260916_003151.csv,2026-09-16 00:36:19,2026-09-16 00:36:28,10,Normal_Workload,7.639999999999999,2.558298045359236,139.0,139,0.1111111111111111,,,,,,48.59,0.08755950357709066,48.6,0.039,0.15010000000000004,26.6,1.7126976771553506,28,9.0,9,55.0,55,0.0,486.5,472,17.444444444444443,331.447,331.3
browsingmain1_20260916_003151,browsingmain1_20260916_003151.csv,2026-09-16 00:36:20,2026-09-16 00:36:29,10,Normal_Workload,7.859999999999999,2.5820749623338033,139.0,138,-0.1111111111111111,,,,,,48.57000000000001,0.04830458915396548,48.6,0.0484,0.15339999999999998,26.8,1.7511900715418263,28,9.0,9,55.0,55,0.0,502.2,472,-8.333333333333334,331.4150000000001,331.3
browsingmain1_20260916_003151,browsingmain1_20260916_003151.csv,2026-09-16 00:36:21,2026-09-16 00:36:30,10,Normal_Workload,7.739999999999999,2.617972073529009,138.9,138,0.0,,,,,,48.59,0.05676462121975548,48.7,0.0578,0.1691,26.8,1.7511900715418263,27,9.0,9,55.0,55,0.0,504.5,570,2.5555555555555554,331.38300000000004,331.3
browsingmain1_20260916_003151,browsingmain1_20260916_003151.csv,2026-09-16 00:36:22,2026-09-16 00:36:31,10,Normal_Workload,8.19,2.49775454714385,139.3,142,0.0,,,,,,48.61,0.05676462121975548,48.7,0.0578,0.16870000000000002,26.7,1.7669811040931427,26,8.9,8,55.0,55,0.0,506.8,570,6.666666666666667,331.351,331.3
browsingmain1_20260916_003151,browsingmain1_20260916_003151.csv,2026-09-16 00:36:23,2026-09-16 00:36:32,10,Normal_Workload,8.12,2.4885515644424347,139.1,140,0.2222222222222222,,,,,,48.67,0.19465068427541973,49.2,0.057800000000000004,0.16790000000000002,25.3,3.9454615277134146,15,8.3,4,55.1,56,0.1111111111111111,613.3,1575,118.33333333333333,334.21100000000007,360.22
browsingmain1_20260916_003151,browsingmain1_20260916_003151.csv,2026-09-16 00:36:24,2026-09-16 00:36:33,10,Normal_Workload,8.2,2.3990738953928776,139.1,138,-0.2222222222222222,,,,,,48.71,0.21832697191750447,49.0,0.0484,0.13699999999999998,23.6,5.853773711604052,11,7.6,2,55.2,56,0.1111111111111111,719.8,1575,120.88888888888889,334.296,332.34
browsingmain1_20260916_003151,browsingmain1_20260916_003151.csv,2026-09-16 00:36:25,2026-09-16 00:36:34,10,Normal_Workload,8.08,2.515198247101453,139.1,140,0.2222222222222222,,,,,,48.75,0.2321398046197354,49.0,0.0563,0.16050000000000003,24.9,7.809538327512638,40,8.3,16,55.2,55,0.0,740.8,697,23.333333333333332,334.213,330.47
browsingmain1_20260916_003151,browsingmain1_20260916_003151.csv,2026-09-16 00:36:26,2026-09-16 00:36:35,10,Normal_Workload,8.48,2.218508007147546,139.4,141,0.2222222222222222,,,,,,48.8,0.22607766610417532,49.0,0.048400000000000006,0.15000000000000002,26.5,9.324400487132909,41,9.1,17,55.2,55,0.0,773.1,810,35.0,334.092,330.09
browsingmain1_20260916_003151,browsingmain1_20260916_003151.csv,2026-09-16 00:36:27,2026-09-16 00:36:36,10,Normal_Workload,8.16,2.2217110523198103,139.3,138,-0.1111111111111111,,,,,,48.839999999999996,0.22211108331943535,49.0,0.048400000000000006,0.1622,25.7,9.978309810116475,15,8.5,2,55.2,55,0.0,807.6,840,38.333333333333336,333.953,329.91
browsingmain1_20260916_003151,browsingmain1_20260916_003151.csv,2026-09-16 00:36:28,2026-09-16 00:36:37,10,Normal_Workload,7.57,1.3928787137116823,139.2,138,-0.1111111111111111,,,,,,48.88,0.20976176963402984,49.0,0.060899999999999996,0.1894,24.7,10.435516278555651,16,7.8,2,55.2,55,0.0,803.8,457,-1.6666666666666667,333.85099999999994,330.28
browsingmain1_20260916_003151,browsingmain1_20260916_003151.csv,2026-09-16 00:36:29,2026-09-16 00:36:38,10,Normal_Workload,8.36,3.0761447733594505,139.4,141,0.3333333333333333,,,,,,48.92,0.1873795909674021,49.0,0.060899999999999996,0.18780000000000002,25.8,11.36075114887509,39,8.5,16,55.2,55,0.0,828.6,720,27.555555555555557,333.74899999999997,330.28
browsingmain1_20260916_003151,browsingmain1_20260916_003151.csv,2026-09-16 00:36:30,2026-09-16 00:36:39,10,Normal_Workload,8.76,3.423513464913559,140.0,144,0.6666666666666666,,,,,,48.9,0.23094010767585052,48.4,0.0484,0.1629,27.3,12.605554331325537,43,9.3,17,55.2,55,0.0,870.6,892,35.77777777777778,333.64699999999993,330.28
browsingmain1_20260916_003151,browsingmain1_20260916_003151.csv,2026-09-16 00:36:31,2026-09-16 00:36:40,10,Normal_Workload,9.059999999999999,3.3337333093362127,140.4,142,0.0,,,,,,48.86,0.2951459149490498,48.3,0.0344,0.1366,26.2,13.104706533659323,16,8.6,2,55.2,55,0.0,902.8,892,35.77777777777778,333.54499999999996,330.28
browsingmain1_20260916_003151,browsingmain1_20260916_003151.csv,2026-09-16 00:36:32,2026-09-16 00:36:41,10,Normal_Workload,8.959999999999999,3.3307323185416413,140.1,139,-0.1111111111111111,,,,,,48.83,0.3267686915507338,48.4,0.0485,0.18860000000000002,28.3,14.659467930317252,47,9.6,18,55.2,55,-0.1111111111111111,902.8,570,-111.66666666666667,334.287,338.72
browsingmain1_20260916_003151,browsingmain1_20260916_003151.csv,2026-09-16 00:36:33,2026-09-16 00:36:42,10,Normal_Workload,9.05,3.317043529677863,140.1,140,0.2222222222222222,,,,,,48.74999999999999,0.324037034920394,48.4,0.0516,0.196,31.0,14.422205101855956,42,10.9,17,55.2,56,0.0,823.3,780,-88.33333333333333,331.29299999999995,330.28
browsingmain1_20260916_003151,browsingmain1_20260916_003151.csv,2026-09-16 00:36:34,2026-09-16 00:36:43,10,Normal_Workload,9.030000000000001,3.3373475828700983,140.1,138,-0.2222222222222222,,,,,,48.69,0.3281259920619933,48.4,0.0657,0.23090000000000002,31.3,13.984515246037907,14,10.9,2,55.2,56,0.1111111111111111,751.3,855,17.555555555555557,331.087,330.28
browsingmain1_20260916_003151,browsingmain1_20260916_003151.csv,2026-09-16 00:36:35,2026-09-16 00:36:44,10,Normal_Workload,9.1,3.259175083088084,139.9,138,-0.3333333333333333,,,,,,48.629999999999995,0.319895816373603,48.4,0.061,0.21480000000000002,28.9,14.379383389654324,16,9.5,2,55.3,56,0.1111111111111111,726.6,450,-40.0,331.0679999999999,330.28
browsingmain1_20260916_003151,browsingmain1_20260916_003151.csv,2026-09-16 00:36:36,2026-09-16 00:36:45,10,Normal_Workload,8.95,3.3136921334903087,139.8,140,0.2222222222222222,,,,,,48.56999999999999,0.2983286778035268,48.4,0.060999999999999985,0.18580000000000002,28.9,14.379383389654324,41,9.3,15,55.4,56,0.1111111111111111,702.6,570,-30.0,331.087,330.28
browsingmain1_20260916_003151,browsingmain1_20260916_003151.csv,2026-09-16 00:36:37,2026-09-16 00:36:46,10,Normal_Workload,9.17,3.219402981230457,140.1,141,0.3333333333333333,,,,,,48.50999999999999,0.260128173535023,48.4,0.06100000000000001,0.17270000000000002,31.8,14.187631546135135,44,10.8,17,55.5,56,0.1111111111111111,705.6,870,45.888888888888886,331.093,329.97
browsingmain1_20260916_003151,browsingmain1_20260916_003151.csv,2026-09-16 00:36:38,2026-09-16 00:36:47,10,Normal_Workload,9.3,3.1566508271337903,140.2,139,-0.2222222222222222,,,,,,48.449999999999996,0.19578900207451275,48.4,0.048499999999999995,0.14579999999999999,31.8,14.187631546135137,16,10.8,2,55.6,56,0.1111111111111111,746.9,870,16.666666666666668,331.062,329.97
browsingmain1_20260916_003151,browsingmain1_20260916_003151.csv,2026-09-16 00:36:39,2026-09-16 00:36:48,10,Normal_Workload,8.3,2.1520016522091963,140.0,139,-0.5555555555555556,,,,,,48.39,0.03162277660168424,48.4,0.0485,0.1497,32.2,14.466820275682176,43,10.9,17,55.7,56,0.1111111111111111,727.4,525,-40.77777777777778,331.03100000000006,329.97
browsingmain1_20260916_003151,browsingmain1_20260916_003151.csv,2026-09-16 00:36:40,2026-09-16 00:36:49,10,Normal_Workload,8.370000000000001,2.3295445429907065,139.6,140,-0.2222222222222222,,,,,,48.39,0.03162277660168424,48.4,0.0485,0.14819999999999997,31.8,14.187631546135137,39,10.7,15,55.8,56,0.1111111111111111,698.2,600,-32.44444444444444,331.0,329.97
browsingmain1_20260916_003151,browsingmain1_20260916_003151.csv,2026-09-16 00:36:41,2026-09-16 00:36:50,10,Normal_Workload,8.96,3.2232488785902547,139.4,140,0.1111111111111111,,,,,,48.41,0.03162277660168424,48.5,0.0469,0.1412,34.3,13.266917920568858,41,12.1,16,55.8,55,0.0,685.5,765,21.666666666666668,331.813,338.41
browsingmain1_20260916_003151,browsingmain1_20260916_003151.csv,2026-09-16 00:36:42,2026-09-16 00:36:51,10,Normal_Workload,9.22,3.295046787730538,139.4,139,-0.1111111111111111,,,,,,48.41,0.03162277660168424,48.4,0.0516,0.129,31.3,13.466419139639328,17,10.5,2,55.9,56,0.0,713.2,847,7.444444444444445,330.938,329.97
browsingmain1_20260916_003151,browsingmain1_20260916_003151.csv,2026-09-16 00:36:43,2026-09-16 00:36:52,10,Normal_Workload,9.42,3.3405920965534768,139.2,138,0.0,,,,,,48.40999999999999,0.031622776601684235,48.4,0.0485,0.12160000000000001,28.7,13.679262488241909,16,9.0,2,55.9,56,0.0,719.9,847,-0.8888888888888888,330.90700000000004,329.97
browsingmain1_20260916_003151,browsingmain1_20260916_003151.csv,2026-09-16 00:36:44,2026-09-16 00:36:53,10,Normal_Workload,9.73,3.1137865480258387,139.4,140,0.2222222222222222,,,,,,48.40999999999999,0.031622776601684235,48.4,0.0469,0.11300000000000002,31.6,13.28491207682192,43,10.4,16,55.9,56,0.0,691.4,570,13.333333333333334,330.87600000000003,329.97
browsingmain1_20260916_003151,browsingmain1_20260916_003151.csv,2026-09-16 00:36:45,2026-09-16 00:36:54,10,Normal_Workload,10.45,3.0119207603565314,139.9,143,0.3333333333333333,,,,,,48.419999999999995,0.04216370213557899,48.5,0.0375,0.09110000000000001,34.2,12.407882799073965,42,11.9,17,55.9,56,0.0,722.9,765,21.666666666666668,331.689,338.41
browsingmain1_20260916_003151,browsingmain1_20260916_003151.csv,2026-09-16 00:36:46,2026-09-16 00:36:55,10,Normal_Workload,10.8,2.78727266138225,139.8,139,-0.2222222222222222,,,,,,48.419999999999995,0.04216370213557899,48.4,0.0313,0.07730000000000001,31.8,13.23967102646017,17,10.6,2,55.9,56,0.0,750.6,847,-2.5555555555555554,331.658,329.97
browsingmain1_20260916_003151,browsingmain1_20260916_003151.csv,2026-09-16 00:36:47,2026-09-16 00:36:56,10,Normal_Workload,10.540000000000001,3.089120694739308,139.5,138,-0.1111111111111111,,,,,,48.419999999999995,0.04216370213557899,48.4,0.0501,0.1242,29.0,13.333333333333334,16,9.1,2,55.9,56,0.0,748.3,847,-2.5555555555555554,331.6580000000001,329.97
browsingmain1_20260916_003151,browsingmain1_20260916_003151.csv,2026-09-16 00:36:48,2026-09-16 00:36:57,10,Normal_Workload,10.41,3.2095170976332255,139.6,140,0.1111111111111111,,,,,,48.419999999999995,0.04216370213557899,48.4,0.0501,0.1294,31.6,13.048627003124377,42,10.6,17,55.9,56,0.0,723.5,622,10.777777777777779,330.69500000000005,320.34
browsingmain1_20260916_003151,browsingmain1_20260916_003151.csv,2026-09-16 00:36:49,2026-09-16 00:36:58,10,Normal_Workload,10.59,2.99015049788468,139.7,140,0.0,,,,,,48.42999999999999,0.04830458915396548,48.5,0.0595,0.15889999999999999,31.7,13.149144458861192,44,10.7,18,55.9,56,0.0,748.2,772,19.11111111111111,330.576,328.78
browsingmain1_20260916_003151,browsingmain1_20260916_003151.csv,2026-09-16 00:36:50,2026-09-16 00:36:59,10,Normal_Workload,10.069999999999999,2.817031534553113,139.7,140,0.0,,,,,,48.42999999999999,0.04830458915396548,48.4,0.0595,0.15880000000000002,29.5,13.623916878457205,17,9.4,2,55.9,56,0.1111111111111111,772.9,847,9.11111111111111,329.613,320.34
browsingmain1_20260916_003151,browsingmain1_20260916_003151.csv,2026-09-16 00:36:51,2026-09-16 00:37:00,10,Normal_Workload,9.53,2.1108450124693348,139.6,139,0.0,,,,,,48.419999999999995,0.04216370213557899,48.4,0.0595,0.1663,26.9,13.666260156555877,15,8.0,2,56.0,56,0.0,781.1,847,0.0,327.80600000000004,320.34
browsingmain1_20260916_003151,browsingmain1_20260916_003151.csv,2026-09-16 00:36:52,2026-09-16 00:37:01,10,Normal_Workload,9.4,2.0352450029964997,139.7,140,0.2222222222222222,,,,,,48.419999999999995,0.04216370213557899,48.4,0.053200000000000004,0.1531,29.2,13.75015151431673,40,9.3,15,56.0,56,0.0,752.6,562,-31.666666666666668,326.843,320.34
browsingmain1_20260916_003151,browsingmain1_20260916_003151.csv,2026-09-16 00:36:53,2026-09-16 00:37:02,10,Normal_Workload,9.61,2.308655212215304,139.9,140,0.0,,,,,,48.419999999999995,0.04216370213557899,48.4,0.061,0.1598,31.7,13.350405736655846,41,10.6,15,56.0,56,0.0,734.6,667,10.777777777777779,325.90500000000003,320.59
browsingmain1_20260916_003151,browsingmain1_20260916_003151.csv,2026-09-16 00:36:54,2026-09-16 00:37:03,10,Normal_Workload,9.739999999999998,2.3070905198250604,139.9,140,-0.3333333333333333,,,,,,48.42999999999999,0.04830458915396548,48.5,0.0501,0.1423,31.4,13.099618315050252,40,10.5,15,56.0,56,0.0,750.3,727,-4.222222222222222,324.861,319.53
browsingmain1_20260916_003151,browsingmain1_20260916_003151.csv,2026-09-16 00:36:55,2026-09-16 00:37:04,10,Normal_Workload,9.31,1.9416201711171235,139.5,139,0.0,,,,,,48.42999999999999,0.04830458915396548,48.5,0.0517,0.1436,31.2,12.934020600296293,40,10.4,16,56.0,56,0.0,750.3,765,-9.11111111111111,322.88599999999997,318.66
browsingmain1_20260916_003151,browsingmain1_20260916_003151.csv,2026-09-16 00:36:56,2026-09-16 00:37:05,10,Normal_Workload,9.09,1.8905907366041266,139.6,140,0.2222222222222222,,,,,,48.42999999999999,0.04830458915396548,48.4,0.0517,0.14150000000000001,31.5,12.598500792642838,20,10.6,4,56.0,56,0.0,752.6,870,2.5555555555555554,321.62299999999993,317.34
browsingmain1_20260916_003151,browsingmain1_20260916_003151.csv,2026-09-16 00:36:57,2026-09-16 00:37:06,10,Normal_Workload,9.15,1.7995369774843009,139.6,138,-0.2222222222222222,,,,,,48.42999999999999,0.04830458915396548,48.4,0.0485,0.1283,31.5,12.598500792642838,16,10.6,2,56.0,56,0.0,754.9,870,27.555555555555557,320.36,317.34
browsingmain1_20260916_003151,browsingmain1_20260916_003151.csv,2026-09-16 00:36:58,2026-09-16 00:37:07,10,Normal_Workload,9.530000000000001,1.7423164657049723,139.9,143,0.3333333333333333,,,,,,48.42999999999999,0.04830458915396548,48.4,0.0485,0.1347,31.4,12.509551905999226,41,10.4,15,56.0,56,0.0,744.4,517,-28.333333333333332,320.06,317.34
browsingmain1_20260916_003151,browsingmain1_20260916_003151.csv,2026-09-16 00:36:59,2026-09-16 00:37:08,10,Normal_Workload,9.440000000000001,1.8500450444966647,140.0,141,0.1111111111111111,,,,,,48.419999999999995,0.04216370213557899,48.4,0.0391,0.10129999999999999,31.3,12.401164819842082,43,10.2,16,56.0,56,0.0,731.7,645,-22.444444444444443,318.916,317.34
browsingmain1_20260916_003151,browsingmain1_20260916_003151.csv,2026-09-16 00:37:00,2026-09-16 00:37:09,10,Normal_Workload,9.109999999999998,2.264435176079604,140.1,141,0.2222222222222222,,,,,,48.42999999999999,0.04830458915396548,48.5,0.046900000000000004,0.12430000000000001,33.8,11.698053019389357,42,11.6,16,56.0,56,0.0,725.0,780,-7.444444444444445,319.4599999999999,325.78
browsingmain1_20260916_003151,browsingmain1_20260916_003151.csv,2026-09-16 00:37:01,2026-09-16 00:37:10,10,Normal_Workload,9.629999999999999,2.9765938774228355,140.5,143,0.3333333333333333,,,,,,48.44,0.05163977794943296,48.5,0.057800000000000004,0.14709999999999998,34.7,10.360716405946281,24,11.7,3,56.0,56,0.0,733.3,930,40.888888888888886,320.72299999999996,332.97
browsingmain1_20260916_003151,browsingmain1_20260916_003151.csv,2026-09-16 00:37:02,2026-09-16 00:37:11,10,Normal_Workload,9.87,3.095175457241659,140.7,142,0.2222222222222222,,,,,,48.45,0.052704627669473744,48.5,0.0469,0.1262,32.1,12.013418423672016,14,10.4,2,56.1,57,0.1111111111111111,770.1,930,29.22222222222222,326.7299999999999,380.41
browsingmain1_20260916_003151,browsingmain1_20260916_003151.csv,2026-09-16 00:37:03,2026-09-16 00:37:12,10,Normal_Workload,10.07,3.378707839791222,141.3,146,0.6666666666666666,,,,,,48.49,0.11972189997378613,48.8,0.0516,0.1464,29.5,12.668859459319927,15,9.1,2,56.2,57,0.1111111111111111,845.9,1425,77.55555555555556,337.86199999999997,431.91
browsingmain1_20260916_003151,browsingmain1_20260916_003151.csv,2026-09-16 00:37:04,2026-09-16 00:37:13,10,Normal_Workload,10.729999999999999,4.013601873629222,141.8,145,0.6666666666666666,,,,,,48.510000000000005,0.13703203194063004,48.7,0.05,0.13770000000000002,27.2,12.638565319423456,17,7.7,1,56.3,57,0.1111111111111111,915.7,1425,73.33333333333333,346.82099999999997,409.12
browsingmain1_20260916_003151,browsingmain1_20260916_003151.csv,2026-09-16 00:37:05,2026-09-16 00:37:14,10,Normal_Workload,12.46,6.275915161242312,142.5,146,0.6666666666666666,,,,,,48.57,0.23118054512533007,49.1,0.1386,0.1573,25.8,11.811482172492626,26,7.1,10,56.4,57,0.1111111111111111,909.7,705,-18.333333333333332,361.399,464.44
browsingmain1_20260916_003151,browsingmain1_20260916_003151.csv,2026-09-16 00:37:06,2026-09-16 00:37:15,10,Normal_Workload,12.569999999999999,6.208068227001948,142.8,143,0.5555555555555556,,,,,,48.64,0.2756809750418053,49.1,0.17450000000000002,0.2233,25.3,12.184233892845112,15,7.3,6,56.4,56,0.0,877.4,547,-35.888888888888886,376.415,467.5
browsingmain1_20260916_003151,browsingmain1_20260916_003151.csv,2026-09-16 00:37:07,2026-09-16 00:37:16,10,Normal_Workload,13.059999999999999,5.896364228158833,143.1,141,-0.2222222222222222,,,,,,48.7,0.2828427124746197,49.0,0.17140000000000002,0.18960000000000005,25.5,12.03005495507906,18,7.7,6,56.4,56,0.0,833.9,435,-9.11111111111111,390.012,453.31
browsingmain1_20260916_003151,browsingmain1_20260916_003151.csv,2026-09-16 00:37:08,2026-09-16 00:37:17,10,Normal_Workload,12.830000000000002,6.02901318625196,142.8,140,-0.1111111111111111,,,,,,48.760000000000005,0.2756809750418049,49.0,0.19640000000000002,0.221,23.4,10.793001847905378,20,6.8,6,56.4,56,0.0,825.7,435,-23.333333333333332,400.534,422.56
browsingmain1_20260916_003151,browsingmain1_20260916_003151.csv,2026-09-16 00:37:09,2026-09-16 00:37:18,10,Normal_Workload,13.01,5.863531359172559,142.7,140,-0.1111111111111111,,,,,,48.82000000000001,0.25298221281347055,49.0,0.2011,0.23809999999999998,21.8,8.508818954473059,27,6.1,9,56.4,56,0.0,804.7,435,-38.333333333333336,411.46899999999994,426.69
browsingmain1_20260916_003151,browsingmain1_20260916_003151.csv,2026-09-16 00:37:10,2026-09-16 00:37:19,10,Normal_Workload,13.34,5.4604029155365446,142.7,141,-0.2222222222222222,,,,,,48.87,0.23118054512532954,49.0,0.2136,0.26280000000000003,20.2,5.116422361159971,26,5.4,9,56.4,56,0.0,773.9,472,-50.888888888888886,418.55300000000005,396.62
browsingmain1_20260916_003151,browsingmain1_20260916_003151.csv,2026-09-16 00:37:11,2026-09-16 00:37:20,10,Normal_Workload,12.639999999999999,5.64115827349904,142.4,140,-0.2222222222222222,,,,,,48.92,0.19321835661585934,49.0,0.20270000000000002,0.2325,20.1,5.0431471655438855,23,5.8,7,56.4,56,-0.1111111111111111,728.1,472,-50.888888888888886,421.387,361.31
browsingmain1_20260916_003151,browsingmain1_20260916_003151.csv,2026-09-16 00:37:12,2026-09-16 00:37:21,10,Normal_Workload,12.06,5.968658885284776,142.3,141,-0.5555555555555556,,,,,,48.97,0.12516655570345733,49.0,0.2011,0.2279,21.2,4.756282395129858,25,6.4,8,56.3,56,-0.1111111111111111,677.8,427,-110.88888888888889,416.39,330.44
browsingmain1_20260916_003151,browsingmain1_20260916_003151.csv,2026-09-16 00:37:13,2026-09-16 00:37:22,10,Normal_Workload,11.78,5.875145388271965,142.1,144,-0.1111111111111111,,,,,,48.989999999999995,0.11005049346146067,49.0,0.20420000000000002,0.23610000000000003,22.6,4.788875998951458,29,7.1,9,56.2,56,-0.1111111111111111,578.0,427,-110.88888888888889,408.74300000000005,355.44
browsingmain1_20260916_003151,browsingmain1_20260916_003151.csv,2026-09-16 00:37:14,2026-09-16 00:37:23,10,Normal_Workload,11.62,5.740460686119964,142.1,145,-0.1111111111111111,,,,,,49.019999999999996,0.04216370213557899,49.0,0.20420000000000002,0.2364,21.9,6.045200116161949,10,7.1,1,56.2,57,0.0,593.0,1575,96.66666666666667,413.74300000000005,459.12
browsingmain1_20260916_003151,browsingmain1_20260916_003151.csv,2026-09-16 00:37:15,2026-09-16 00:37:24,10,Normal_Workload,10.129999999999999,2.558667187771356,141.7,142,-0.1111111111111111,,,,,,49.010000000000005,0.03162277660168424,49.0,0.11399999999999999,0.2116,20.1,7.248754682319194,8,6.2,1,56.2,57,0.1111111111111111,680.0,1575,114.22222222222223,416.992,496.93
browsingmain1_20260916_003151,browsingmain1_20260916_003151.csv,2026-09-16 00:37:16,2026-09-16 00:37:25,10,Normal_Workload,10.370000000000001,2.6153606082357195,141.6,142,0.1111111111111111,,,,,,49.0,0.0,49.0,0.07970000000000001,0.1464,18.6,9.593979593705859,0,5.6,0,56.3,57,0.1111111111111111,782.8,1575,126.66666666666667,420.13499999999993,498.93
browsingmain1_20260916_003151,browsingmain1_20260916_003151.csv,2026-09-16 00:37:17,2026-09-16 00:37:26,10,Normal_Workload,10.09,2.595059408440072,141.5,140,0.0,,,,,,48.989999999999995,0.03162277660168424,48.9,0.06720000000000001,0.14679999999999999,18.2,9.704523572941527,14,5.1,1,56.4,57,0.1111111111111111,896.8,1575,126.66666666666667,423.991,491.87
browsingmain1_20260916_003151,browsingmain1_20260916_003151.csv,2026-09-16 00:37:18,2026-09-16 00:37:27,10,Normal_Workload,10.24,2.548725171531839,141.2,137,-0.3333333333333333,,,,,,48.989999999999995,0.03162277660168424,49.0,0.0656,0.1398,16.7,10.52035064899349,5,4.6,1,56.5,57,0.1111111111111111,923.8,705,30.0,431.765,500.3
browsingmain1_20260916_003151,browsingmain1_20260916_003151.csv,2026-09-16 00:37:19,2026-09-16 00:37:28,10,Normal_Workload,9.89,2.960274011341218,140.1,129,-1.3333333333333333,,,,,,48.989999999999995,0.03162277660168424,49.0,0.060899999999999996,0.12309999999999999,14.0,11.035296904831233,0,3.7,0,56.5,56,0.0,924.5,442,-3.3333333333333335,438.71999999999997,496.24
browsingmain1_20260916_003151,browsingmain1_20260916_003151.csv,2026-09-16 00:37:20,2026-09-16 00:37:29,10,Normal_Workload,9.66,3.154608621613077,139.0,130,-1.1111111111111112,,,,,,48.989999999999995,0.03162277660168424,49.0,0.048400000000000006,0.09490000000000001,11.4,10.956479564369408,0,2.8,0,56.4,55,-0.1111111111111111,906.5,292,-20.0,446.157,470.99
browsingmain1_20260916_003151,browsingmain1_20260916_003151.csv,2026-09-16 00:37:21,2026-09-16 00:37:30,10,Normal_Workload,9.28,3.553652268363415,138.0,130,-1.2222222222222223,,,,,,48.959999999999994,0.09660917830792884,48.7,0.064,0.14930000000000002,9.1,10.660935960578486,0,2.1,0,56.3,55,-0.1111111111111111,880.3,210,-24.11111111111111,457.1249999999999,470.99
gamingheavymain1_20260916_011923,gamingheavymain1_20260916_011923.csv,2026-09-16 01:19:31,2026-09-16 01:19:40,10,Heavy_GPU,13.3,7.272627524568484,144.9,148,3.4444444444444446,,,,,,62.78000000000001,0.9472767986883948,64.2,0.03130000000000001,0.17829999999999996,2.0,2.9059326290271157,0,1.1,0,54.3,56,0.2222222222222222,638.9,1575,151.66666666666666,379.954,561.02
gamingheavymain1_20260916_011923,gamingheavymain1_20260916_011923.csv,2026-09-16 01:19:32,2026-09-16 01:19:41,10,Heavy_GPU,14.309999999999999,6.178897780169032,148.3,151,2.6666666666666665,,,,,,63.040000000000006,0.9442221960722788,64.2,0.03480000000000001,0.1658,2.1,2.8460498941515415,1,1.1,0,54.5,56,0.3333333333333333,775.4,1575,151.66666666666666,417.534,620.99
gamingheavymain1_20260916_011923,gamingheavymain1_20260916_011923.csv,2026-09-16 01:19:33,2026-09-16 01:19:42,10,Heavy_GPU,15.05,5.054645827794906,150.8,152,2.3333333333333335,,,,,,63.30000000000001,0.8576453553512415,64.2,0.03480000000000001,0.1843,2.2,2.780887148615228,1,1.1,0,54.8,56,0.3333333333333333,911.9,1575,151.66666666666666,455.7509999999999,627.36
gamingheavymain1_20260916_011923,gamingheavymain1_20260916_011923.csv,2026-09-16 01:19:34,2026-09-16 01:19:43,10,Heavy_GPU,15.629999999999999,4.106377154297123,152.4,147,-0.3333333333333333,,,,,,63.56000000000002,0.655235326682968,64.2,0.0379,0.2062,2.2,2.780887148615228,0,1.1,0,55.0,55,0.0,928.4,375,-133.33333333333334,494.587,633.55
gamingheavymain1_20260916_011923,gamingheavymain1_20260916_011923.csv,2026-09-16 01:19:35,2026-09-16 01:19:44,10,Heavy_GPU,15.660000000000002,4.095851559810243,152.3,149,-0.5555555555555556,,,,,,63.74000000000001,0.5378971401051835,64.2,0.014400000000000001,0.21119999999999997,2.1,2.8460498941515415,0,1.1,0,55.0,55,0.0,794.9,240,-148.33333333333334,532.0600000000001,647.38
gamingheavymain1_20260916_011923,gamingheavymain1_20260916_011923.csv,2026-09-16 01:19:36,2026-09-16 01:19:45,10,Heavy_GPU,15.9,4.206344414492628,152.1,152,-0.2222222222222222,,,,,,63.88000000000001,0.43919117578668415,64.2,0.014400000000000001,0.19039999999999999,12.0,31.04834939252005,100,8.3,72,55.1,56,0.1111111111111111,794.9,1575,134.22222222222223,565.451,662.5
gamingheavymain1_20260916_011923,gamingheavymain1_20260916_011923.csv,2026-09-16 01:19:37,2026-09-16 01:19:46,10,Heavy_GPU,15.52,3.7623278845830423,151.4,147,-0.8888888888888888,,,,,,64.0,0.35901098714230145,64.3,0.023799999999999998,0.1633,19.9,37.58383222137471,81,13.8,56,55.9,63,1.0,932.9,1747,166.66666666666666,593.146,663.41
gamingheavymain1_20260916_011923,gamingheavymain1_20260916_011923.csv,2026-09-16 01:19:38,2026-09-16 01:19:47,10,Heavy_GPU,15.129999999999999,3.1717678211229634,150.5,146,-1.0,,,,,,64.1,0.2708012801545318,64.3,0.0316,0.1684,28.9,44.77213915421559,99,20.4,70,57.0,65,1.2222222222222223,1082.9,1747,170.77777777777777,614.76,663.41
gamingheavymain1_20260916_011923,gamingheavymain1_20260916_011923.csv,2026-09-16 01:19:39,2026-09-16 01:19:48,10,Heavy_GPU,15.040000000000001,3.050755826202928,149.6,146,-1.3333333333333333,,,,,,64.17999999999999,0.17511900715418133,64.3,0.0332,0.191,38.6,48.63743414284927,99,27.1,69,58.2,66,1.3333333333333333,1236.6,1747,170.77777777777777,630.566,665.02
gamingheavymain1_20260916_011923,gamingheavymain1_20260916_011923.csv,2026-09-16 01:19:40,2026-09-16 01:19:49,10,Heavy_GPU,15.420000000000002,3.1421153525752183,148.3,145,-0.3333333333333333,,,,,,64.23999999999998,0.05163977794942928,64.3,0.0332,0.1907,48.0,50.47111385072984,99,33.4,67,59.4,66,1.1111111111111112,1390.3,1747,19.11111111111111,640.949,664.85
gamingheavymain1_20260916_011923,gamingheavymain1_20260916_011923.csv,2026-09-16 01:19:41,2026-09-16 01:19:50,10,Heavy_GPU,15.709999999999999,3.150819999090184,148.0,145,-0.6666666666666666,,,,,,64.25,0.05270462766947,64.3,0.0332,0.19090000000000001,57.9,49.71351258293195,99,40.2,68,60.5,67,1.2222222222222223,1407.5,1747,19.11111111111111,651.3369999999999,664.9
gamingheavymain1_20260916_011923,gamingheavymain1_20260916_011923.csv,2026-09-16 01:19:42,2026-09-16 01:19:51,10,Heavy_GPU,16.1,2.914332399252586,147.4,145,-0.7777777777777778,,,,,,64.25999999999999,0.05163977794942929,64.3,0.029700000000000004,0.2077,67.7,46.82603739136782,99,47.1,69,61.6,67,1.2222222222222223,1424.7,1747,19.11111111111111,655.776,665.38
gamingheavymain1_20260916_011923,gamingheavymain1_20260916_011923.csv,2026-09-16 01:19:43,2026-09-16 01:19:52,10,Heavy_GPU,17.09,2.532653417531371,146.7,145,-0.2222222222222222,,,,,,64.26999999999998,0.048304589153962046,64.3,0.029700000000000004,0.1699,77.5,41.237119201030524,99,54.0,69,62.8,68,1.4444444444444444,1441.9,1747,152.44444444444446,659.587,665.47
gamingheavymain1_20260916_011923,gamingheavymain1_20260916_011923.csv,2026-09-16 01:19:44,2026-09-16 01:19:53,10,Heavy_GPU,17.79,1.6182638158773057,146.5,145,-0.4444444444444444,,,,,,64.28,0.04216370213557599,64.3,0.025,0.13549999999999998,87.4,31.234596203568888,99,61.0,70,64.1,68,1.4444444444444444,1579.1,1747,167.44444444444446,662.8109999999999,665.79
gamingheavymain1_20260916_011923,gamingheavymain1_20260916_011923.csv,2026-09-16 01:19:45,2026-09-16 01:19:54,10,Heavy_GPU,18.16,1.132548748031036,146.1,145,-0.7777777777777778,,,,,,64.28999999999999,0.031622776601681994,64.3,0.0219,0.1028,97.3,5.735852159879995,99,68.0,70,65.5,69,1.4444444444444444,1729.1,1740,18.333333333333332,664.655,665.82
gamingheavymain1_20260916_011923,gamingheavymain1_20260916_011923.csv,2026-09-16 01:19:46,2026-09-16 01:19:55,10,Heavy_GPU,18.36,1.3866025626208351,145.4,145,-0.2222222222222222,,,,,,64.29999999999998,1.4979556132593925e-14,64.3,0.021900000000000003,0.12079999999999999,97.2,5.692099788303083,99,67.7,69,66.8,69,0.6666666666666666,1745.6,1740,-0.7777777777777778,664.9929999999999,665.88
gamingheavymain1_20260916_011923,gamingheavymain1_20260916_011923.csv,2026-09-16 01:19:47,2026-09-16 01:19:56,10,Heavy_GPU,18.66,1.6070677231114645,145.1,144,-0.2222222222222222,,,,,,64.29999999999998,1.4979556132593925e-14,64.3,0.0094,0.0813,99.0,0.0,99,68.9,68,67.4,69,0.4444444444444444,1744.9,1740,-0.7777777777777778,665.24,665.88
gamingheavymain1_20260916_011923,gamingheavymain1_20260916_011923.csv,2026-09-16 01:19:48,2026-09-16 01:19:57,10,Heavy_GPU,18.52,1.7183971860105245,144.9,144,-0.2222222222222222,,,,,,64.29999999999998,1.4979556132593925e-14,64.3,0.0016,0.0603,99.0,0.0,99,68.7,68,67.9,70,0.4444444444444444,1744.2,1740,-0.7777777777777778,665.462,665.63
gamingheavymain1_20260916_011923,gamingheavymain1_20260916_011923.csv,2026-09-16 01:19:49,2026-09-16 01:19:58,10,Heavy_GPU,18.130000000000003,2.1396001703329737,144.7,144,-0.1111111111111111,,,,,,64.29999999999998,1.4979556132593925e-14,64.3,0.0,0.0385,99.0,0.0,99,68.7,69,68.3,70,0.4444444444444444,1743.5,1740,-0.7777777777777778,665.5229999999999,665.63
gamingheavymain1_20260916_011923,gamingheavymain1_20260916_011923.csv,2026-09-16 01:19:50,2026-09-16 01:19:59,10,Heavy_GPU,18.3,2.177664396141477,144.7,145,0.0,,,,,,64.29999999999998,1.4979556132593925e-14,64.3,0.0,0.071,99.1,0.31622776601683794,100,68.8,68,68.7,70,0.3333333333333333,1742.8,1740,-0.7777777777777778,665.601,665.63
gamingheavymain1_20260916_011923,gamingheavymain1_20260916_011923.csv,2026-09-16 01:19:51,2026-09-16 01:20:00,10,Heavy_GPU,18.15,2.3167266179293193,144.5,143,-0.2222222222222222,,,,,,64.25999999999999,0.12649110640673472,63.9,0.0,0.07039999999999999,99.2,0.4216370213557839,100,69.0,70,69.1,71,0.4444444444444444,1742.1,1740,-0.7777777777777778,665.6899999999999,665.79
gamingheavymain1_20260916_011923,gamingheavymain1_20260916_011923.csv,2026-09-16 01:19:52,2026-09-16 01:20:01,10,Heavy_GPU,18.419999999999998,2.2195094553126427,144.5,145,0.0,,,,,,64.22,0.168654808542313,63.9,0.0125,0.0951,99.2,0.4216370213557839,99,69.2,71,69.5,71,0.3333333333333333,1741.4,1740,-0.7777777777777778,665.732,665.8
gamingheavymain1_20260916_011923,gamingheavymain1_20260916_011923.csv,2026-09-16 01:19:53,2026-09-16 01:20:02,10,Heavy_GPU,17.990000000000002,2.1661281382021493,144.5,145,0.0,,,,,,64.15,0.2549509756796379,63.6,0.0125,0.11159999999999999,99.2,0.4216370213557839,99,69.3,70,69.8,71,0.3333333333333333,1740.7,1740,-0.7777777777777778,665.614,664.29
gamingheavymain1_20260916_011923,gamingheavymain1_20260916_011923.csv,2026-09-16 01:19:54,2026-09-16 01:20:03,10,Heavy_GPU,17.95,2.159346608994901,144.4,144,-0.1111111111111111,,,,,,64.08,0.30110906108363067,63.6,0.0125,0.12739999999999999,99.2,0.4216370213557839,99,69.4,71,70.1,71,0.2222222222222222,1740.0,1740,0.0,665.4639999999999,664.29
gamingheavymain1_20260916_011923,gamingheavymain1_20260916_011923.csv,2026-09-16 01:19:55,2026-09-16 01:20:04,10,Heavy_GPU,17.970000000000002,2.162842779512392,144.3,144,-0.1111111111111111,,,,,,64.01,0.32472210341219954,63.6,0.0125,0.12889999999999996,99.2,0.4216370213557839,99,69.6,72,70.4,72,0.3333333333333333,1740.0,1740,0.0,664.561,656.79
gamingheavymain1_20260916_011923,gamingheavymain1_20260916_011923.csv,2026-09-16 01:19:56,2026-09-16 01:20:05,10,Heavy_GPU,17.85,2.0233360790755666,144.2,144,0.0,,,,,,63.94000000000001,0.3306559138036579,63.6,0.026600000000000002,0.1439,99.2,0.4216370213557839,99,69.9,72,70.7,72,0.3333333333333333,1740.0,1740,0.0,663.652,656.79
gamingheavymain1_20260916_011923,gamingheavymain1_20260916_011923.csv,2026-09-16 01:19:57,2026-09-16 01:20:06,10,Heavy_GPU,17.8,1.9413626371414714,144.2,144,0.0,,,,,,63.86999999999999,0.3198958163736001,63.6,0.026600000000000002,0.144,99.2,0.4216370213557839,99,70.3,72,71.0,72,0.2222222222222222,1740.0,1740,0.0,662.743,656.79
gamingheavymain1_20260916_011923,gamingheavymain1_20260916_011923.csv,2026-09-16 01:19:58,2026-09-16 01:20:07,10,Heavy_GPU,17.970000000000002,1.908489804356663,144.2,144,0.0,,,,,,63.8,0.2905932629027097,63.6,0.026600000000000002,0.2311,95.9,10.514011814927946,66,67.8,43,71.0,70,0.0,1740.0,1740,0.0,661.889,657.09
gamingheavymain1_20260916_011923,gamingheavymain1_20260916_011923.csv,2026-09-16 01:19:59,2026-09-16 01:20:08,10,Heavy_GPU,18.37,1.4689754555093453,144.3,145,0.0,,,,,,63.730000000000004,0.2359378449224836,63.6,0.026600000000000002,0.2303,92.7,13.816656614391196,67,65.2,43,70.9,69,-0.1111111111111111,1740.0,1740,0.0,661.0350000000001,657.09
gamingheavymain1_20260916_011923,gamingheavymain1_20260916_011923.csv,2026-09-16 01:20:00,2026-09-16 01:20:09,10,Heavy_GPU,18.259999999999998,1.4151560573543351,144.4,146,0.3333333333333333,,,,,,63.660000000000004,0.12649110640673397,63.6,0.026600000000000002,0.21280000000000002,89.3,15.85384636119716,66,62.7,43,70.8,69,-0.2222222222222222,1740.0,1740,0.0,660.181,657.09
gamingheavymain1_20260916_011923,gamingheavymain1_20260916_011923.csv,2026-09-16 01:20:01,2026-09-16 01:20:10,10,Heavy_GPU,18.480000000000004,1.089138293433034,144.7,146,0.1111111111111111,,,,,,63.63000000000001,0.09486832980505049,63.6,0.026600000000000002,0.2177,86.0,16.786237749352228,67,60.1,44,70.6,69,-0.2222222222222222,1740.0,1740,0.0,659.311,657.09
gamingheavymain1_20260916_011923,gamingheavymain1_20260916_011923.csv,2026-09-16 01:20:02,2026-09-16 01:20:11,10,Heavy_GPU,18.51,1.1059937713306625,144.7,145,0.0,,,,,,63.6,0.0,63.6,0.014099999999999998,0.1762,82.6,17.296113885944308,65,57.2,42,70.4,69,-0.2222222222222222,1740.0,1740,0.0,658.44,657.09
gamingheavymain1_20260916_011923,gamingheavymain1_20260916_011923.csv,2026-09-16 01:20:03,2026-09-16 01:20:12,10,Heavy_GPU,19.63,2.8752004761021066,144.6,144,0.0,,,,,,63.629999999999995,0.09486832980505049,63.9,0.014099999999999998,0.1651,78.9,17.355434627548544,62,54.3,41,70.2,69,-0.2222222222222222,1740.0,1740,0.0,657.72,657.09
gamingheavymain1_20260916_011923,gamingheavymain1_20260916_011923.csv,2026-09-16 01:20:04,2026-09-16 01:20:13,10,Heavy_GPU,19.96,2.8694560072908906,144.8,146,0.2222222222222222,,,,,,63.660000000000004,0.12649110640673397,63.9,0.014099999999999998,0.1641,78.9,17.355434627548544,99,54.7,75,70.4,73,0.1111111111111111,1740.0,1740,0.0,656.868,655.77
gamingheavymain1_20260916_011923,gamingheavymain1_20260916_011923.csv,2026-09-16 01:20:05,2026-09-16 01:20:14,10,Heavy_GPU,19.82,2.985818331900169,145.0,146,0.2222222222222222,,,,,,63.69,0.14491376746189302,63.9,0.0172,0.189,78.9,17.355434627548544,99,54.9,74,70.5,73,0.1111111111111111,1740.0,1740,0.0,656.7660000000002,655.77
gamingheavymain1_20260916_011923,gamingheavymain1_20260916_011923.csv,2026-09-16 01:20:06,2026-09-16 01:20:15,10,Heavy_GPU,19.5,3.1885210782848317,145.1,145,0.1111111111111111,,,,,,63.71999999999999,0.1549193338482952,63.9,0.0031,0.163,78.9,17.355434627548544,99,55.0,73,70.7,74,0.2222222222222222,1739.2,1732,-0.8888888888888888,656.6640000000001,655.77
gamingheavymain1_20260916_011923,gamingheavymain1_20260916_011923.csv,2026-09-16 01:20:07,2026-09-16 01:20:16,10,Heavy_GPU,19.330000000000002,3.174569087118579,145.3,146,0.2222222222222222,,,,,,63.75,0.15811388300841747,63.9,0.0031,0.16620000000000001,78.9,17.355434627548544,99,55.1,73,70.9,74,0.4444444444444444,1738.4,1732,-0.8888888888888888,656.5620000000001,655.77
gamingheavymain1_20260916_011923,gamingheavymain1_20260916_011923.csv,2026-09-16 01:20:08,2026-09-16 01:20:17,10,Heavy_GPU,19.520000000000003,3.169577609433506,145.5,146,0.1111111111111111,,,,,,63.779999999999994,0.1549193338482952,63.9,0.0031,0.0883,82.2,17.762632437538954,99,58.1,73,71.3,74,0.5555555555555556,1737.6,1732,-0.8888888888888888,656.4300000000001,655.77
gamingheavymain1_20260916_011923,gamingheavymain1_20260916_011923.csv,2026-09-16 01:20:09,2026-09-16 01:20:18,10,Heavy_GPU,19.720000000000002,3.161153094819814,145.6,146,0.0,,,,,,63.80999999999999,0.144913767461893,63.9,0.0031,0.0893,85.4,17.60176758800724,99,60.9,71,71.8,74,0.5555555555555556,1736.8,1732,-0.8888888888888888,656.2980000000001,655.77
gamingheavymain1_20260916_011923,gamingheavymain1_20260916_011923.csv,2026-09-16 01:20:10,2026-09-16 01:20:19,10,Heavy_GPU,19.87,3.126961606558176,145.5,145,-0.1111111111111111,,,,,,63.839999999999996,0.12649110640673397,63.9,0.0031,0.0743,88.6,16.560998359599783,98,63.7,71,72.3,74,0.5555555555555556,1736.0,1732,-0.8888888888888888,656.1659999999999,655.77
gamingheavymain1_20260916_011923,gamingheavymain1_20260916_011923.csv,2026-09-16 01:20:11,2026-09-16 01:20:20,10,Heavy_GPU,20.020000000000003,3.0517026213064873,145.4,145,0.0,,,,,,63.86999999999999,0.09486832980505049,63.9,0.0031,0.0873,91.8,14.935416521365138,99,66.6,73,72.8,74,0.5555555555555556,1735.2,1732,-0.8888888888888888,656.034,655.77
gamingheavymain1_20260916_011923,gamingheavymain1_20260916_011923.csv,2026-09-16 01:20:12,2026-09-16 01:20:21,10,Heavy_GPU,19.880000000000003,3.1247399891831,145.3,144,0.0,,,,,,63.9,0.0,63.9,0.0031,0.0876,95.2,11.669523459755236,99,70.0,76,73.3,74,0.5555555555555556,1734.4,1732,-0.8888888888888888,655.902,655.77
gamingheavymain1_20260916_011923,gamingheavymain1_20260916_011923.csv,2026-09-16 01:20:13,2026-09-16 01:20:22,10,Heavy_GPU,18.7,1.9252705437591535,145.3,144,-0.2222222222222222,,,,,,63.9,0.0,63.9,0.0031,0.08220000000000001,98.9,0.31622776601683794,99,73.5,76,73.9,75,0.2222222222222222,1733.6,1732,-0.8888888888888888,655.7700000000001,655.77
gamingheavymain1_20260916_011923,gamingheavymain1_20260916_011923.csv,2026-09-16 01:20:14,2026-09-16 01:20:23,10,Heavy_GPU,18.38,1.6765042996266566,145.1,144,-0.2222222222222222,,,,,,63.9,0.0,63.9,0.0031,0.0674,98.9,0.31622776601683794,99,73.6,76,74.1,75,0.2222222222222222,1732.8,1732,-0.8888888888888888,655.7700000000001,655.77
gamingheavymain1_20260916_011923,gamingheavymain1_20260916_011923.csv,2026-09-16 01:20:15,2026-09-16 01:20:24,10,Heavy_GPU,18.18,1.9555050498528506,144.8,143,-0.2222222222222222,,,,,,63.9,0.0,63.9,0.0,0.075,99.0,0.4714045207910317,100,73.7,75,74.3,75,0.1111111111111111,1732.0,1732,0.0,655.7700000000001,655.77
gamingheavymain1_20260916_011923,gamingheavymain1_20260916_011923.csv,2026-09-16 01:20:16,2026-09-16 01:20:25,10,Heavy_GPU,18.07,2.0987033033650935,144.6,143,-0.3333333333333333,,,,,,63.9,0.0,63.9,0.0,0.0828,99.1,0.5676462121975467,100,73.9,75,74.4,75,0.1111111111111111,1732.0,1732,0.0,655.7700000000001,655.77
gamingheavymain1_20260916_011923,gamingheavymain1_20260916_011923.csv,2026-09-16 01:20:17,2026-09-16 01:20:26,10,Heavy_GPU,17.709999999999997,2.2619804498614826,144.3,143,-0.3333333333333333,,,,,,63.9,0.0,63.9,0.0,0.0795,99.2,0.6324555320336759,100,74.3,77,74.5,75,0.1111111111111111,1732.0,1732,0.0,655.7700000000001,655.77
gamingheavymain1_20260916_011923,gamingheavymain1_20260916_011923.csv,2026-09-16 01:20:18,2026-09-16 01:20:27,10,Heavy_GPU,17.83,2.4395127017956315,144.0,143,-0.3333333333333333,,,,,,63.9,0.0,63.9,0.0,0.0695,99.2,0.6324555320336759,99,74.7,77,74.6,75,0.1111111111111111,1732.0,1732,0.0,655.7700000000001,655.77
gamingheavymain1_20260916_011923,gamingheavymain1_20260916_011923.csv,2026-09-16 01:20:19,2026-09-16 01:20:28,10,Heavy_GPU,17.580000000000002,2.2567429824614256,143.7,143,-0.2222222222222222,,,,,,63.9,0.0,63.9,0.0,0.0708,99.3,0.6749485577105528,100,75.1,75,74.8,76,0.2222222222222222,1732.0,1732,0.0,655.7700000000001,655.77
gamingheavymain1_20260916_011923,gamingheavymain1_20260916_011923.csv,2026-09-16 01:20:20,2026-09-16 01:20:29,10,Heavy_GPU,17.41,2.122603223507504,143.5,143,-0.2222222222222222,,,,,,63.9,0.0,63.9,0.0062,0.10630000000000002,99.5,0.5270462766947299,100,75.5,75,75.0,76,0.2222222222222222,1732.0,1732,0.0,655.7700000000001,655.77
gamingheavymain1_20260916_011923,gamingheavymain1_20260916_011923.csv,2026-09-16 01:20:21,2026-09-16 01:20:30,10,Heavy_GPU,17.270000000000003,2.0281628249340447,143.4,144,0.0,,,,,,63.9,0.0,63.9,0.0124,0.1083,98.9,2.1317702607092643,93,75.1,69,75.0,74,0.0,1732.0,1732,0.0,655.7700000000001,655.77
gamingheavymain1_20260916_011923,gamingheavymain1_20260916_011923.csv,2026-09-16 01:20:22,2026-09-16 01:20:31,10,Heavy_GPU,17.270000000000003,2.0281628249340447,143.4,144,0.0,,,,,,63.9,0.0,63.9,0.0124,0.1092,98.2,3.0477678535099892,92,74.3,68,75.0,74,-0.1111111111111111,1732.0,1732,0.0,655.7700000000001,655.77
gamingheavymain1_20260916_011923,gamingheavymain1_20260916_011923.csv,2026-09-16 01:20:23,2026-09-16 01:20:32,10,Heavy_GPU,17.56,1.9856149341366942,143.4,144,0.0,,,,,,63.9,0.0,63.9,0.0124,0.12569999999999998,97.5,3.5978388574871505,92,73.6,69,74.9,74,-0.1111111111111111,1732.0,1732,0.0,655.7700000000001,655.77
gamingheavymain1_20260916_011923,gamingheavymain1_20260916_011923.csv,2026-09-16 01:20:24,2026-09-16 01:20:33,10,Heavy_GPU,17.55,1.9822826348541838,143.4,144,0.1111111111111111,,,,,,63.9,0.0,63.9,0.014000000000000002,0.15439999999999998,96.7,4.083843505544475,91,72.7,67,74.8,74,-0.1111111111111111,1732.0,1732,0.0,655.7700000000001,655.77
gamingheavymain1_20260916_011923,gamingheavymain1_20260916_011923.csv,2026-09-16 01:20:25,2026-09-16 01:20:34,10,Heavy_GPU,17.830000000000002,1.7682697129617357,143.6,145,0.2222222222222222,,,,,,63.9,0.0,63.9,0.014000000000000002,0.1196,95.7,4.3982319680121975,90,71.8,66,74.7,74,-0.1111111111111111,1732.0,1732,0.0,655.7700000000001,655.77
gamingheavymain1_20260916_011923,gamingheavymain1_20260916_011923.csv,2026-09-16 01:20:26,2026-09-16 01:20:35,10,Heavy_GPU,18.490000000000002,1.904059989717878,143.8,145,0.2222222222222222,,,,,,63.9,0.0,63.9,0.015600000000000003,0.11000000000000001,94.8,4.3410188256265885,91,70.9,66,74.6,74,-0.1111111111111111,1732.0,1732,0.0,655.7700000000001,655.77
gamingheavymain1_20260916_011923,gamingheavymain1_20260916_011923.csv,2026-09-16 01:20:27,2026-09-16 01:20:36,10,Heavy_GPU,18.76,1.5428689006018772,144.0,145,0.2222222222222222,,,,,,63.9,0.0,63.9,0.015600000000000003,0.13240000000000002,94.1,3.9567101935263786,93,69.9,67,74.5,74,-0.1111111111111111,1732.0,1732,0.0,655.7700000000001,655.77
gamingheavymain1_20260916_011923,gamingheavymain1_20260916_011923.csv,2026-09-16 01:20:28,2026-09-16 01:20:37,10,Heavy_GPU,18.720000000000002,1.467272602105311,144.2,145,0.2222222222222222,,,,,,63.9,0.0,63.9,0.0156,0.1339,94.1,3.956710193526379,99,69.5,73,74.5,75,-0.1111111111111111,1732.0,1732,0.0,655.7700000000001,655.77
gamingheavymain1_20260916_011923,gamingheavymain1_20260916_011923.csv,2026-09-16 01:20:29,2026-09-16 01:20:38,10,Heavy_GPU,18.720000000000002,1.467272602105311,144.4,145,0.2222222222222222,,,,,,63.9,0.0,63.9,0.0156,0.1519,93.9,3.6651512019742554,98,69.4,74,74.4,75,-0.1111111111111111,1732.0,1732,0.0,655.7700000000001,655.77
gamingheavymain1_20260916_011923,gamingheavymain1_20260916_011923.csv,2026-09-16 01:20:30,2026-09-16 01:20:39,10,Heavy_GPU,18.75,1.458499990477279,144.6,145,0.1111111111111111,,,,,,63.9,0.0,63.9,0.0094,0.11649999999999998,93.6,3.2041639575194436,97,69.1,72,74.3,75,0.1111111111111111,1732.0,1732,0.0,655.7700000000001,655.77
gamingheavymain1_20260916_011923,gamingheavymain1_20260916_011923.csv,2026-09-16 01:20:31,2026-09-16 01:20:40,10,Heavy_GPU,18.93,1.4530045499661117,144.7,145,0.1111111111111111,,,,,,63.9,0.0,63.9,0.0032,0.1222,93.9,3.2812599206199233,96,69.2,70,74.4,75,0.1111111111111111,1732.0,1732,0.0,655.7700000000001,655.77
gamingheavymain1_20260916_011923,gamingheavymain1_20260916_011923.csv,2026-09-16 01:20:32,2026-09-16 01:20:41,10,Heavy_GPU,19.36,1.6971872154964065,144.8,145,0.1111111111111111,,,,,,63.9,0.0,63.9,0.0032,0.12489999999999998,94.5,3.4399612400917157,98,69.6,72,74.5,75,0.1111111111111111,1732.0,1732,0.0,655.7700000000001,655.77
gamingheavymain1_20260916_011923,gamingheavymain1_20260916_011923.csv,2026-09-16 01:20:33,2026-09-16 01:20:42,10,Heavy_GPU,19.46,1.676769380551648,144.9,145,0.1111111111111111,,,,,,63.89,0.03162277660168424,63.8,0.0032,0.11609999999999998,94.8,3.3266599866332403,95,69.7,70,74.6,75,0.1111111111111111,1732.0,1732,0.0,655.7700000000001,655.77
gamingheavymain1_20260916_011923,gamingheavymain1_20260916_011923.csv,2026-09-16 01:20:34,2026-09-16 01:20:43,10,Heavy_GPU,19.859999999999996,1.7895995827745013,145.0,145,0.0,,,,,,63.879999999999995,0.04216370213557899,63.8,0.0016,0.0876,95.2,3.04776785350999,95,70.0,70,74.6,74,0.0,1732.0,1732,0.0,655.7700000000001,655.77
gamingheavymain1_20260916_011923,gamingheavymain1_20260916_011923.csv,2026-09-16 01:20:35,2026-09-16 01:20:44,10,Heavy_GPU,19.73,1.991677126890245,145.0,145,0.0,,,,,,63.86999999999999,0.04830458915396548,63.8,0.0016,0.1076,95.4,2.7162065049951147,92,70.1,67,74.6,74,0.0,1732.0,1732,0.0,655.7700000000001,655.77
gamingheavymain1_20260916_011923,gamingheavymain1_20260916_011923.csv,2026-09-16 01:20:36,2026-09-16 01:20:45,10,Heavy_GPU,19.28,1.980347893118222,145.0,145,0.0,,,,,,63.85999999999999,0.05163977794943296,63.8,0.0,0.1024,95.6,2.412928142780514,93,70.4,69,74.6,74,0.0,1732.0,1732,0.0,655.7700000000001,655.77
gamingheavymain1_20260916_011923,gamingheavymain1_20260916_011923.csv,2026-09-16 01:20:37,2026-09-16 01:20:46,10,Heavy_GPU,19.370000000000005,1.9304864096330179,145.0,145,0.0,,,,,,63.84999999999999,0.05270462766947374,63.8,0.0125,0.13069999999999998,95.9,2.2335820757001272,96,70.8,71,74.6,74,-0.1111111111111111,1732.0,1732,0.0,655.7700000000001,655.77
gamingheavymain1_20260916_011923,gamingheavymain1_20260916_011923.csv,2026-09-16 01:20:38,2026-09-16 01:20:47,10,Heavy_GPU,19.020000000000003,1.899005587728015,145.0,145,0.0,,,,,,63.84999999999999,0.05270462766947374,63.9,0.0125,0.129,95.6,1.955050439815357,96,70.7,72,74.5,74,-0.1111111111111111,1732.0,1732,0.0,655.7700000000001,655.77
gamingheavymain1_20260916_011923,gamingheavymain1_20260916_011923.csv,2026-09-16 01:20:39,2026-09-16 01:20:48,10,Heavy_GPU,19.03,1.893292253075461,145.0,145,0.0,,,,,,63.85,0.052704627669473744,63.9,0.0125,0.1089,95.4,1.7763883459298968,96,70.5,72,74.4,74,-0.1111111111111111,1732.0,1732,0.0,655.7700000000001,655.77
gamingheavymain1_20260916_011923,gamingheavymain1_20260916_011923.csv,2026-09-16 01:20:40,2026-09-16 01:20:49,10,Heavy_GPU,18.889999999999997,1.9863142864220769,145.0,145,0.0,,,,,,63.83999999999999,0.05163977794943296,63.8,0.0125,0.10880000000000001,94.8,2.14993539954628,91,70.1,68,74.3,74,-0.1111111111111111,1732.0,1732,0.0,655.7700000000001,655.77
gamingheavymain1_20260916_011923,gamingheavymain1_20260916_011923.csv,2026-09-16 01:20:41,2026-09-16 01:20:50,10,Heavy_GPU,19.42,2.7764085514283456,144.3,138,-0.7777777777777778,,,,,,63.829999999999984,0.04830458915396548,63.8,0.0125,0.08380000000000001,94.2,2.573367875415838,90,69.7,66,74.1,73,-0.2222222222222222,1732.0,1732,0.0,655.7700000000001,655.77
gamingheavymain1_20260916_011923,gamingheavymain1_20260916_011923.csv,2026-09-16 01:20:42,2026-09-16 01:20:51,10,Heavy_GPU,19.51,2.8853846267775882,144.3,145,0.0,,,,,,63.81999999999999,0.04216370213557899,63.8,0.0125,0.097,93.6,2.2705848487901865,92,69.3,68,74.0,74,-0.1111111111111111,1732.0,1732,0.0,655.7700000000001,655.77
gamingheavymain1_20260916_011923,gamingheavymain1_20260916_011923.csv,2026-09-16 01:20:43,2026-09-16 01:20:52,10,Heavy_GPU,19.73,2.975473818477394,144.3,145,0.0,,,,,,63.81999999999999,0.04216370213557899,63.8,0.0156,0.0955,92.9,2.806737924669451,88,68.7,64,73.8,73,-0.1111111111111111,1732.0,1732,0.0,655.782,655.89
gamingheavymain1_20260916_011923,gamingheavymain1_20260916_011923.csv,2026-09-16 01:20:44,2026-09-16 01:20:53,10,Heavy_GPU,19.550000000000004,2.8687008286756646,144.5,147,0.2222222222222222,,,,,,63.83,0.04830458915396548,63.9,0.0156,0.09530000000000001,92.8,2.7406406388125957,94,68.0,63,73.7,73,-0.1111111111111111,1732.0,1732,0.0,655.482,652.77
gamingheavymain1_20260916_011923,gamingheavymain1_20260916_011923.csv,2026-09-16 01:20:45,2026-09-16 01:20:54,10,Heavy_GPU,20.26,2.908302292097955,144.3,143,-0.2222222222222222,,,,,,63.839999999999996,0.05163977794943296,63.9,0.0156,0.0757,92.4,3.1340424729448424,88,67.1,58,73.6,73,-0.1111111111111111,1732.0,1732,0.0,655.169,652.64
gamingheavymain1_20260916_011923,gamingheavymain1_20260916_011923.csv,2026-09-16 01:20:46,2026-09-16 01:20:55,10,Heavy_GPU,20.589999999999996,2.7159815086917574,144.3,145,0.0,,,,,,63.83999999999999,0.05163977794943296,63.8,0.0156,0.076,92.5,3.1710495984067415,94,66.5,63,73.6,74,0.0,1732.0,1732,0.0,654.856,652.64
gamingheavymain1_20260916_011923,gamingheavymain1_20260916_011923.csv,2026-09-16 01:20:47,2026-09-16 01:20:56,10,Heavy_GPU,20.6,2.7088332871880056,144.3,145,0.0,,,,,,63.83999999999999,0.05163977794943296,63.8,0.0031,0.051500000000000004,92.2,2.936362072739366,93,65.6,62,73.6,74,0.0,1732.0,1732,0.0,654.543,652.64
gamingheavymain1_20260916_011923,gamingheavymain1_20260916_011923.csv,2026-09-16 01:20:48,2026-09-16 01:20:57,10,Heavy_GPU,20.54,2.7881495257209177,144.3,145,0.0,,,,,,63.829999999999984,0.04830458915396548,63.8,0.0031,0.0696,92.2,2.9363620727393656,96,64.8,64,73.6,74,0.0,1732.0,1732,0.0,654.23,652.64
gamingheavymain1_20260916_011923,gamingheavymain1_20260916_011923.csv,2026-09-16 01:20:49,2026-09-16 01:20:58,10,Heavy_GPU,20.68,2.6852684533704756,144.3,145,0.0,,,,,,63.81999999999999,0.04216370213557899,63.8,0.0031,0.071,92.2,2.9363620727393656,96,64.0,64,73.6,74,0.0,1732.0,1732,0.0,653.917,652.64
gamingheavymain1_20260916_011923,gamingheavymain1_20260916_011923.csv,2026-09-16 01:20:50,2026-09-16 01:20:59,10,Heavy_GPU,20.85,2.4793592362185484,144.4,146,0.8888888888888888,,,,,,63.81999999999999,0.04216370213557899,63.8,0.0031,0.0714,91.6,3.717824931626316,85,62.4,52,73.5,73,0.0,1732.0,1732,0.0,653.6320000000001,652.92
gamingheavymain1_20260916_011923,gamingheavymain1_20260916_011923.csv,2026-09-16 01:20:51,2026-09-16 01:21:00,10,Heavy_GPU,20.19,2.101560266933965,145.2,146,0.1111111111111111,,,,,,63.81999999999999,0.04216370213557899,63.8,0.0031,0.0708,90.4,5.699902533279748,78,60.7,49,73.4,72,-0.2222222222222222,1732.0,1732,0.0,653.347,652.92
gamingheavymain1_20260916_011923,gamingheavymain1_20260916_011923.csv,2026-09-16 01:20:52,2026-09-16 01:21:01,10,Heavy_GPU,20.080000000000002,1.962311562078425,145.3,146,0.1111111111111111,,,,,,63.81999999999999,0.04216370213557899,63.8,0.0031,0.0732,89.3,6.3779132776934,81,59.0,51,73.2,72,-0.1111111111111111,1732.0,1732,0.0,653.062,652.92
gamingheavymain1_20260916_011923,gamingheavymain1_20260916_011923.csv,2026-09-16 01:20:53,2026-09-16 01:21:02,10,Heavy_GPU,19.680000000000003,1.9803478931182215,145.4,146,-0.1111111111111111,,,,,,63.81999999999999,0.04216370213557899,63.8,0.0,0.0671,88.6,6.899275324264137,81,57.7,51,73.1,72,-0.1111111111111111,1732.0,1732,0.0,652.765,652.92
gamingheavymain1_20260916_011923,gamingheavymain1_20260916_011923.csv,2026-09-16 01:20:54,2026-09-16 01:21:03,10,Heavy_GPU,19.869999999999997,2.131796321311104,145.3,146,0.3333333333333333,,,,,,63.80999999999999,0.031622776601684235,63.8,0.0,0.0847,87.7,6.700746227100382,85,56.7,53,73.0,72,-0.1111111111111111,1732.0,1732,0.0,652.78,652.92
gamingheavymain1_20260916_011923,gamingheavymain1_20260916_011923.csv,2026-09-16 01:20:55,2026-09-16 01:21:04,10,Heavy_GPU,19.59,1.7342625714310584,145.6,146,0.1111111111111111,,,,,,63.79999999999999,7.489778066296963e-15,63.8,0.0,0.096,87.6,6.703233050799692,87,56.4,55,72.9,72,-0.2222222222222222,1732.0,1732,0.0,652.808,652.92
gamingheavymain1_20260916_011923,gamingheavymain1_20260916_011923.csv,2026-09-16 01:20:56,2026-09-16 01:21:05,10,Heavy_GPU,19.490000000000002,1.6980053657813399,145.7,146,0.1111111111111111,,,,,,63.79999999999999,7.489778066296963e-15,63.8,0.0,0.09690000000000001,87.1,6.349978127696364,89,55.8,57,72.8,73,-0.1111111111111111,1732.0,1732,0.0,652.836,652.92
gamingheavymain1_20260916_011923,gamingheavymain1_20260916_011923.csv,2026-09-16 01:20:57,2026-09-16 01:21:06,10,Heavy_GPU,19.57,1.685922101798696,145.7,145,0.0,,,,,,63.79999999999999,7.489778066296963e-15,63.8,0.0,0.084,86.2,6.051629716218783,84,55.0,54,72.6,72,-0.2222222222222222,1732.0,1732,0.0,652.8639999999999,652.92
gamingheavymain1_20260916_011923,gamingheavymain1_20260916_011923.csv,2026-09-16 01:20:58,2026-09-16 01:21:07,10,Heavy_GPU,20.05,1.550806241927082,145.7,145,0.0,,,,,,63.79999999999999,7.489778066296963e-15,63.8,0.0,0.07830000000000001,85.5,5.126185499743233,89,54.4,58,72.4,72,-0.2222222222222222,1732.0,1732,0.0,652.892,652.92
gamingheavymain1_20260916_011923,gamingheavymain1_20260916_011923.csv,2026-09-16 01:20:59,2026-09-16 01:21:08,10,Heavy_GPU,20.16,1.5464655041595834,145.7,145,-0.1111111111111111,,,,,,63.79999999999999,7.489778066296963e-15,63.8,0.0,0.0767,84.5,3.5978388574871505,86,53.3,53,72.2,72,-0.1111111111111111,1732.0,1732,0.0,652.92,652.92
gamingheavymain1_20260916_011923,gamingheavymain1_20260916_011923.csv,2026-09-16 01:21:00,2026-09-16 01:21:09,10,Heavy_GPU,20.21,1.5051393438630338,145.6,145,-0.1111111111111111,,,,,,63.79999999999999,7.489778066296963e-15,63.8,0.0,0.0764,84.1,3.7549966711037177,81,53.0,49,72.1,72,0.0,1732.0,1732,0.0,652.92,652.92
gamingheavymain1_20260916_011923,gamingheavymain1_20260916_011923.csv,2026-09-16 01:21:01,2026-09-16 01:21:10,10,Heavy_GPU,20.240000000000002,1.467575476007206,145.6,146,0.0,,,,,,63.80999999999999,0.03162277660168424,63.9,0.0,0.10070000000000001,86.2,5.4528280124476085,99,54.8,67,72.2,73,0.1111111111111111,1732.0,1732,0.0,653.252,656.24
gamingheavymain1_20260916_011923,gamingheavymain1_20260916_011923.csv,2026-09-16 01:21:02,2026-09-16 01:21:11,10,Heavy_GPU,25.25,16.481386807884558,142.6,116,-3.3333333333333335,,,,,,63.94,0.40879225911348954,65.1,0.2661,0.24020000000000002,78.1,27.91833328358506,0,49.7,0,71.6,66,-0.6666666666666666,1732.8,1740,0.8888888888888888,613.095,251.35
gamingheavymain1_20260916_011923,gamingheavymain1_20260916_011923.csv,2026-09-16 01:21:03,2026-09-16 01:21:12,10,Heavy_GPU,28.669999999999998,18.220321377821826,140.1,121,-2.7777777777777777,,,,,,64.1,0.6110100926607801,65.4,0.3339,0.43879999999999997,70.2,36.778012755207726,2,44.6,0,70.9,65,-0.7777777777777778,1717.1,1575,-17.444444444444443,577.3820000000001,295.79
gamingheavymain1_20260916_011923,gamingheavymain1_20260916_011923.csv,2026-09-16 01:21:04,2026-09-16 01:21:13,10,Heavy_GPU,28.27,18.42094520436512,140.5,150,0.4444444444444444,,,,,,64.27000000000001,0.7409453421137097,65.5,0.4034,0.5062,61.9,42.05406573025306,2,39.3,0,70.0,63,-1.0,1578.4,345,-154.11111111111111,547.536,354.46
gamingheavymain1_20260916_011923,gamingheavymain1_20260916_011923.csv,2026-09-16 01:21:05,2026-09-16 01:21:14,10,Heavy_GPU,28.009999999999998,18.555948432301225,140.5,146,0.0,,,,,,64.45,0.8276472678623431,65.6,0.42679999999999996,0.5206999999999999,58.1,41.24304655198121,49,34.7,9,69.1,63,-1.1111111111111112,1436.7,315,-157.44444444444446,525.9689999999999,437.25
gamingheavymain1_20260916_011923,gamingheavymain1_20260916_011923.csv,2026-09-16 01:21:06,2026-09-16 01:21:15,10,Heavy_GPU,29.6,18.436075745366445,139.4,135,-1.1111111111111112,,,,,,64.63,0.8654478609367523,65.6,0.42679999999999996,0.5195000000000001,57.7,40.92825701422212,85,34.5,55,68.7,69,-0.3333333333333333,1437.5,1740,0.8888888888888888,504.834,441.57
gamingheavymain1_20260916_011923,gamingheavymain1_20260916_011923.csv,2026-09-16 01:21:07,2026-09-16 01:21:16,10,Heavy_GPU,30.35,18.138740002792062,138.6,137,-0.8888888888888888,,,,,,64.78999999999999,0.8425490424235791,65.4,0.43929999999999997,0.5388,56.5,40.24163129010663,72,33.9,48,68.3,68,-0.4444444444444444,1438.3,1740,0.8888888888888888,484.383,448.41
gamingheavymain1_20260916_011923,gamingheavymain1_20260916_011923.csv,2026-09-16 01:21:08,2026-09-16 01:21:17,10,Heavy_GPU,31.300000000000004,17.88823325230552,137.7,136,-1.0,,,,,,64.94,0.7777460310981277,65.3,0.43929999999999997,0.5494,55.6,39.528330206181096,80,33.4,53,68.1,70,-0.2222222222222222,1439.1,1740,0.8888888888888888,464.858,457.67
gamingheavymain1_20260916_011923,gamingheavymain1_20260916_011923.csv,2026-09-16 01:21:09,2026-09-16 01:21:18,10,Heavy_GPU,30.850000000000005,18.240446510129317,137.5,143,-0.2222222222222222,,,,,,65.08,0.6679986693266857,65.2,0.44399999999999995,0.5784,56.9,40.83149655732828,99,34.7,66,68.1,72,0.0,1439.9,1740,0.8888888888888888,445.42699999999996,458.61
gamingheavymain1_20260916_011923,gamingheavymain1_20260916_011923.csv,2026-09-16 01:21:10,2026-09-16 01:21:19,10,Heavy_GPU,30.520000000000003,18.50061860827602,137.4,144,-0.2222222222222222,,,,,,65.2,0.4988876515698588,65.0,0.44399999999999995,0.5783,55.1,40.040118769942616,63,34.0,42,67.7,68,-0.5555555555555556,1440.7,1740,0.8888888888888888,426.808,466.73
gamingheavymain1_20260916_011923,gamingheavymain1_20260916_011923.csv,2026-09-16 01:21:11,2026-09-16 01:21:20,10,Heavy_GPU,30.369999999999997,18.61284204222689,138.1,153,4.111111111111111,,,,,,65.31,0.2282785822435184,65.0,0.44399999999999995,0.5542,45.3,40.094471771887285,1,27.3,0,66.8,64,-0.2222222222222222,1441.5,1740,0.0,412.875,516.91
gamingheavymain1_20260916_011923,gamingheavymain1_20260916_011923.csv,2026-09-16 01:21:12,2026-09-16 01:21:21,10,Heavy_GPU,24.75,11.931866762767863,141.6,151,3.3333333333333335,,,,,,65.3,0.24037008503093144,65.0,0.1795,0.42960000000000004,45.4,39.96998874155458,1,27.3,0,66.4,62,-0.3333333333333333,1316.2,487,-120.88888888888889,444.8259999999999,570.86
gamingheavymain1_20260916_011923,gamingheavymain1_20260916_011923.csv,2026-09-16 01:21:13,2026-09-16 01:21:22,10,Heavy_GPU,20.990000000000002,7.487092596966832,143.9,144,-0.6666666666666666,,,,,,65.26,0.25473297566056924,65.0,0.11169999999999998,0.2393,55.1,40.03734367923138,99,34.1,68,66.9,70,0.7777777777777778,1332.7,1740,155.0,472.909,576.62
gamingheavymain1_20260916_011923,gamingheavymain1_20260916_011923.csv,2026-09-16 01:21:14,2026-09-16 01:21:23,10,Heavy_GPU,20.630000000000003,7.719103287011746,143.2,143,-0.3333333333333333,,,,,,65.21,0.2514402955419465,65.0,0.0422,0.1543,64.8,37.40707003881604,99,41.3,72,67.7,71,0.8888888888888888,1472.2,1740,158.33333333333334,495.39300000000003,579.3
gamingheavymain1_20260916_011923,gamingheavymain1_20260916_011923.csv,2026-09-16 01:21:15,2026-09-16 01:21:24,10,Heavy_GPU,20.25,7.942326835100376,142.9,143,0.8888888888888888,,,,,,65.15,0.21730674684008758,65.0,0.0188,0.13390000000000002,69.8,38.38923460207735,99,47.6,72,68.5,71,0.2222222222222222,1614.7,1740,0.0,509.78600000000006,581.18
gamingheavymain1_20260916_011923,gamingheavymain1_20260916_011923.csv,2026-09-16 01:21:16,2026-09-16 01:21:25,10,Heavy_GPU,18.44,5.873897059590564,144.1,147,1.1111111111111112,,,,,,65.09,0.15238839267550053,65.0,0.0188,0.135,70.9,39.02549024533694,96,49.2,71,68.5,69,0.1111111111111111,1614.7,1740,0.0,525.546,599.17
gamingheavymain1_20260916_011923,gamingheavymain1_20260916_011923.csv,2026-09-16 01:21:17,2026-09-16 01:21:26,10,Heavy_GPU,17.500000000000004,5.0039984012787215,144.8,144,0.8888888888888888,,,,,,65.05,0.10801234497346404,65.0,0.0063,0.10239999999999998,73.4,39.89486182455079,97,51.8,74,68.8,71,0.1111111111111111,1614.7,1740,0.0,540.897,601.92
gamingheavymain1_20260916_011923,gamingheavymain1_20260916_011923.csv,2026-09-16 01:21:18,2026-09-16 01:21:27,10,Heavy_GPU,16.31,1.6454989111715221,145.5,143,0.0,,,,,,65.02000000000001,0.06324555320336848,65.0,0.0063,0.1131,75.3,40.688655257536674,99,53.7,72,68.9,71,-0.1111111111111111,1614.7,1740,0.0,555.326,601.96
gamingheavymain1_20260916_011923,gamingheavymain1_20260916_011923.csv,2026-09-16 01:21:19,2026-09-16 01:21:28,10,Heavy_GPU,16.35,1.6446884203398524,145.4,142,-0.2222222222222222,,,,,,65.0,0.0,65.0,0.0016,0.0844,75.3,40.688655257536674,99,54.3,72,68.8,71,0.3333333333333333,1614.7,1740,0.0,569.67,602.05
gamingheavymain1_20260916_011923,gamingheavymain1_20260916_011923.csv,2026-09-16 01:21:20,2026-09-16 01:21:29,10,Heavy_GPU,16.43,1.6452287919246296,145.4,144,-1.0,,,,,,65.0,0.0,65.0,0.0016,0.0949,78.9,41.07026499386955,99,57.3,72,69.1,71,0.7777777777777778,1614.7,1740,0.0,583.202,602.05
gamingheavymain1_20260916_011923,gamingheavymain1_20260916_011923.csv,2026-09-16 01:21:21,2026-09-16 01:21:30,10,Heavy_GPU,16.46,1.6634635887542326,144.4,143,-0.8888888888888888,,,,,,65.0,0.0,65.0,0.0016,0.09469999999999999,88.7,30.833063061878526,99,64.5,72,69.9,72,1.1111111111111112,1614.7,1740,139.22222222222223,591.716,602.05
gamingheavymain1_20260916_011923,gamingheavymain1_20260916_011923.csv,2026-09-16 01:21:22,2026-09-16 01:21:31,10,Heavy_GPU,16.4,1.700326765980913,143.7,144,0.0,,,,,,65.0,0.0,65.0,0.0,0.061,98.5,1.0801234497346435,99,71.5,70,70.9,72,0.2222222222222222,1740.0,1740,0.0,594.835,602.05
gamingheavymain1_20260916_011923,gamingheavymain1_20260916_011923.csv,2026-09-16 01:21:23,2026-09-16 01:21:32,10,Heavy_GPU,17.189999999999998,2.3708648211148606,143.8,145,0.2222222222222222,,,,,,64.99,0.031622776601681994,64.9,0.0,0.0531,98.1,1.5238839267549946,95,71.2,65,71.0,71,0.0,1740.0,1740,0.0,597.3779999999999,602.05
gamingheavymain1_20260916_011923,gamingheavymain1_20260916_011923.csv,2026-09-16 01:21:24,2026-09-16 01:21:33,10,Heavy_GPU,17.46,2.189977168830762,143.9,144,0.1111111111111111,,,,,,64.97999999999999,0.04216370213557599,64.9,0.0,0.0536,97.6,1.9550504398153572,94,70.7,67,71.0,71,0.0,1740.0,1740,0.0,599.653,602.05
gamingheavymain1_20260916_011923,gamingheavymain1_20260916_011923.csv,2026-09-16 01:21:25,2026-09-16 01:21:34,10,Heavy_GPU,17.65,1.9659603251337499,144.1,145,-0.2222222222222222,,,,,,64.97,0.048304589153962046,64.9,0.0,0.07010000000000001,97.3,1.946506842754191,96,70.3,68,71.0,71,0.2222222222222222,1740.0,1740,0.0,601.74,602.05
gamingheavymain1_20260916_011923,gamingheavymain1_20260916_011923.csv,2026-09-16 01:21:26,2026-09-16 01:21:35,10,Heavy_GPU,17.800000000000004,2.0016659728003234,143.9,145,0.1111111111111111,,,,,,64.96,0.05163977794942929,64.9,0.0,0.0792,97.3,1.946506842754191,96,70.0,68,71.2,71,0.0,1740.0,1740,0.0,602.028,602.05
gamingheavymain1_20260916_011923,gamingheavymain1_20260916_011923.csv,2026-09-16 01:21:27,2026-09-16 01:21:36,10,Heavy_GPU,17.71,2.0217978797759844,144.0,145,0.2222222222222222,,,,,,64.95,0.05270462766947,64.9,0.0,0.0859,97.5,2.0138409955990952,99,69.3,67,71.3,72,0.1111111111111111,1740.0,1740,0.0,601.7379999999999,599.02
gamingheavymain2_20260916_013059,gamingheavymain2_20260916_013059.csv,2026-09-16 01:31:00,2026-09-16 01:31:09,10,Heavy_GPU,5.58,3.5118213065144546,132.8,132,2.111111111111111,,,,,,46.099999999999994,0.26246692913372743,46.2,4.2392,1.0085,0.0,0.0,0,0.0,0,50.0,50,0.0,210.0,210,0.0,184.11000000000004,184.11
gamingheavymain2_20260916_013059,gamingheavymain2_20260916_013059.csv,2026-09-16 01:31:01,2026-09-16 01:31:10,10,Heavy_GPU,6.140000000000001,3.2042333109670884,134.2,127,-0.7777777777777778,,,,,,46.14,0.2412928142780518,46.2,4.2432,1.0178999999999998,0.0,0.0,0,4.7,47,50.0,50,0.0,210.0,210,0.0,184.11000000000004,184.11
gamingheavymain2_20260916_013059,gamingheavymain2_20260916_013059.csv,2026-09-16 01:31:02,2026-09-16 01:31:11,10,Heavy_GPU,5.95,3.3520308935197947,133.2,124,-1.7777777777777777,,,,,,46.17,0.2110818693198341,46.1,3.958800000000001,1.0797999999999999,0.0,0.0,0,4.7,0,50.0,50,0.0,210.0,210,0.0,184.11000000000004,184.11
gamingheavymain2_20260916_013059,gamingheavymain2_20260916_013059.csv,2026-09-16 01:31:03,2026-09-16 01:31:12,10,Heavy_GPU,5.619999999999999,3.5983947038150843,131.3,121,-1.1111111111111112,,,,,,46.190000000000005,0.19119507199599947,46.1,3.8424,0.9217999999999998,0.0,0.0,0,4.7,0,50.0,50,0.0,210.0,210,0.0,184.11000000000004,184.11
gamingheavymain2_20260916_013059,gamingheavymain2_20260916_013059.csv,2026-09-16 01:31:04,2026-09-16 01:31:13,10,Heavy_GPU,5.6,3.615091823023157,130.8,126,-1.1111111111111112,,,,,,46.21,0.16633299933166124,46.1,3.7979,0.9219999999999999,0.0,0.0,0,4.7,0,50.0,50,0.0,210.0,210,0.0,184.11000000000004,184.11
gamingheavymain2_20260916_013059,gamingheavymain2_20260916_013059.csv,2026-09-16 01:31:05,2026-09-16 01:31:14,10,Heavy_GPU,5.430000000000001,3.746717081511345,129.8,126,-2.111111111111111,,,,,,46.230000000000004,0.13374935098492433,46.1,3.8131,0.9482999999999999,0.0,0.0,0,4.7,0,50.0,50,0.0,210.0,210,0.0,184.11000000000004,184.11
gamingheavymain2_20260916_013059,gamingheavymain2_20260916_013059.csv,2026-09-16 01:31:06,2026-09-16 01:31:15,10,Heavy_GPU,4.470000000000001,2.8956097035953507,127.7,124,-1.8888888888888888,,,,,,46.2,0.14907119849998493,46.0,0.8905,0.8958999999999999,0.0,0.0,0,4.7,0,50.0,50,0.0,210.0,210,0.0,184.11000000000004,184.11
gamingheavymain2_20260916_013059,gamingheavymain2_20260916_013059.csv,2026-09-16 01:31:07,2026-09-16 01:31:16,10,Heavy_GPU,3.5799999999999996,1.8943189922619803,125.2,116,-1.7777777777777777,,,,,,46.160000000000004,0.14298407059684748,46.0,0.4332999999999999,0.9115,0.0,0.0,0,4.7,0,50.0,50,0.0,210.0,210,0.0,184.11000000000004,184.11
gamingheavymain2_20260916_013059,gamingheavymain2_20260916_013059.csv,2026-09-16 01:31:08,2026-09-16 01:31:17,10,Heavy_GPU,3.05,1.65008417293718,123.6,116,-0.8888888888888888,,,,,,46.120000000000005,0.12292725943057177,46.0,0.22000000000000003,0.44799999999999995,0.0,0.0,0,4.7,0,49.9,49,-0.1111111111111111,210.0,210,0.0,184.11000000000004,184.11
gamingheavymain2_20260916_013059,gamingheavymain2_20260916_013059.csv,2026-09-16 01:31:09,2026-09-16 01:31:18,10,Heavy_GPU,3.1399999999999997,1.6833828375559072,124.0,128,-0.4444444444444444,,,,,,46.08,0.07888106377466265,46.0,0.11220000000000001,0.19010000000000002,0.0,0.0,0,4.7,0,49.8,49,-0.1111111111111111,210.0,210,0.0,184.11000000000004,184.11
gamingheavymain2_20260916_013059,gamingheavymain2_20260916_013059.csv,2026-09-16 01:31:10,2026-09-16 01:31:19,10,Heavy_GPU,2.9800000000000004,1.603329868326124,123.2,124,-0.3333333333333333,,,,,,46.06,0.0699205898780111,46.0,0.08320000000000001,0.1517,0.0,0.0,0,4.7,0,49.7,49,-0.1111111111111111,210.0,210,0.0,184.11000000000004,184.11
gamingheavymain2_20260916_013059,gamingheavymain2_20260916_013059.csv,2026-09-16 01:31:11,2026-09-16 01:31:20,10,Heavy_GPU,2.54,0.7589466384404109,122.8,123,-0.1111111111111111,,,,,,46.04,0.05163977794943296,46.0,0.07089999999999999,0.15940000000000001,0.0,0.0,0,0.0,0,49.6,49,-0.1111111111111111,210.0,210,0.0,184.11000000000004,184.11
gamingheavymain2_20260916_013059,gamingheavymain2_20260916_013059.csv,2026-09-16 01:31:12,2026-09-16 01:31:21,10,Heavy_GPU,2.9200000000000004,1.4965144688761134,123.6,132,1.2222222222222223,,,,,,46.019999999999996,0.06324555320336848,45.9,5.7284,0.1237,0.0,0.0,0,0.0,0,49.5,49,-0.1111111111111111,210.0,210,0.0,184.11000000000004,184.11
gamingheavymain2_20260916_013059,gamingheavymain2_20260916_013059.csv,2026-09-16 01:31:13,2026-09-16 01:31:22,10,Heavy_GPU,4.38,4.463381876758674,126.3,148,2.4444444444444446,,,,,,46.099999999999994,0.28674417556808723,46.9,7.7739,0.15660000000000002,0.1,0.31622776601683794,1,0.0,0,49.6,51,0.1111111111111111,346.5,1575,151.66666666666666,186.48500000000004,207.86
gamingheavymain2_20260916_013059,gamingheavymain2_20260916_013059.csv,2026-09-16 01:31:14,2026-09-16 01:31:23,10,Heavy_GPU,5.57,5.468505788198048,129.0,153,3.0,,,,,,46.2,0.42687494916219004,47.1,10.396600000000001,0.1827,0.2,0.42163702135578396,1,0.0,0,49.7,51,0.1111111111111111,483.0,1575,151.66666666666666,194.08200000000002,260.08
gamingheavymain2_20260916_013059,gamingheavymain2_20260916_013059.csv,2026-09-16 01:31:15,2026-09-16 01:31:24,10,Heavy_GPU,6.8100000000000005,5.976518867850897,131.4,150,2.888888888888889,,,,,,46.33,0.5677440737985145,47.4,13.831400000000002,0.1646,0.6,1.2649110640673518,4,0.3,3,49.8,51,0.1111111111111111,494.2,322,12.444444444444445,207.192,315.21
gamingheavymain2_20260916_013059,gamingheavymain2_20260916_013059.csv,2026-09-16 01:31:16,2026-09-16 01:31:25,10,Heavy_GPU,7.88,6.134565093703782,134.0,150,3.7777777777777777,,,,,,46.489999999999995,0.6789698078707185,47.6,17.1901,0.1503,1.3,2.359378449224852,7,0.7,4,49.9,51,0.1111111111111111,494.9,217,0.7777777777777778,226.027,372.46
gamingheavymain2_20260916_013059,gamingheavymain2_20260916_013059.csv,2026-09-16 01:31:17,2026-09-16 01:31:26,10,Heavy_GPU,9.700000000000001,6.8538715741948035,137.5,151,3.888888888888889,,,,,,46.67,0.7674633541739955,47.8,20.988899999999997,0.14279999999999998,1.5,2.3213980461973533,2,0.9,2,50.0,51,0.2222222222222222,494.9,210,0.0,249.48399999999998,418.68
gamingheavymain2_20260916_013059,gamingheavymain2_20260916_013059.csv,2026-09-16 01:31:18,2026-09-16 01:31:27,10,Heavy_GPU,11.34,6.604745768511205,141.1,152,2.6666666666666665,,,,,,46.87,0.8313977521152087,48.0,24.8909,0.1465,2.0,2.494438257849294,5,1.2,3,50.2,51,0.2222222222222222,494.9,210,0.0,278.7,476.27
gamingheavymain2_20260916_013059,gamingheavymain2_20260916_013059.csv,2026-09-16 01:31:19,2026-09-16 01:31:28,10,Heavy_GPU,12.23,6.101192961671967,143.4,151,3.0,,,,,,47.10000000000001,0.8806563209081933,48.3,27.5491,0.1474,4.9,8.799621203968574,29,2.6,14,50.4,51,0.2222222222222222,494.9,210,0.0,311.782,514.93
gamingheavymain2_20260916_013059,gamingheavymain2_20260916_013059.csv,2026-09-16 01:31:20,2026-09-16 01:31:29,10,Heavy_GPU,13.169999999999998,5.174950348661436,144.2,132,1.0,,,,,,47.36000000000001,0.9033271832508973,48.6,28.0068,0.1725,5.0,8.743251365736,1,2.7,1,50.6,51,0.2222222222222222,510.6,367,17.444444444444443,348.00899999999996,546.38
gamingheavymain2_20260916_013059,gamingheavymain2_20260916_013059.csv,2026-09-16 01:31:21,2026-09-16 01:31:30,10,Heavy_GPU,14.929999999999998,4.051625188324639,144.4,125,-0.7777777777777778,,,,,,47.660000000000004,0.8996295533903573,49.0,28.5803,0.1617,15.0,31.069813860616115,100,9.7,70,50.9,52,0.3333333333333333,647.1,1575,151.66666666666666,392.615,630.17
gamingheavymain2_20260916_013059,gamingheavymain2_20260916_013059.csv,2026-09-16 01:31:22,2026-09-16 01:31:31,10,Heavy_GPU,16.779999999999998,4.049087688740652,145.7,145,-0.3333333333333333,,,,,,47.97,0.7469196000165541,49.0,22.9264,0.1531,22.0,34.95711658589707,70,14.4,47,51.9,59,0.8888888888888888,800.8,1747,19.11111111111111,437.571,633.67
gamingheavymain2_20260916_013059,gamingheavymain2_20260916_013059.csv,2026-09-16 01:31:23,2026-09-16 01:31:32,10,Heavy_GPU,17.18,4.202062985407683,145.5,146,-0.7777777777777778,,,,,,48.17999999999999,0.7067924416372572,49.0,20.874600000000004,0.1302,31.4,40.828094902081006,95,20.7,63,52.9,61,1.1111111111111112,818.0,1747,19.11111111111111,480.2389999999999,634.54
gamingheavymain2_20260916_013059,gamingheavymain2_20260916_013059.csv,2026-09-16 01:31:24,2026-09-16 01:31:33,10,Heavy_GPU,17.58,4.129514364775704,144.7,145,-0.5555555555555556,,,,,,48.370000000000005,0.6360468186820496,49.0,18.2519,0.11989999999999998,40.8,43.76655242432411,95,27.1,64,54.0,62,1.2222222222222223,835.2,1747,158.33333333333334,517.698,634.67
gamingheavymain2_20260916_013059,gamingheavymain2_20260916_013059.csv,2026-09-16 01:31:25,2026-09-16 01:31:34,10,Heavy_GPU,18.499999999999996,4.384062043356595,144.3,146,-0.4444444444444444,,,,,,48.489999999999995,0.5384133067531757,48.6,14.8066,0.1286,49.8,44.60393604953615,94,33.1,63,55.2,63,1.3333333333333333,977.7,1747,170.0,549.644,634.67
gamingmain1_20260916_005928,gamingmain1_20260916_005928.csv,2026-09-16 00:59:29,2026-09-16 00:59:38,10,Heavy_GPU,4.119999999999999,3.187754347150636,126.1,125,0.2222222222222222,,,,,,65.19,0.31073389830457226,65.4,0.5523,0.29090000000000005,0.0,0.0,0,0.0,0,49.1,49,-0.1111111111111111,210.0,210,0.0,319.70000000000005,320.55
gamingmain1_20260916_005928,gamingmain1_20260916_005928.csv,2026-09-16 00:59:30,2026-09-16 00:59:39,10,Heavy_GPU,4.2,3.172100600898752,126.3,125,2.7777777777777777,,,,,,65.24,0.25905812303634057,65.2,0.5539,0.30660000000000004,0.0,0.0,0,0.0,0,49.0,49,0.0,210.0,210,0.0,320.12500000000006,320.55
gamingmain1_20260916_005928,gamingmain1_20260916_005928.csv,2026-09-16 00:59:31,2026-09-16 00:59:40,10,Heavy_GPU,4.340000000000001,3.0485697921776005,128.7,124,-1.8888888888888888,,,,,,65.29,0.17919573407620978,65.2,0.5539,0.30500000000000005,0.0,0.0,0,0.0,0,49.0,49,0.0,210.0,210,0.0,320.55000000000007,320.55
gamingmain1_20260916_005928,gamingmain1_20260916_005928.csv,2026-09-16 00:59:32,2026-09-16 00:59:41,10,Heavy_GPU,4.03,3.0412168617183486,127.2,126,-0.6666666666666666,,,,,,65.31000000000002,0.15238839267550067,65.2,0.5539,0.32089999999999996,0.0,0.0,0,0.0,0,49.0,49,0.0,210.0,210,0.0,320.55000000000007,320.55
gamingmain1_20260916_005928,gamingmain1_20260916_005928.csv,2026-09-16 00:59:33,2026-09-16 00:59:42,10,Heavy_GPU,3.8000000000000007,3.113054948296145,125.4,114,-3.4444444444444446,,,,,,65.32000000000002,0.1316561177208788,65.1,0.5429999999999999,0.30210000000000004,0.0,0.0,0,0.0,0,49.0,49,0.0,210.0,210,0.0,320.55000000000007,320.55
gamingmain1_20260916_005928,gamingmain1_20260916_005928.csv,2026-09-16 00:59:34,2026-09-16 00:59:43,10,Heavy_GPU,2.71,1.4813282328145012,122.5,116,-2.2222222222222223,,,,,,65.28,0.13165611772088068,65.1,0.0688,0.30809999999999993,0.0,0.0,0,0.0,0,49.0,49,0.0,210.0,210,0.0,320.55000000000007,320.55
gamingmain1_20260916_005928,gamingmain1_20260916_005928.csv,2026-09-16 00:59:35,2026-09-16 00:59:44,10,Heavy_GPU,2.53,1.3573258022056949,120.6,117,0.3333333333333333,,,,,,65.25000000000001,0.13540064007727057,65.1,0.04920000000000001,0.21790000000000004,0.0,0.0,0,0.0,0,49.0,49,0.0,210.0,210,0.0,320.55000000000007,320.55
gamingmain1_20260916_005928,gamingmain1_20260916_005928.csv,2026-09-16 00:59:36,2026-09-16 00:59:45,10,Heavy_GPU,2.87,1.3292019326565012,122.0,128,1.2222222222222223,,,,,,65.22,0.1316561177208814,65.1,0.035199999999999995,0.20060000000000003,0.0,0.0,0,0.0,0,49.0,49,0.0,210.0,210,0.0,320.55000000000007,320.55
gamingmain1_20260916_005928,gamingmain1_20260916_005928.csv,2026-09-16 00:59:37,2026-09-16 00:59:46,10,Heavy_GPU,3.03,1.2534840334931363,122.6,123,-0.5555555555555556,,,,,,65.19000000000001,0.11972189997379114,65.1,0.0274,0.16629999999999998,0.0,0.0,0,0.0,0,49.0,49,0.0,210.0,210,0.0,320.55000000000007,320.55
gamingmain1_20260916_005928,gamingmain1_20260916_005928.csv,2026-09-16 00:59:38,2026-09-16 00:59:47,10,Heavy_GPU,3.1,1.4047538337136984,122.2,124,-0.1111111111111111,,,,,,65.16,0.09660917830793389,65.1,0.027700000000000002,0.1665,0.0,0.0,0,0.0,0,49.0,49,0.0,210.0,210,0.0,320.55000000000007,320.55
gamingmain1_20260916_005928,gamingmain1_20260916_005928.csv,2026-09-16 00:59:39,2026-09-16 00:59:48,10,Heavy_GPU,3.6900000000000004,2.278620440334702,123.9,142,1.8888888888888888,,,,,,65.17,0.1251665557034596,65.5,0.294,0.19019999999999998,0.0,0.0,0,0.0,0,49.0,49,0.0,346.5,1575,151.66666666666666,320.84700000000004,323.52
gamingmain1_20260916_005928,gamingmain1_20260916_005928.csv,2026-09-16 00:59:40,2026-09-16 00:59:49,10,Heavy_GPU,4.82,4.328920830363563,126.5,151,3.0,,,,,,65.26,0.3204163957519445,66.1,0.31429999999999997,0.2224,0.1,0.31622776601683794,1,0.0,0,49.1,50,0.1111111111111111,483.0,1575,151.66666666666666,323.15500000000003,343.63
gamingmain1_20260916_005928,gamingmain1_20260916_005928.csv,2026-09-16 00:59:41,2026-09-16 00:59:50,10,Heavy_GPU,6.5200000000000005,6.234990866962928,129.5,154,3.111111111111111,,,,,,65.38,0.4802776974487459,66.4,0.3315,0.2784,0.2,0.42163702135578396,1,0.0,0,49.3,51,0.2222222222222222,619.5,1575,151.66666666666666,326.913,358.13
gamingmain1_20260916_005928,gamingmain1_20260916_005928.csv,2026-09-16 00:59:42,2026-09-16 00:59:51,10,Heavy_GPU,8.379999999999999,7.594852057662334,132.2,153,4.333333333333333,,,,,,65.50999999999999,0.5896326540030412,66.5,0.3456,0.2907,0.2,0.42163702135578396,0,0.1,1,49.4,50,0.1111111111111111,627.0,285,8.333333333333334,332.34000000000003,374.82
gamingmain1_20260916_005928,gamingmain1_20260916_005928.csv,2026-09-16 00:59:43,2026-09-16 00:59:52,10,Heavy_GPU,10.02,7.807802365440469,136.3,155,4.333333333333333,,,,,,65.67,0.6766748767974864,66.7,0.35019999999999996,0.29069999999999996,0.2,0.42163702135578396,0,0.2,1,49.5,50,0.1111111111111111,627.0,210,0.0,339.53,392.45
gamingmain1_20260916_005928,gamingmain1_20260916_005928.csv,2026-09-16 00:59:44,2026-09-16 00:59:53,10,Heavy_GPU,12.4,8.328932171119604,139.9,152,3.888888888888889,,,,,,65.86,0.760409246539143,67.0,0.36429999999999996,0.3091,0.2,0.42163702135578396,0,0.3,1,49.6,50,0.1111111111111111,627.0,210,0.0,348.232,407.57
gamingmain1_20260916_005928,gamingmain1_20260916_005928.csv,2026-09-16 00:59:45,2026-09-16 00:59:54,10,Heavy_GPU,13.820000000000002,7.655760358492595,143.4,152,2.6666666666666665,,,,,,66.1,0.8653836657164806,67.5,0.3761,0.3451,1.8,5.00666222813829,16,1.3,10,49.8,51,0.2222222222222222,763.5,1575,151.66666666666666,358.48400000000004,423.07
gamingmain1_20260916_005928,gamingmain1_20260916_005928.csv,2026-09-16 00:59:46,2026-09-16 00:59:55,10,Heavy_GPU,15.73,7.394900645414754,145.4,148,2.7777777777777777,,,,,,66.36,0.9203863922891927,67.7,0.3745,0.2953,1.9,4.976611966656298,1,1.3,0,50.1,52,0.3333333333333333,900.0,1575,151.66666666666666,372.92800000000005,464.99
gamingmain1_20260916_005928,gamingmain1_20260916_005928.csv,2026-09-16 00:59:47,2026-09-16 00:59:56,10,Heavy_GPU,17.729999999999997,6.244651044427275,147.9,148,2.6666666666666665,,,,,,66.64,0.9203863922891928,67.9,0.3839,0.32530000000000003,6.7,15.32644772933376,48,4.7,34,50.7,55,0.6666666666666666,1054.5,1755,171.66666666666666,388.29999999999995,474.27
gamingmain1_20260916_005928,gamingmain1_20260916_005928.csv,2026-09-16 00:59:48,2026-09-16 00:59:57,10,Heavy_GPU,18.990000000000002,4.693364109747576,150.0,145,0.3333333333333333,,,,,,66.91999999999999,0.82029804881451,67.9,0.3836,0.3254,11.3,19.442507840068142,46,8.1,34,51.4,56,0.7777777777777778,1208.2,1747,19.11111111111111,403.66499999999996,474.2
gamingmain1_20260916_005928,gamingmain1_20260916_005928.csv,2026-09-16 00:59:49,2026-09-16 00:59:58,10,Heavy_GPU,19.97,3.072476380887428,150.3,145,-0.6666666666666666,,,,,,67.16,0.701110230673864,67.9,0.11259999999999999,0.28440000000000004,16.1,22.0879554911218,48,11.7,36,52.2,57,0.7777777777777778,1225.4,1747,19.11111111111111,416.01000000000005,446.97
gamingmain1_20260916_005928,gamingmain1_20260916_005928.csv,2026-09-16 00:59:50,2026-09-16 00:59:59,10,Heavy_GPU,20.21,2.7432543528525457,149.7,145,-1.0,,,,,,67.34,0.6257440016137247,67.9,0.09069999999999999,0.2365,20.6,23.22450812778987,46,15.2,35,52.9,57,0.6666666666666666,1242.6,1747,19.11111111111111,426.38800000000003,447.41
gamingmain1_20260916_005928,gamingmain1_20260916_005928.csv,2026-09-16 00:59:51,2026-09-16 01:00:00,10,Heavy_GPU,20.199999999999996,2.7463106565394635,148.8,145,-0.8888888888888888,,,,,,67.49,0.5506561742341808,67.9,0.0938,0.24180000000000001,25.4,23.679339330123025,49,18.8,36,53.6,58,0.8888888888888888,1259.8,1747,162.44444444444446,435.32,447.45
gamingmain1_20260916_005928,gamingmain1_20260916_005928.csv,2026-09-16 00:59:52,2026-09-16 01:00:01,10,Heavy_GPU,20.060000000000002,2.7195587877448055,148.0,145,-1.1111111111111112,,,,,,67.63,0.4372896319628716,67.9,0.0797,0.19490000000000002,30.3,22.896142324272297,49,22.4,37,54.4,58,0.8888888888888888,1406.0,1747,170.77777777777777,442.592,447.54
gamingmain1_20260916_005928,gamingmain1_20260916_005928.csv,2026-09-16 00:59:53,2026-09-16 01:00:02,10,Heavy_GPU,19.999999999999996,2.768874620972691,147.0,145,-0.7777777777777778,,,,,,67.74,0.2913569784454974,67.8,0.07350000000000001,0.1754,35.1,20.77097333620486,48,25.8,35,55.3,59,1.0,1559.7,1747,170.77777777777777,448.1650000000001,448.18
gamingmain1_20260916_005928,gamingmain1_20260916_005928.csv,2026-09-16 00:59:54,2026-09-16 01:00:03,10,Heavy_GPU,19.509999999999998,2.224834575623295,146.3,145,-0.7777777777777778,,,,,,67.83,0.13374935098492793,67.9,0.05469999999999999,0.1326,39.9,16.953858951086428,48,29.3,36,56.2,59,0.8888888888888888,1713.4,1747,19.11111111111111,452.215,448.07
gamingmain1_20260916_005928,gamingmain1_20260916_005928.csv,2026-09-16 00:59:55,2026-09-16 01:00:04,10,Heavy_GPU,19.89,2.0261896368416363,145.6,145,-0.3333333333333333,,,,,,67.86,0.06992058987801245,67.8,0.0422,0.09759999999999999,43.0,14.794894014114764,47,31.8,35,57.1,60,0.8888888888888888,1730.6,1747,19.11111111111111,454.75,448.42
gamingmain1_20260916_005928,gamingmain1_20260916_005928.csv,2026-09-16 00:59:56,2026-09-16 01:00:05,10,Heavy_GPU,19.359999999999996,1.6674664747587713,145.2,144,-0.4444444444444444,,,,,,67.86999999999999,0.04830458915396891,67.8,0.029700000000000004,0.0984,47.7,1.0593499054713802,48,35.4,36,57.9,60,0.5555555555555556,1747.8,1747,-0.8888888888888888,453.09499999999997,448.44
gamingmain1_20260916_005928,gamingmain1_20260916_005928.csv,2026-09-16 00:59:57,2026-09-16 01:00:06,10,Heavy_GPU,18.95,0.9812124019690017,144.8,144,-0.1111111111111111,,,,,,67.85999999999999,0.05163977794943662,67.8,0.020300000000000002,0.0666,47.8,1.1352924243950933,49,35.7,37,58.5,61,0.5555555555555556,1747.0,1747,0.0,450.51599999999996,448.48
gamingmain1_20260916_005928,gamingmain1_20260916_005928.csv,2026-09-16 00:59:58,2026-09-16 01:00:07,10,Heavy_GPU,18.96,0.9777525249264255,144.7,144,-0.1111111111111111,,,,,,67.85,0.052704627669477484,67.8,0.020300000000000002,0.0663,48.1,0.9944289260117533,49,36.0,37,59.0,61,0.4444444444444444,1747.0,1747,0.0,447.9440000000001,448.48
gamingmain1_20260916_005928,gamingmain1_20260916_005928.csv,2026-09-16 00:59:59,2026-09-16 01:00:08,10,Heavy_GPU,19.48,1.8011107683871086,144.7,145,0.0,,,,,,67.83999999999999,0.05163977794943663,67.8,0.020300000000000002,0.09530000000000001,48.3,1.1595018087284057,50,36.2,38,59.4,61,0.4444444444444444,1747.0,1747,0.0,448.09499999999997,448.48
gamingmain1_20260916_005928,gamingmain1_20260916_005928.csv,2026-09-16 01:00:00,2026-09-16 01:00:09,10,Heavy_GPU,19.76,1.7089307898345227,144.7,145,0.0,,,,,,67.83,0.04830458915396891,67.8,0.020300000000000002,0.11410000000000001,48.7,0.9486832980505138,50,36.4,37,59.9,62,0.4444444444444444,1747.0,1747,0.0,448.20200000000006,448.48
gamingmain1_20260916_005928,gamingmain1_20260916_005928.csv,2026-09-16 01:00:01,2026-09-16 01:00:10,10,Heavy_GPU,19.77,1.7068814968955652,144.6,144,-0.1111111111111111,,,,,,67.81999999999998,0.04216370213558199,67.8,0.0,0.0541,48.8,1.0327955589886444,50,36.6,38,60.3,62,0.4444444444444444,1747.0,1747,0.0,448.3190000000001,448.62
gamingmain1_20260916_005928,gamingmain1_20260916_005928.csv,2026-09-16 01:00:02,2026-09-16 01:00:11,10,Heavy_GPU,20.080000000000002,1.9909796583591708,144.4,143,-0.2222222222222222,,,,,,67.83,0.06749485577105706,68.0,0.0,0.0693,48.5,1.35400640077266,46,36.3,34,60.8,63,0.4444444444444444,1747.0,1747,0.0,448.429,448.64
gamingmain1_20260916_005928,gamingmain1_20260916_005928.csv,2026-09-16 01:00:03,2026-09-16 01:00:12,10,Heavy_GPU,20.310000000000002,1.8101258397016367,144.4,145,0.0,,,,,,67.85,0.08498365855988142,68.0,0.0,0.0685,48.3,1.567021236472421,46,36.1,33,61.2,63,0.4444444444444444,1747.0,1747,0.0,448.325,447.14
gamingmain1_20260916_005928,gamingmain1_20260916_005928.csv,2026-09-16 01:00:04,2026-09-16 01:00:13,10,Heavy_GPU,19.95,2.2317158321693995,144.2,143,-0.2222222222222222,,,,,,67.85999999999999,0.09660917830793096,68.0,0.0504,0.10210000000000001,48.2,1.6193277068654823,47,35.9,34,61.6,63,0.3333333333333333,1747.0,1747,0.0,448.23199999999997,447.14
gamingmain1_20260916_005928,gamingmain1_20260916_005928.csv,2026-09-16 01:00:05,2026-09-16 01:00:14,10,Heavy_GPU,19.599999999999998,2.3874672772626644,144.1,144,0.0,,,,,,67.89,0.11972189997378678,68.1,0.0504,0.10110000000000001,48.1,1.7288403306519922,46,35.7,33,61.9,63,0.3333333333333333,1747.0,1747,0.0,448.104,447.14
gamingmain1_20260916_005928,gamingmain1_20260916_005928.csv,2026-09-16 01:00:06,2026-09-16 01:00:15,10,Heavy_GPU,19.330000000000002,2.7072125886232135,144.0,143,-0.1111111111111111,,,,,,67.91,0.11972189997378692,68.0,0.0504,0.10400000000000001,47.9,1.852925614624973,46,35.5,34,62.3,64,0.3333333333333333,1747.0,1747,0.0,447.974,447.14
gamingmain1_20260916_005928,gamingmain1_20260916_005928.csv,2026-09-16 01:00:07,2026-09-16 01:00:16,10,Heavy_GPU,19.610000000000003,2.8230991638426177,144.0,144,0.0,,,,,,67.92999999999999,0.11595018087284106,68.0,0.0504,0.1042,47.6,1.8973665961010278,46,35.2,34,62.6,64,0.3333333333333333,1747.0,1747,0.0,447.84,447.14
gamingmain1_20260916_005928,gamingmain1_20260916_005928.csv,2026-09-16 01:00:08,2026-09-16 01:00:17,10,Heavy_GPU,19.96,2.9132646826388964,144.0,144,-0.1111111111111111,,,,,,67.95,0.10801234497346478,68.0,0.0504,0.1055,47.3,1.888562063228706,46,34.9,34,62.9,64,0.3333333333333333,1747.0,1747,0.0,447.70599999999996,447.14
gamingmain1_20260916_005928,gamingmain1_20260916_005928.csv,2026-09-16 01:00:09,2026-09-16 01:00:18,10,Heavy_GPU,19.58,2.5862027075317284,144.0,145,0.0,,,,,,67.97,0.09486832980505165,68.0,0.0504,0.0761,46.1,3.2812599206199238,38,33.4,23,63.2,64,0.2222222222222222,1747.0,1747,0.0,447.601,447.43
gamingmain1_20260916_005928,gamingmain1_20260916_005928.csv,2026-09-16 01:00:10,2026-09-16 01:00:19,10,Heavy_GPU,19.42,2.572417799140204,144.1,146,0.2222222222222222,,,,,,67.99000000000001,0.07378647873726205,68.0,0.0504,0.05750000000000001,44.9,3.8427420765212266,38,32.0,23,63.4,64,0.2222222222222222,1747.0,1747,0.0,447.496,447.43
gamingmain1_20260916_005928,gamingmain1_20260916_005928.csv,2026-09-16 01:00:11,2026-09-16 01:00:20,10,Heavy_GPU,19.57,2.6208777155754515,144.3,146,0.3333333333333333,,,,,,68.01,0.031622776601681994,68.0,0.0504,0.056400000000000006,43.6,4.115013163202923,37,30.5,23,63.6,64,0.1111111111111111,1736.5,1642,-11.666666666666666,447.37699999999995,447.43
gamingmain1_20260916_005928,gamingmain1_20260916_005928.csv,2026-09-16 01:00:12,2026-09-16 01:00:21,10,Heavy_GPU,19.02,2.3878395628219615,144.6,146,0.1111111111111111,,,,,,68.01,0.031622776601681994,68.0,0.053500000000000006,0.07930000000000001,42.8,4.366539438350084,38,29.4,23,63.7,64,0.1111111111111111,1723.0,1612,-15.0,447.256,447.43
gamingmain1_20260916_005928,gamingmain1_20260916_005928.csv,2026-09-16 01:00:13,2026-09-16 01:00:22,10,Heavy_GPU,18.72,2.4389433048852207,144.7,146,0.3333333333333333,,,,,,68.01,0.031622776601681994,68.0,0.053500000000000006,0.0777,42.0,4.447221354708778,38,28.4,23,63.8,64,0.1111111111111111,1705.8,1575,-19.11111111111111,447.28499999999997,447.43
gamingmain1_20260916_005928,gamingmain1_20260916_005928.csv,2026-09-16 01:00:14,2026-09-16 01:00:23,10,Heavy_GPU,18.84,2.328184796025531,145.0,146,0.2222222222222222,,,,,,68.01,0.031622776601681994,68.0,0.0031,0.0456,41.2,4.157990967870047,39,27.3,23,63.9,64,0.1111111111111111,1685.6,1545,-22.444444444444443,447.31399999999996,447.43
gamingmain1_20260916_005928,gamingmain1_20260916_005928.csv,2026-09-16 01:00:15,2026-09-16 01:00:24,10,Heavy_GPU,19.01,2.2476901724016836,145.2,146,0.3333333333333333,,,,,,68.0,0.0,68.0,0.0031,0.0471,41.1,4.04007700696685,45,27.5,35,64.2,66,0.2222222222222222,1685.6,1747,0.0,447.22299999999996,446.23
gamingmain1_20260916_005928,gamingmain1_20260916_005928.csv,2026-09-16 01:00:16,2026-09-16 01:00:25,10,Heavy_GPU,19.450000000000003,1.8596594670351163,145.4,145,0.1111111111111111,,,,,,68.0,0.0,68.0,0.029700000000000004,0.132,41.0,3.9157800414902435,45,27.6,35,64.4,66,0.2222222222222222,1684.9,1740,-0.7777777777777778,447.13199999999995,446.23
gamingmain1_20260916_005928,gamingmain1_20260916_005928.csv,2026-09-16 01:00:17,2026-09-16 01:00:26,10,Heavy_GPU,19.080000000000002,1.6771669233826696,145.5,145,0.1111111111111111,,,,,,67.99,0.031622776601681994,67.9,0.029700000000000004,0.1318,41.2,4.237399621885522,48,27.9,37,64.6,66,0.2222222222222222,1684.2,1740,-0.7777777777777778,447.041,446.23
gamingmain1_20260916_005928,gamingmain1_20260916_005928.csv,2026-09-16 01:00:18,2026-09-16 01:00:27,10,Heavy_GPU,18.990000000000002,1.5066150433633967,145.6,145,0.0,,,,,,67.97999999999999,0.04216370213557599,67.9,0.029700000000000004,0.1507,41.3,4.372896319628699,47,28.1,36,64.9,67,0.3333333333333333,1683.5,1740,-0.7777777777777778,446.95,446.23
gamingmain1_20260916_005928,gamingmain1_20260916_005928.csv,2026-09-16 01:00:19,2026-09-16 01:00:28,10,Heavy_GPU,19.050000000000004,1.5622277540600655,145.7,146,0.0,,,,,,67.97,0.048304589153962046,67.9,0.029700000000000004,0.151,42.1,4.433458644845529,46,29.3,35,65.2,67,0.3333333333333333,1682.8,1740,-0.7777777777777778,446.83000000000004,446.23
gamingmain1_20260916_005928,gamingmain1_20260916_005928.csv,2026-09-16 01:00:20,2026-09-16 01:00:29,10,Heavy_GPU,19.29,1.7136381051889447,145.7,146,0.0,,,,,,67.96,0.05163977794942929,67.9,0.029700000000000004,0.1508,41.9,4.677368680976279,36,29.7,27,65.5,67,0.3333333333333333,1682.1,1740,10.88888888888889,446.71000000000004,446.23
gamingmain1_20260916_005928,gamingmain1_20260916_005928.csv,2026-09-16 01:00:21,2026-09-16 01:00:30,10,Heavy_GPU,19.300000000000004,1.7249798710580821,145.6,145,-0.1111111111111111,,,,,,67.95,0.05270462766947,67.9,0.029700000000000004,0.1658,42.5,4.352521619066865,43,30.8,34,65.8,67,0.3333333333333333,1691.9,1740,14.222222222222221,446.59,446.23
gamingmain1_20260916_005928,gamingmain1_20260916_005928.csv,2026-09-16 01:00:22,2026-09-16 01:00:31,10,Heavy_GPU,19.759999999999998,1.8032070196057794,145.5,145,-0.1111111111111111,,,,,,67.94,0.05163977794942929,67.9,0.026600000000000002,0.12919999999999998,43.1,4.067486256208427,44,31.9,34,66.1,67,0.3333333333333333,1704.7,1740,18.333333333333332,446.4700000000001,446.23
gamingmain1_20260916_005928,gamingmain1_20260916_005928.csv,2026-09-16 01:00:23,2026-09-16 01:00:32,10,Heavy_GPU,19.990000000000002,1.5394443441998453,145.3,144,-0.2222222222222222,,,,,,67.92999999999999,0.048304589153962046,67.9,0.026600000000000002,0.1302,43.9,3.725288952252936,46,33.2,36,66.4,67,0.3333333333333333,1721.2,1740,21.666666666666668,446.35,446.23
gamingmain1_20260916_005928,gamingmain1_20260916_005928.csv,2026-09-16 01:00:24,2026-09-16 01:00:33,10,Heavy_GPU,20.15,1.3057564857200599,145.2,145,-0.1111111111111111,,,,,,67.93,0.048304589153962046,68.0,0.026600000000000002,0.1779,44.5,3.3082388735465345,45,34.4,35,66.7,67,0.1111111111111111,1740.7,1740,-0.7777777777777778,446.23,446.23
gamingmain1_20260916_005928,gamingmain1_20260916_005928.csv,2026-09-16 01:00:25,2026-09-16 01:00:34,10,Heavy_GPU,20.64,1.6235762994081924,145.1,145,0.0,,,,,,67.93,0.048304589153962046,68.0,0.0375,0.2098,44.7,3.400980250849256,47,34.5,36,66.8,67,0.1111111111111111,1740.0,1740,0.0,446.23,446.23
gamingmain1_20260916_005928,gamingmain1_20260916_005928.csv,2026-09-16 01:00:26,2026-09-16 01:00:35,10,Heavy_GPU,20.419999999999998,1.8790068298616336,145.1,145,0.0,,,,,,67.93,0.048304589153962046,68.0,0.017099999999999997,0.165,44.9,3.4785054261852175,47,34.6,36,66.9,67,0.1111111111111111,1740.0,1740,0.0,446.23,446.23
gamingmain1_20260916_005928,gamingmain1_20260916_005928.csv,2026-09-16 01:00:27,2026-09-16 01:00:36,10,Heavy_GPU,20.470000000000002,1.81906569425076,145.0,144,-0.1111111111111111,,,,,,67.94000000000001,0.05163977794942929,68.0,0.017099999999999997,0.16540000000000002,44.8,3.3928028399998595,47,34.6,37,67.0,67,0.0,1740.0,1740,0.0,446.23,446.23
gamingmain1_20260916_005928,gamingmain1_20260916_005928.csv,2026-09-16 01:00:28,2026-09-16 01:00:37,10,Heavy_GPU,20.409999999999997,1.7984252370708473,144.9,144,-0.2222222222222222,,,,,,67.94,0.05163977794942929,67.9,0.017099999999999997,0.1452,45.0,3.5901098714230026,49,34.9,39,67.1,68,0.1111111111111111,1740.0,1740,0.0,446.23,446.23
gamingmain1_20260916_005928,gamingmain1_20260916_005928.csv,2026-09-16 01:00:29,2026-09-16 01:00:38,10,Heavy_GPU,20.080000000000002,2.0454828280872954,144.7,144,-0.2222222222222222,,,,,,67.95,0.05270462766947,68.0,0.017099999999999997,0.1453,45.1,3.6347092196090616,47,35.0,36,67.2,68,0.1111111111111111,1740.0,1740,0.0,446.23,446.23
gamingmain1_20260916_005928,gamingmain1_20260916_005928.csv,2026-09-16 01:00:30,2026-09-16 01:00:39,10,Heavy_GPU,20.1,2.059665560770054,144.5,144,-0.1111111111111111,,,,,,67.96000000000001,0.05163977794942929,68.0,0.017099999999999997,0.1453,46.1,1.728840330651992,46,35.8,35,67.2,67,0.0,1740.0,1740,0.0,446.23,446.23
gamingmain1_20260916_005928,gamingmain1_20260916_005928.csv,2026-09-16 01:00:31,2026-09-16 01:00:40,10,Heavy_GPU,20.19,2.1267868304609703,144.4,144,-0.1111111111111111,,,,,,67.97,0.048304589153962046,68.0,0.017099999999999997,0.13010000000000002,46.3,1.4181364924121764,45,35.9,35,67.3,68,0.1111111111111111,1740.0,1740,0.0,446.23,446.23
gamingmain1_20260916_005928,gamingmain1_20260916_005928.csv,2026-09-16 01:00:32,2026-09-16 01:00:41,10,Heavy_GPU,19.849999999999998,2.0581815058714112,144.4,145,0.1111111111111111,,,,,,67.97,0.048304589153962046,67.9,0.017099999999999997,0.1282,46.2,1.6193277068654823,43,35.7,32,67.3,67,0.0,1740.0,1740,0.0,446.23,446.23
gamingmain1_20260916_005928,gamingmain1_20260916_005928.csv,2026-09-16 01:00:33,2026-09-16 01:00:42,10,Heavy_GPU,19.96,2.054912812424572,144.5,145,0.0,,,,,,67.97,0.048304589153962046,67.9,0.1257,0.15660000000000002,45.7,2.3118054512532935,41,35.1,30,67.3,67,0.0,1740.0,1740,0.0,446.23,446.23
gamingmain1_20260916_005928,gamingmain1_20260916_005928.csv,2026-09-16 01:00:34,2026-09-16 01:00:43,10,Heavy_GPU,20.72,2.894362336220767,144.6,146,0.1111111111111111,,,,,,67.96,0.05163977794942929,67.9,0.13820000000000002,0.1447,45.3,2.7507574714370344,41,34.6,30,67.3,67,0.0,1740.0,1740,0.0,446.23,446.23
gamingmain1_20260916_005928,gamingmain1_20260916_005928.csv,2026-09-16 01:00:35,2026-09-16 01:00:44,10,Heavy_GPU,20.259999999999998,2.7289395579805555,144.6,145,0.0,,,,,,67.96000000000001,0.05163977794942929,68.0,0.12730000000000002,0.1113,44.9,2.766867462592951,43,34.2,32,67.3,67,0.0,1740.0,1740,0.0,446.23,446.23
gamingmain1_20260916_005928,gamingmain1_20260916_005928.csv,2026-09-16 01:00:36,2026-09-16 01:00:45,10,Heavy_GPU,20.229999999999997,2.7628688793434346,144.6,145,0.1111111111111111,,,,,,67.95,0.05270462766947,67.9,0.12110000000000001,0.0684,44.3,2.9078437983419185,41,33.6,30,67.3,67,0.0,1740.0,1740,0.0,446.23,446.23
gamingmain1_20260916_005928,gamingmain1_20260916_005928.csv,2026-09-16 01:00:37,2026-09-16 01:00:46,10,Heavy_GPU,20.23,2.7628688793434346,144.7,145,0.1111111111111111,,,,,,67.95,0.05270462766947,68.0,0.12110000000000001,0.06810000000000001,43.9,2.766867462592951,43,33.1,32,67.3,67,-0.1111111111111111,1740.0,1740,0.0,446.23,446.23
gamingmain1_20260916_005928,gamingmain1_20260916_005928.csv,2026-09-16 01:00:38,2026-09-16 01:00:47,10,Heavy_GPU,19.97,2.83511708556964,144.8,145,0.1111111111111111,,,,,,67.96000000000001,0.05163977794942929,68.0,0.12110000000000001,0.0927,43.4,2.1186998109427604,44,32.5,33,67.2,67,-0.1111111111111111,1740.0,1740,0.0,446.23,446.23
gamingmain1_20260916_005928,gamingmain1_20260916_005928.csv,2026-09-16 01:00:39,2026-09-16 01:00:48,10,Heavy_GPU,20.28,2.6757345824194814,144.9,145,0.1111111111111111,,,,,,67.96000000000001,0.05163977794942929,68.0,0.12110000000000001,0.09230000000000001,43.1,1.728840330651992,44,32.2,33,67.2,68,0.1111111111111111,1740.0,1740,0.0,446.23,446.23
gamingmain1_20260916_005928,gamingmain1_20260916_005928.csv,2026-09-16 01:00:40,2026-09-16 01:00:49,10,Heavy_GPU,19.94,2.719150194045518,145.1,146,0.2222222222222222,,,,,,67.96000000000001,0.05163977794942929,68.0,0.12110000000000001,0.0925,43.0,1.5634719199411433,45,32.1,34,67.2,67,-0.1111111111111111,1740.0,1740,0.0,446.23,446.23
gamingmain1_20260916_005928,gamingmain1_20260916_005928.csv,2026-09-16 01:00:41,2026-09-16 01:00:50,10,Heavy_GPU,19.8,2.6360745226356728,145.3,146,0.1111111111111111,,,,,,67.96000000000001,0.05163977794942929,68.0,0.1602,0.2919,42.9,1.449137674618944,44,31.9,33,67.1,67,0.0,1740.0,1740,0.0,446.23,446.23
gamingmain2_20260916_010200,gamingmain2_20260916_010200.csv,2026-09-16 01:02:01,2026-09-16 01:02:10,10,Heavy_GPU,7.92,5.548333083007905,132.5,154,4.444444444444445,,,,,,64.84,0.548128127762519,65.9,0.0351,0.2109,0.5,1.2692955176439846,4,0.2,2,51.4,52,0.1111111111111111,493.5,315,11.666666666666666,156.68200000000002,195.16
gamingmain2_20260916_010200,gamingmain2_20260916_010200.csv,2026-09-16 01:02:02,2026-09-16 01:02:11,10,Heavy_GPU,9.14,5.63800595167397,136.4,153,3.7777777777777777,,,,,,65.00999999999999,0.650555318341355,66.1,0.0351,0.22359999999999997,0.9,1.6633299933166201,4,0.3,1,51.5,52,0.1111111111111111,493.5,210,0.0,163.172,212.28
gamingmain2_20260916_010200,gamingmain2_20260916_010200.csv,2026-09-16 01:02:03,2026-09-16 01:02:12,10,Heavy_GPU,11.15,7.111219617227725,139.8,153,2.4444444444444446,,,,,,65.21,0.7430417963419784,66.4,0.0249,0.19519999999999998,0.9,1.66332999331662,0,0.3,0,51.6,52,0.1111111111111111,493.5,210,0.0,171.118,226.84
gamingmain2_20260916_010200,gamingmain2_20260916_010200.csv,2026-09-16 01:02:04,2026-09-16 01:02:13,10,Heavy_GPU,12.99,7.53826534717666,141.9,152,2.4444444444444446,,,,,,65.38999999999999,0.7694875639743077,66.3,0.020200000000000003,0.4885,1.0,1.632993161855452,1,0.4,1,51.7,52,0.1111111111111111,493.5,210,0.0,180.621,242.41
gamingmain2_20260916_010200,gamingmain2_20260916_010200.csv,2026-09-16 01:02:05,2026-09-16 01:02:14,10,Heavy_GPU,14.440000000000001,6.9453741599875105,143.6,147,2.111111111111111,,,,,,65.6,0.8151346173758345,66.7,0.0249,0.5863999999999999,1.0,1.632993161855452,0,0.4,0,51.9,53,0.2222222222222222,630.0,1575,151.66666666666666,191.25000000000003,253.67
gamingmain2_20260916_010200,gamingmain2_20260916_010200.csv,2026-09-16 01:02:06,2026-09-16 01:02:15,10,Heavy_GPU,15.780000000000001,6.073951669950041,145.8,150,2.7777777777777777,,,,,,65.84,0.8085652588244091,66.9,0.0249,0.5922,1.5,2.0138409955990952,5,0.7,3,52.2,54,0.3333333333333333,766.5,1575,151.66666666666666,206.433,299.21
gamingmain2_20260916_010200,gamingmain2_20260916_010200.csv,2026-09-16 01:02:07,2026-09-16 01:02:16,10,Heavy_GPU,17.65,5.624598751120929,147.9,146,2.3333333333333335,,,,,,66.07,0.7409453421137119,66.9,0.0249,0.5616,5.2,11.341173758576412,37,3.5,28,52.8,57,0.6666666666666666,920.2,1747,170.77777777777777,221.834,301.39
gamingmain2_20260916_010200,gamingmain2_20260916_010200.csv,2026-09-16 01:02:08,2026-09-16 01:02:17,10,Heavy_GPU,19.43,4.05546270822181,150.0,146,-0.1111111111111111,,,,,,66.3,0.5715476066494116,66.9,0.0187,0.5373,9.6,16.47354781999851,44,6.8,33,53.5,58,0.6666666666666666,1073.9,1747,19.11111111111111,237.15900000000002,300.63
gamingmain2_20260916_010200,gamingmain2_20260916_010200.csv,2026-09-16 01:02:09,2026-09-16 01:02:18,10,Heavy_GPU,20.029999999999998,3.8479576112241385,149.9,146,-0.6666666666666666,,,,,,66.46,0.47656176001764383,66.9,0.014000000000000002,0.5201,14.2,19.876284025608676,47,10.4,36,54.1,58,0.5555555555555556,1091.1,1747,19.11111111111111,251.19899999999998,302.24
gamingmain2_20260916_010200,gamingmain2_20260916_010200.csv,2026-09-16 01:02:10,2026-09-16 01:02:19,10,Heavy_GPU,21.290000000000003,4.770616079478391,149.2,145,-1.0,,,,,,66.57000000000001,0.37133393177689866,66.7,0.014000000000000002,0.5208,18.0,20.483055327649623,38,13.2,28,54.6,58,0.6666666666666666,1108.3,1747,159.11111111111111,263.61,302.27
gamingmain2_20260916_010200,gamingmain2_20260916_010200.csv,2026-09-16 01:02:11,2026-09-16 01:02:20,10,Heavy_GPU,21.970000000000002,4.174273057138878,148.3,145,-0.8888888888888888,,,,,,66.63000000000001,0.2907843798341953,66.5,0.014000000000000002,0.5393999999999999,22.6,22.091727964205162,50,16.7,37,55.3,59,0.7777777777777778,1251.5,1747,170.77777777777777,274.32800000000003,302.34
gamingmain2_20260916_010200,gamingmain2_20260916_010200.csv,2026-09-16 01:02:12,2026-09-16 01:02:21,10,Heavy_GPU,22.61,3.407002592700315,147.6,146,-0.7777777777777778,,,,,,66.66,0.24129281427805319,66.4,0.014000000000000002,0.5391,26.7,22.06077464138052,45,19.9,33,56.0,59,0.7777777777777778,1405.2,1747,170.77777777777777,283.381,302.81
gamingmain2_20260916_010200,gamingmain2_20260916_010200.csv,2026-09-16 01:02:13,2026-09-16 01:02:22,10,Heavy_GPU,22.48,3.35552612201955,146.9,146,-0.6666666666666666,,,,,,66.66999999999999,0.23118054512533173,66.5,0.0325,0.5479999999999998,31.4,20.705340159270776,47,23.4,35,56.7,59,0.7777777777777778,1558.9,1747,170.77777777777777,290.98199999999997,302.85
gamingmain2_20260916_010200,gamingmain2_20260916_010200.csv,2026-09-16 01:02:14,2026-09-16 01:02:23,10,Heavy_GPU,22.419999999999995,3.354532588735559,146.3,146,-0.1111111111111111,,,,,,66.68,0.214993539954629,66.4,0.0263,0.22960000000000003,36.0,18.153665072253467,47,26.8,35,57.5,60,0.7777777777777778,1712.6,1747,19.11111111111111,297.063,303.22
gamingmain2_20260916_010200,gamingmain2_20260916_010200.csv,2026-09-16 01:02:15,2026-09-16 01:02:24,10,Heavy_GPU,22.659999999999997,3.1034747551020225,146.0,144,-0.6666666666666666,,,,,,66.65,0.23213980461973607,66.4,0.0185,0.1055,40.9,13.328749211968674,49,30.6,38,58.2,60,0.6666666666666666,1729.8,1747,19.11111111111111,302.02200000000005,303.26
gamingmain3_20260916_010321,gamingmain3_20260916_010321.csv,2026-09-16 01:03:22,2026-09-16 01:03:31,10,Heavy_GPU,6.83,5.565179442050564,129.9,155,4.888888888888889,,,,,,63.33,0.4595891885393098,64.3,0.0047,0.10740000000000001,0.2,0.42163702135578396,1,0.0,0,51.5,53,0.1111111111111111,619.5,1575,151.66666666666666,154.283,187.41
gamingmain3_20260916_010321,gamingmain3_20260916_010321.csv,2026-09-16 01:03:23,2026-09-16 01:03:32,10,Heavy_GPU,8.23,6.167126109010942,134.2,154,3.0,,,,,,63.48,0.5711586664161029,64.5,0.0047,0.1078,0.2,0.42163702135578396,0,0.0,0,51.6,53,0.2222222222222222,634.5,360,16.666666666666668,160.173,206.28
gamingmain3_20260916_010321,gamingmain3_20260916_010321.csv,2026-09-16 01:03:24,2026-09-16 01:03:33,10,Heavy_GPU,9.34,6.60457753716651,136.9,154,2.2222222222222223,,,,,,63.64,0.6415259585983665,64.6,0.0125,0.13440000000000002,0.7,1.567021236472421,5,0.2,2,51.7,52,0.1111111111111111,637.5,240,3.3333333333333335,167.61899999999997,221.84
gamingmain3_20260916_010321,gamingmain3_20260916_010321.csv,2026-09-16 01:03:25,2026-09-16 01:03:34,10,Heavy_GPU,10.959999999999999,7.340329995609492,139.0,155,3.5555555555555554,,,,,,63.82000000000001,0.7208020224413599,64.9,0.0125,0.1347,1.4,2.503331114069145,7,0.4,2,51.8,52,0.1111111111111111,637.5,210,0.0,176.528,236.47
gamingmain3_20260916_010321,gamingmain3_20260916_010321.csv,2026-09-16 01:03:26,2026-09-16 01:03:35,10,Heavy_GPU,12.120000000000001,6.879890180002069,142.0,153,3.2222222222222223,,,,,,64.06,0.8435375246872868,65.5,0.020300000000000002,0.14869999999999997,2.1,2.998147576235848,7,0.8,4,52.1,54,0.3333333333333333,774.0,1575,151.66666666666666,186.031,242.41
gamingmain3_20260916_010321,gamingmain3_20260916_010321.csv,2026-09-16 01:03:27,2026-09-16 01:03:36,10,Heavy_GPU,13.580000000000002,6.171403586075232,144.8,152,3.2222222222222223,,,,,,64.32000000000001,0.9126274644612058,65.7,0.020300000000000002,0.12789999999999999,2.4,2.913569784454954,3,1.0,2,52.4,54,0.3333333333333333,910.5,1575,151.66666666666666,200.964,296.71
gamingmain3_20260916_010321,gamingmain3_20260916_010321.csv,2026-09-16 01:03:28,2026-09-16 01:03:37,10,Heavy_GPU,14.95,5.404781833401481,147.2,147,4.444444444444445,,,,,,64.59,0.9109823757290197,65.8,0.020300000000000002,0.11019999999999999,6.9,13.674388062684521,45,4.3,33,53.0,57,0.6666666666666666,1064.2,1747,170.77777777777777,216.34099999999998,301.15
gamingmain3_20260916_010321,gamingmain3_20260916_010321.csv,2026-09-16 01:03:29,2026-09-16 01:03:38,10,Heavy_GPU,17.06,3.6715724757172423,151.0,145,0.2222222222222222,,,,,,64.85999999999999,0.8154071920757684,65.8,0.020300000000000002,0.1101,11.2,17.491585278514794,43,7.5,32,53.7,58,0.7777777777777778,1217.9,1747,19.11111111111111,231.64500000000004,300.42
gamingmain3_20260916_010321,gamingmain3_20260916_010321.csv,2026-09-16 01:03:30,2026-09-16 01:03:39,10,Heavy_GPU,18.01,2.474514542738074,151.2,145,-0.7777777777777778,,,,,,65.08999999999999,0.706242010770938,65.8,0.020300000000000002,0.0828,15.9,20.24543844370326,47,11.1,36,54.4,58,0.5555555555555556,1235.1,1747,19.11111111111111,246.721,301.8
gamingmain3_20260916_010321,gamingmain3_20260916_010321.csv,2026-09-16 01:03:31,2026-09-16 01:03:40,10,Heavy_GPU,18.14,2.4258789930433236,150.5,145,-1.1111111111111112,,,,,,65.26999999999998,0.6219146064997813,65.8,0.020300000000000002,0.0651,20.5,21.660255461712975,47,14.6,35,55.0,59,0.6666666666666666,1252.3,1747,19.11111111111111,259.67300000000006,302.24
gamingmain3_20260916_010321,gamingmain3_20260916_010321.csv,2026-09-16 01:03:32,2026-09-16 01:03:41,10,Heavy_GPU,18.380000000000003,2.3859775541460753,149.5,145,-1.0,,,,,,65.41999999999999,0.5370702416299415,65.8,0.020300000000000002,0.059,25.2,22.054478003344357,48,18.2,36,55.6,59,0.6666666666666666,1269.5,1747,154.11111111111111,271.166,302.34
gamingmain3_20260916_010321,gamingmain3_20260916_010321.csv,2026-09-16 01:03:33,2026-09-16 01:03:42,10,Heavy_GPU,18.64,2.335808211305029,148.6,145,-1.0,,,,,,65.53,0.42959929650263057,65.6,0.020300000000000002,0.058899999999999994,29.9,21.07368026710095,47,21.7,35,56.2,59,0.7777777777777778,1408.2,1747,167.44444444444446,280.776,302.38
gamingmain3_20260916_010321,gamingmain3_20260916_010321.csv,2026-09-16 01:03:34,2026-09-16 01:03:43,10,Heavy_GPU,18.810000000000002,2.230321352032781,147.7,145,-1.1111111111111112,,,,,,65.63,0.2790858091857907,65.6,0.0094,0.06760000000000001,34.0,19.629909152447276,46,24.9,34,57.0,60,0.8888888888888888,1558.9,1747,170.77777777777777,288.86800000000005,302.76
gamingmain3_20260916_010321,gamingmain3_20260916_010321.csv,2026-09-16 01:03:35,2026-09-16 01:03:44,10,Heavy_GPU,18.55,2.0801976401828317,146.7,145,-0.8888888888888888,,,,,,65.7,0.11547005383792544,65.6,0.0094,0.0794,38.2,17.599242407937147,49,28.4,37,57.8,60,0.6666666666666666,1712.6,1747,19.11111111111111,295.543,303.22
gamingmain3_20260916_010321,gamingmain3_20260916_010321.csv,2026-09-16 01:03:36,2026-09-16 01:03:45,10,Heavy_GPU,19.009999999999998,1.615515053748769,146.0,146,-0.6666666666666666,,,,,,65.71000000000001,0.09944289260117666,65.6,0.0016,0.0653,42.4,13.961852790132594,49,31.7,37,58.4,60,0.6666666666666666,1729.8,1747,19.11111111111111,301.628,303.26
gamingmain3_20260916_010321,gamingmain3_20260916_010321.csv,2026-09-16 01:03:37,2026-09-16 01:03:46,10,Heavy_GPU,19.4,1.6275407487644937,145.4,146,-0.1111111111111111,,,,,,65.7,0.10540925533894747,65.6,0.0016,0.0649,46.9,1.8529256146249728,48,35.0,35,59.0,60,0.3333333333333333,1747.0,1747,0.0,302.28499999999997,303.28
gamingmain3_20260916_010321,gamingmain3_20260916_010321.csv,2026-09-16 01:03:38,2026-09-16 01:03:47,10,Heavy_GPU,19.699999999999996,1.6579773487261182,145.2,145,0.0,,,,,,65.67999999999999,0.10327955589886592,65.6,0.0016,0.066,47.4,1.9550504398153574,50,35.5,38,59.4,61,0.3333333333333333,1747.0,1747,0.0,302.502,303.32
gamingmain3_20260916_010321,gamingmain3_20260916_010321.csv,2026-09-16 01:03:39,2026-09-16 01:03:48,10,Heavy_GPU,19.4,1.1469767022723498,145.2,145,0.0,,,,,,65.66,0.09660917830793096,65.6,0.0016,0.0844,48.1,1.3703203194062976,50,36.1,38,59.7,61,0.3333333333333333,1747.0,1747,0.0,302.79200000000003,303.32
gamingmain3_20260916_010321,gamingmain3_20260916_010321.csv,2026-09-16 01:03:40,2026-09-16 01:03:49,10,Heavy_GPU,19.439999999999998,1.1305849027040038,145.1,144,-0.1111111111111111,,,,,,65.63,0.09486832980505165,65.5,0.0016,0.12310000000000001,48.3,1.3374935098492586,49,36.2,37,60.0,61,0.2222222222222222,1747.0,1747,0.0,302.944,303.32
gamingmain3_20260916_010321,gamingmain3_20260916_010321.csv,2026-09-16 01:03:41,2026-09-16 01:03:50,10,Heavy_GPU,19.81,1.1751595636338072,145.1,145,0.0,,,,,,65.6,0.08164965809277183,65.5,0.0047,0.1492,48.7,1.4944341180973262,51,36.5,38,60.2,61,0.2222222222222222,1747.0,1747,0.0,303.052,303.32
gamingmain3_20260916_010321,gamingmain3_20260916_010321.csv,2026-09-16 01:03:42,2026-09-16 01:03:51,10,Heavy_GPU,19.74,1.2411464234506921,145.0,144,-0.1111111111111111,,,,,,65.57,0.048304589153962046,65.5,0.0047,0.16460000000000002,49.0,1.632993161855452,51,36.7,38,60.5,62,0.3333333333333333,1747.0,1747,0.0,303.16499999999996,303.47
gamingmain3_20260916_010321,gamingmain3_20260916_010321.csv,2026-09-16 01:03:43,2026-09-16 01:03:52,10,Heavy_GPU,19.609999999999996,1.3444949485463553,145.0,145,0.0,,,,,,65.55999999999999,0.05163977794942929,65.5,0.0047,0.1643,49.3,1.4944341180973262,50,36.9,37,60.7,61,0.1111111111111111,1747.0,1747,0.0,303.27500000000003,303.48
gamingmain3_20260916_010321,gamingmain3_20260916_010321.csv,2026-09-16 01:03:44,2026-09-16 01:03:53,10,Heavy_GPU,19.849999999999998,1.298075498574717,144.9,144,-0.1111111111111111,,,,,,65.55,0.05270462766947,65.5,0.0047,0.11969999999999999,49.2,1.7511900715418263,45,36.7,32,60.8,61,0.1111111111111111,1747.0,1747,0.0,303.196,301.97
gamingmain3_20260916_010321,gamingmain3_20260916_010321.csv,2026-09-16 01:03:45,2026-09-16 01:03:54,10,Heavy_GPU,19.81,1.3494443300855354,144.8,144,-0.2222222222222222,,,,,,65.53999999999999,0.05163977794942929,65.5,0.0047,0.1275,49.1,1.7919573407620817,48,36.5,35,60.9,61,0.1111111111111111,1747.0,1747,0.0,303.071,301.97
gamingmain3_20260916_010321,gamingmain3_20260916_010321.csv,2026-09-16 01:03:46,2026-09-16 01:03:55,10,Heavy_GPU,19.43,1.900321610207657,144.6,144,-0.2222222222222222,,,,,,65.53,0.048304589153962046,65.5,0.0047,0.1272,48.8,2.043961295567452,46,36.2,34,61.1,62,0.2222222222222222,1747.0,1747,0.0,302.942,301.97
gamingmain3_20260916_010321,gamingmain3_20260916_010321.csv,2026-09-16 01:03:47,2026-09-16 01:03:56,10,Heavy_GPU,19.009999999999998,1.9295652935887457,144.4,144,-0.1111111111111111,,,,,,65.52000000000001,0.04216370213557599,65.5,0.0063,0.13010000000000002,48.7,2.1108186931983415,47,36.2,35,61.3,62,0.1111111111111111,1747.0,1747,0.0,302.81100000000004,301.97
gamingmain3_20260916_010321,gamingmain3_20260916_010321.csv,2026-09-16 01:03:48,2026-09-16 01:03:57,10,Heavy_GPU,18.56,1.886325057412487,144.3,144,-0.1111111111111111,,,,,,65.51,0.031622776601681994,65.5,0.0063,0.129,48.4,2.1186998109427604,47,35.9,35,61.4,62,0.1111111111111111,1747.0,1747,0.0,302.67600000000004,301.97
gamingmain3_20260916_010321,gamingmain3_20260916_010321.csv,2026-09-16 01:03:49,2026-09-16 01:03:58,10,Heavy_GPU,18.65,1.991788699190309,144.2,144,0.0,,,,,,65.5,0.0,65.5,0.0063,0.11340000000000001,48.1,2.078995483935023,47,35.7,36,61.5,62,0.1111111111111111,1747.0,1747,0.0,302.54100000000005,301.97
gamingmain3_20260916_010321,gamingmain3_20260916_010321.csv,2026-09-16 01:03:50,2026-09-16 01:03:59,10,Heavy_GPU,18.74,2.039171945232237,144.4,146,0.1111111111111111,,,,,,65.5,0.0,65.5,0.0063,0.0743,46.9,4.04007700696685,37,34.3,23,61.5,61,0.0,1747.0,1747,0.0,302.43600000000004,302.27
gamingmain3_20260916_010321,gamingmain3_20260916_010321.csv,2026-09-16 01:03:51,2026-09-16 01:04:00,10,Heavy_GPU,18.57,1.8348781370373834,144.5,146,0.2222222222222222,,,,,,65.5,0.0,65.5,0.0157,0.0791,45.6,4.623610902506587,38,32.9,24,61.5,61,-0.1111111111111111,1738.8,1665,-9.11111111111111,302.331,302.27
gamingmain3_20260916_010321,gamingmain3_20260916_010321.csv,2026-09-16 01:03:52,2026-09-16 01:04:01,10,Heavy_GPU,18.92,2.1117659803007425,144.7,146,0.1111111111111111,,,,,,65.5,0.0,65.5,0.0157,0.0636,44.2,4.9170903772228725,37,31.4,23,61.4,61,0.0,1726.1,1620,-14.11111111111111,302.211,302.27
gamingmain3_20260916_010321,gamingmain3_20260916_010321.csv,2026-09-16 01:03:53,2026-09-16 01:04:02,10,Heavy_GPU,19.19,2.1671537913945,144.8,146,0.2222222222222222,,,,,,65.5,0.0,65.5,0.0157,0.0637,43.0,4.8074017006186525,38,30.0,23,61.4,61,0.0,1710.4,1590,-17.444444444444443,302.09000000000003,302.27
gamingmain3_20260916_010321,gamingmain3_20260916_010321.csv,2026-09-16 01:03:54,2026-09-16 01:04:03,10,Heavy_GPU,19.330000000000002,2.3156712489758418,144.9,145,0.1111111111111111,,,,,,65.5,0.0,65.5,0.014100000000000001,0.058199999999999995,42.5,4.8362060428489695,40,29.2,24,61.4,61,0.0,1693.9,1582,-18.333333333333332,302.12,302.27
gamingmain3_20260916_010321,gamingmain3_20260916_010321.csv,2026-09-16 01:03:55,2026-09-16 01:04:04,10,Heavy_GPU,19.330000000000002,2.3156712489758418,145.0,145,0.1111111111111111,,,,,,65.5,0.0,65.5,0.030700000000000005,0.0763,41.9,4.433458644845529,42,28.4,27,61.5,62,0.0,1686.4,1672,-8.333333333333334,302.15500000000003,302.32
gamingmain3_20260916_010321,gamingmain3_20260916_010321.csv,2026-09-16 01:03:56,2026-09-16 01:04:05,10,Heavy_GPU,19.550000000000004,2.0056863607697437,145.1,145,0.1111111111111111,,,,,,65.5,0.0,65.5,0.030700000000000005,0.0764,41.9,4.433458644845529,46,28.6,36,61.6,63,0.1111111111111111,1686.4,1747,0.0,302.053,300.95
gamingmain3_20260916_010321,gamingmain3_20260916_010321.csv,2026-09-16 01:03:57,2026-09-16 01:04:06,10,Heavy_GPU,19.53,2.034726298820338,145.2,145,0.1111111111111111,,,,,,65.5,0.0,65.5,0.10880000000000001,0.47409999999999997,41.8,4.315347288715269,46,28.7,36,61.7,63,0.1111111111111111,1686.4,1747,0.0,301.9509999999999,300.95
gamingmain3_20260916_010321,gamingmain3_20260916_010321.csv,2026-09-16 01:03:58,2026-09-16 01:04:07,10,Heavy_GPU,19.71,1.8254071083216235,145.3,145,0.1111111111111111,,,,,,65.5,0.0,65.5,0.10880000000000001,0.47409999999999997,41.5,4.006938426723769,44,28.6,34,61.8,63,0.1111111111111111,1686.4,1747,0.0,301.849,300.95
gamingmain3_20260916_010321,gamingmain3_20260916_010321.csv,2026-09-16 01:03:59,2026-09-16 01:04:08,10,Heavy_GPU,19.240000000000002,2.0222100121731503,145.5,146,0.0,,,,,,65.5,0.0,65.5,0.11040000000000001,0.49140000000000006,41.4,3.8643671323171835,46,28.5,35,61.9,63,0.2222222222222222,1686.4,1747,0.0,301.74699999999996,300.95
gamingmain3_20260916_010321,gamingmain3_20260916_010321.csv,2026-09-16 01:04:00,2026-09-16 01:04:09,10,Heavy_GPU,19.220000000000002,2.013730645123898,145.4,145,-0.1111111111111111,,,,,,65.5,0.0,65.5,0.11040000000000001,0.5033000000000001,42.5,4.034572812303401,48,29.8,36,62.1,63,0.2222222222222222,1686.4,1747,9.11111111111111,301.61499999999995,300.95
gamingmain3_20260916_010321,gamingmain3_20260916_010321.csv,2026-09-16 01:04:01,2026-09-16 01:04:10,10,Heavy_GPU,19.35,2.102511725426414,145.4,146,0.0,,,,,,65.5,0.0,65.5,0.09790000000000001,0.47240000000000004,43.1,3.725288952252936,44,30.7,33,62.3,63,0.2222222222222222,1694.6,1747,14.11111111111111,301.48299999999995,300.95
gamingmain3_20260916_010321,gamingmain3_20260916_010321.csv,2026-09-16 01:04:02,2026-09-16 01:04:11,10,Heavy_GPU,20.06,3.6721776766503127,145.0,142,-0.4444444444444444,,,,,,65.52000000000001,0.06324555320336848,65.7,0.1026,0.483,43.8,3.0477678535099897,44,31.8,34,62.5,63,0.2222222222222222,1707.3,1747,17.444444444444443,301.35099999999994,300.95
gamingmain3_20260916_010321,gamingmain3_20260916_010321.csv,2026-09-16 01:04:03,2026-09-16 01:04:12,10,Heavy_GPU,19.990000000000002,3.6631649946156912,144.9,145,0.0,,,,,,65.55,0.10801234497346404,65.8,0.1042,0.5033000000000001,44.6,2.3190036174568114,46,33.1,36,62.7,63,0.2222222222222222,1723.0,1747,18.333333333333332,301.21899999999994,300.95
gamingmain3_20260916_010321,gamingmain3_20260916_010321.csv,2026-09-16 01:04:04,2026-09-16 01:04:13,10,Heavy_GPU,19.63,3.6092627748305857,144.8,144,-0.1111111111111111,,,,,,65.58,0.1316561177208759,65.8,0.10729999999999999,0.5045,45.2,1.6865480854231356,46,34.4,37,62.9,63,0.1111111111111111,1739.5,1747,8.333333333333334,301.087,300.95
gamingmain3_20260916_010321,gamingmain3_20260916_010321.csv,2026-09-16 01:04:05,2026-09-16 01:04:14,10,Heavy_GPU,19.72,3.5779572073709573,144.7,144,-0.1111111111111111,,,,,,65.60999999999999,0.14491376746189336,65.8,0.09070000000000002,0.4665,45.6,1.2649110640673518,46,35.3,36,63.1,64,0.1111111111111111,1747.0,1747,0.0,300.94999999999993,300.95
gamingmain3_20260916_010321,gamingmain3_20260916_010321.csv,2026-09-16 01:04:06,2026-09-16 01:04:15,10,Heavy_GPU,19.46,3.8193076743188827,144.5,143,-0.2222222222222222,,,,,,65.63999999999999,0.15055453054181497,65.8,0.0907,0.4889,45.9,1.66332999331662,49,35.5,38,63.2,64,0.1111111111111111,1747.0,1747,0.0,300.94999999999993,300.95
gamingmain3_20260916_010321,gamingmain3_20260916_010321.csv,2026-09-16 01:04:07,2026-09-16 01:04:16,10,Heavy_GPU,19.619999999999997,3.7279127314535323,144.3,143,-0.2222222222222222,,,,,,65.66999999999999,0.14944341180973134,65.8,0.011,0.0949,46.0,1.699673171197595,47,35.6,37,63.3,64,0.1111111111111111,1747.0,1747,0.0,300.94999999999993,300.95
gamingmain3_20260916_010321,gamingmain3_20260916_010321.csv,2026-09-16 01:04:08,2026-09-16 01:04:17,10,Heavy_GPU,19.660000000000004,3.7166890881237,144.2,144,-0.2222222222222222,,,,,,65.69999999999999,0.14142135623730817,65.8,0.011,0.09539999999999998,46.4,1.6465452046971294,48,36.1,39,63.4,64,0.1111111111111111,1747.0,1747,0.0,300.94999999999993,300.95
gamingmain3_20260916_010321,gamingmain3_20260916_010321.csv,2026-09-16 01:04:09,2026-09-16 01:04:18,10,Heavy_GPU,19.93,3.547784911431044,144.0,144,-0.1111111111111111,,,,,,65.72999999999999,0.12516655570345595,65.8,0.0094,0.0749,46.6,1.7126976771553508,48,36.5,39,63.5,64,0.1111111111111111,1747.0,1747,0.0,300.94999999999993,300.95
gamingmain3_20260916_010321,gamingmain3_20260916_010321.csv,2026-09-16 01:04:10,2026-09-16 01:04:19,10,Heavy_GPU,19.770000000000003,3.5851700718995807,143.9,144,-0.2222222222222222,,,,,,65.75999999999999,0.09660917830792835,65.8,0.0094,0.0629,46.5,1.6499158227686108,47,36.6,37,63.6,64,0.1111111111111111,1747.0,1747,0.0,300.94999999999993,300.95
gamingmain3_20260916_010321,gamingmain3_20260916_010321.csv,2026-09-16 01:04:11,2026-09-16 01:04:20,10,Heavy_GPU,19.53,3.559041693739732,143.7,144,0.2222222222222222,,,,,,65.78999999999999,0.031622776601681994,65.8,0.0094,0.0819,46.6,1.5055453054181622,45,36.8,35,63.7,64,0.1111111111111111,1747.0,1747,0.0,300.94999999999993,300.95
gamingmain3_20260916_010321,gamingmain3_20260916_010321.csv,2026-09-16 01:04:12,2026-09-16 01:04:21,10,Heavy_GPU,18.53,1.2737084962162004,143.9,144,-0.1111111111111111,,,,,,65.79999999999998,1.4979556132593925e-14,65.8,0.0047,0.08399999999999999,46.7,1.3374935098492586,45,36.8,34,63.7,63,0.0,1747.0,1747,0.0,300.94999999999993,300.95
gamingmain3_20260916_010321,gamingmain3_20260916_010321.csv,2026-09-16 01:04:13,2026-09-16 01:04:22,10,Heavy_GPU,18.529999999999998,1.2737084962162004,143.8,144,0.0,,,,,,65.79999999999998,1.4979556132593925e-14,65.8,0.0031,0.0636,46.4,1.776388345929897,43,36.4,32,63.7,63,0.0,1747.0,1747,0.0,300.94999999999993,300.95
gamingmain3_20260916_010321,gamingmain3_20260916_010321.csv,2026-09-16 01:04:14,2026-09-16 01:04:23,10,Heavy_GPU,18.509999999999998,1.2758004023618537,143.8,144,0.0,,,,,,65.79999999999998,1.4979556132593925e-14,65.8,0.0016,0.08220000000000001,45.9,2.4698178070456938,41,35.7,30,63.7,63,-0.1111111111111111,1747.0,1747,0.0,300.94999999999993,300.95
gamingmain3_20260916_010321,gamingmain3_20260916_010321.csv,2026-09-16 01:04:15,2026-09-16 01:04:24,10,Heavy_GPU,18.410000000000004,1.2723119813071708,143.9,145,0.2222222222222222,,,,,,65.79999999999998,1.4979556132593925e-14,65.8,0.0016,0.0825,45.4,2.913569784454954,41,35.1,30,63.6,63,-0.1111111111111111,1747.0,1747,0.0,300.94999999999993,300.95
gamingmain3_20260916_010321,gamingmain3_20260916_010321.csv,2026-09-16 01:04:16,2026-09-16 01:04:25,10,Heavy_GPU,18.740000000000002,0.5947922139518793,144.1,145,0.2222222222222222,,,,,,65.79999999999998,1.4979556132593925e-14,65.8,0.0016,0.060399999999999995,44.6,2.913569784454954,41,34.4,31,63.5,63,-0.1111111111111111,1747.0,1747,0.0,300.94999999999993,300.95
gamingmain3_20260916_010321,gamingmain3_20260916_010321.csv,2026-09-16 01:04:17,2026-09-16 01:04:26,10,Heavy_GPU,18.869999999999997,0.6515792780280506,144.3,145,0.1111111111111111,,,,,,65.79999999999998,1.4979556132593925e-14,65.8,0.0016,0.053700000000000005,44.1,2.8848262031225076,42,33.8,31,63.5,64,0.0,1747.0,1747,0.0,300.94999999999993,300.95
gamingmain3_20260916_010321,gamingmain3_20260916_010321.csv,2026-09-16 01:04:18,2026-09-16 01:04:27,10,Heavy_GPU,19.05,0.8720983634634084,144.4,145,0.1111111111111111,,,,,,65.79999999999998,1.4979556132593925e-14,65.8,0.0016,0.0536,43.5,2.592724864350674,42,33.1,32,63.5,64,0.0,1747.0,1747,0.0,300.94999999999993,300.95
gamingmain3_20260916_010321,gamingmain3_20260916_010321.csv,2026-09-16 01:04:19,2026-09-16 01:04:28,10,Heavy_GPU,18.82,1.1242775458044154,144.5,145,0.1111111111111111,,,,,,65.79999999999998,1.4979556132593925e-14,65.8,0.0016,0.054000000000000006,43.0,2.0548046676563256,43,32.5,33,63.5,64,0.0,1747.0,1747,0.0,300.94999999999993,300.95
gamingmain3_20260916_010321,gamingmain3_20260916_010321.csv,2026-09-16 01:04:20,2026-09-16 01:04:29,10,Heavy_GPU,18.860000000000003,1.1107554986484547,144.6,145,0.1111111111111111,,,,,,65.79999999999998,1.4979556132593925e-14,65.8,0.0016,0.0775,42.8,1.6865480854231356,45,32.2,34,63.5,64,0.0,1747.0,1747,0.0,300.94999999999993,300.95
gamingmain3_20260916_010321,gamingmain3_20260916_010321.csv,2026-09-16 01:04:21,2026-09-16 01:04:30,10,Heavy_GPU,18.8,1.130388330520878,144.7,145,0.1111111111111111,,,,,,65.79999999999998,1.4979556132593925e-14,65.8,0.0168,0.0984,42.7,1.567021236472421,44,32.0,33,63.5,64,0.1111111111111111,1747.0,1747,0.0,300.94999999999993,300.95
gamingmain3_20260916_010321,gamingmain3_20260916_010321.csv,2026-09-16 01:04:22,2026-09-16 01:04:31,10,Heavy_GPU,18.57,1.3055862880543574,144.9,146,0.2222222222222222,,,,,,65.79999999999998,1.4979556132593925e-14,65.8,0.0184,0.1044,42.5,1.35400640077266,43,31.8,32,63.6,64,0.1111111111111111,1747.0,1747,0.0,300.94999999999993,300.95
gamingmain3_20260916_010321,gamingmain3_20260916_010321.csv,2026-09-16 01:04:23,2026-09-16 01:04:32,10,Heavy_GPU,18.31,1.223337874650971,145.1,146,0.2222222222222222,,,,,,65.79999999999998,1.4979556132593925e-14,65.8,0.0184,0.1091,42.7,1.5670212364724212,45,31.8,32,63.7,64,0.1111111111111111,1747.0,1747,0.0,300.94999999999993,300.95
gamingmain3_20260916_010321,gamingmain3_20260916_010321.csv,2026-09-16 01:04:24,2026-09-16 01:04:33,10,Heavy_GPU,18.46,1.3108097582113973,145.2,145,0.0,,,,,,65.79999999999998,1.4979556132593925e-14,65.8,0.0168,0.0893,43.3,1.946506842754191,47,32.3,35,63.8,64,0.1111111111111111,1747.0,1747,0.0,300.94999999999993,300.95
gamingmain3_20260916_010321,gamingmain3_20260916_010321.csv,2026-09-16 01:04:25,2026-09-16 01:04:34,10,Heavy_GPU,18.860000000000003,1.7056767962698365,145.3,146,0.1111111111111111,,,,,,65.78999999999999,0.031622776601681994,65.7,0.023,0.1243,43.7,1.8287822299126937,45,32.6,33,63.9,64,0.1111111111111111,1747.0,1747,0.0,300.94999999999993,300.95
gamingmain3_20260916_010321,gamingmain3_20260916_010321.csv,2026-09-16 01:04:26,2026-09-16 01:04:35,10,Heavy_GPU,19.05,1.7658803281460873,145.4,146,0.1111111111111111,,,,,,65.78,0.04216370213557599,65.7,0.029199999999999997,0.13809999999999997,44.2,1.6865480854231356,46,32.8,33,64.0,64,0.0,1747.0,1747,0.0,300.94999999999993,300.95
gamingmain3_20260916_010321,gamingmain3_20260916_010321.csv,2026-09-16 01:04:27,2026-09-16 01:04:36,10,Heavy_GPU,19.51,2.4287399568043053,145.5,146,0.1111111111111111,,,,,,65.77000000000001,0.04830458915396205,65.7,0.029199999999999997,0.1497,44.6,1.577621275493231,46,33.0,33,64.0,64,0.0,1747.0,1747,0.0,300.94999999999993,300.95
gamingmain3_20260916_010321,gamingmain3_20260916_010321.csv,2026-09-16 01:04:28,2026-09-16 01:04:37,10,Heavy_GPU,19.78,2.709571511840531,145.6,146,0.1111111111111111,,,,,,65.76000000000002,0.05163977794942928,65.7,0.029199999999999997,0.1493,44.9,1.286683937707919,45,33.1,33,64.0,64,0.0,1747.0,1747,0.0,300.94999999999993,300.95
gamingmain3_20260916_010321,gamingmain3_20260916_010321.csv,2026-09-16 01:04:29,2026-09-16 01:04:38,10,Heavy_GPU,19.85,2.631961668076156,145.7,146,0.1111111111111111,,,,,,65.75,0.05270462766947,65.7,0.029199999999999997,0.14919999999999997,45.1,1.1005049346146119,45,33.1,33,64.0,64,0.0,1747.0,1747,0.0,300.94999999999993,300.95
gamingmain3_20260916_010321,gamingmain3_20260916_010321.csv,2026-09-16 01:04:30,2026-09-16 01:04:39,10,Heavy_GPU,19.81,2.6543256101022057,145.8,146,0.1111111111111111,,,,,,65.74000000000001,0.05163977794942929,65.7,0.029199999999999997,0.12549999999999997,45.1,1.1005049346146119,45,33.0,33,64.0,64,0.0,1747.0,1747,0.0,300.94999999999993,300.95
gamingmain3_20260916_010321,gamingmain3_20260916_010321.csv,2026-09-16 01:04:31,2026-09-16 01:04:40,10,Heavy_GPU,19.91,2.605315080113472,146.0,147,0.1111111111111111,,,,,,65.74000000000001,0.05163977794942929,65.8,0.020200000000000003,0.1129,45.1,1.1005049346146119,44,32.9,32,64.0,64,0.0,1747.0,1747,0.0,300.94999999999993,300.95
gamingmain3_20260916_010321,gamingmain3_20260916_010321.csv,2026-09-16 01:04:32,2026-09-16 01:04:41,10,Heavy_GPU,20.24,2.3500354607253624,145.8,144,-0.2222222222222222,,,,,,65.73999999999998,0.05163977794942928,65.8,0.0237,0.1296,45.0,1.3333333333333333,42,32.7,30,64.0,64,0.0,1747.0,1747,0.0,300.94999999999993,300.95
gamingmain3_20260916_010321,gamingmain3_20260916_010321.csv,2026-09-16 01:04:33,2026-09-16 01:04:42,10,Heavy_GPU,20.34,2.239146662855691,145.8,146,0.1111111111111111,,,,,,65.72999999999999,0.048304589153962046,65.7,0.0253,0.14250000000000002,45.0,1.3333333333333333,45,32.7,32,64.0,64,0.0,1747.0,1747,0.0,300.94999999999993,300.95
gamingmain3_20260916_010321,gamingmain3_20260916_010321.csv,2026-09-16 01:04:34,2026-09-16 01:04:43,10,Heavy_GPU,20.3,2.253392504154076,145.9,146,0.0,,,,,,65.72,0.04216370213557599,65.7,0.0269,0.166,44.8,1.1352924243950933,45,32.4,32,64.0,64,0.0,1747.0,1747,0.0,300.94999999999993,300.95
gamingmain3_20260916_010321,gamingmain3_20260916_010321.csv,2026-09-16 01:04:35,2026-09-16 01:04:44,10,Heavy_GPU,20.14,2.174703044862294,146.0,147,0.1111111111111111,,,,,,65.72999999999999,0.04830458915396205,65.8,0.022300000000000004,0.1385,44.1,2.4244128727957572,38,31.4,23,63.9,63,-0.1111111111111111,1747.0,1747,0.0,301.025,301.7
gamingmain3_20260916_010321,gamingmain3_20260916_010321.csv,2026-09-16 01:04:36,2026-09-16 01:04:45,10,Heavy_GPU,19.94,2.239146662855691,146.0,146,0.0,,,,,,65.73999999999998,0.05163977794942928,65.8,0.016099999999999996,0.12450000000000001,44.5,3.0276503540974917,50,31.2,31,63.9,64,0.0,1747.0,1747,0.0,300.71299999999997,297.83
gamingmain3_20260916_010321,gamingmain3_20260916_010321.csv,2026-09-16 01:04:37,2026-09-16 01:04:46,10,Heavy_GPU,19.369999999999997,1.655328097722959,146.0,146,0.0,,,,,,65.74999999999999,0.05270462766947,65.8,0.0161,0.1129,45.0,3.6514837167011076,51,31.0,31,63.9,64,0.0,1747.0,1747,0.0,300.40099999999995,297.83
gamingmain3_20260916_010321,gamingmain3_20260916_010321.csv,2026-09-16 01:04:38,2026-09-16 01:04:47,10,Heavy_GPU,18.82,0.9162726425881955,146.0,146,0.0,,,,,,65.75999999999999,0.05163977794942929,65.8,0.016099999999999996,0.1296,45.5,3.9791121287711073,50,30.7,30,63.9,64,0.0,1747.0,1747,0.0,300.08899999999994,297.83
gamingmain3_20260916_010321,gamingmain3_20260916_010321.csv,2026-09-16 01:04:39,2026-09-16 01:04:48,10,Heavy_GPU,19.09,0.8812238963825,146.0,146,0.0,,,,,,65.77,0.048304589153962046,65.8,0.0161,0.1293,46.1,4.332051092342595,51,30.4,30,63.9,64,0.0,1747.0,1747,0.0,299.77699999999993,297.83
gamingmain3_20260916_010321,gamingmain3_20260916_010321.csv,2026-09-16 01:04:40,2026-09-16 01:04:49,10,Heavy_GPU,19.369999999999997,1.0339245620450268,146.0,146,-0.1111111111111111,,,,,,65.78,0.04216370213557599,65.8,0.016099999999999996,0.1294,46.6,4.477102237434884,50,30.1,30,63.9,64,0.0,1747.0,1747,0.0,299.465,297.83
gamingmain3_20260916_010321,gamingmain3_20260916_010321.csv,2026-09-16 01:04:41,2026-09-16 01:04:50,10,Heavy_GPU,19.639999999999997,1.3023056476879766,145.9,146,0.2222222222222222,,,,,,65.78,0.04216370213557599,65.8,0.0099,0.11869999999999999,46.7,4.423422506008969,45,29.5,26,63.9,64,0.0,1747.0,1747,0.0,299.181,298.11
gamingmain3_20260916_010321,gamingmain3_20260916_010321.csv,2026-09-16 01:04:42,2026-09-16 01:04:51,10,Heavy_GPU,19.69,1.3270267518026908,146.1,146,0.0,,,,,,65.78,0.04216370213557599,65.8,0.0048000000000000004,0.0835,47.2,4.1041983924323695,47,29.3,28,63.8,63,-0.1111111111111111,1747.0,1747,0.0,298.89700000000005,298.11
gamingmain3_20260916_010321,gamingmain3_20260916_010321.csv,2026-09-16 01:04:43,2026-09-16 01:04:52,10,Heavy_GPU,19.729999999999997,1.2927576038152793,146.1,146,0.0,,,,,,65.78999999999999,0.031622776601681994,65.8,0.0032,0.0718,47.3,4.056544780420347,46,28.8,27,63.7,63,-0.1111111111111111,1747.0,1747,0.0,298.613,298.11
gamingmain3_20260916_010321,gamingmain3_20260916_010321.csv,2026-09-16 01:04:44,2026-09-16 01:04:53,10,Heavy_GPU,19.490000000000002,1.5566702355419475,146.1,146,-0.1111111111111111,,,,,,65.78999999999999,0.031622776601681994,65.7,0.0016,0.049400000000000006,47.3,4.056544780420347,45,28.2,26,63.6,63,0.0,1747.0,1747,0.0,298.32900000000006,298.11
gamingmain3_20260916_010321,gamingmain3_20260916_010321.csv,2026-09-16 01:04:45,2026-09-16 01:04:54,10,Heavy_GPU,19.23,1.6041958871797561,146.0,146,0.0,,,,,,65.78,0.04216370213557599,65.7,0.0016,0.0658,48.0,2.6246692913372702,45,28.5,26,63.6,63,-0.1111111111111111,1747.0,1747,0.0,297.97,298.11
gamingmain3_20260916_010321,gamingmain3_20260916_010321.csv,2026-09-16 01:04:46,2026-09-16 01:04:55,10,Heavy_GPU,19.31,1.5779381765103755,146.0,146,0.0,,,,,,65.77000000000001,0.04830458915396205,65.7,0.0016,0.0656,47.7,2.5407785333546005,47,28.2,28,63.6,64,0.0,1747.0,1747,0.0,297.99800000000005,298.11
gamingmain3_20260916_010321,gamingmain3_20260916_010321.csv,2026-09-16 01:04:47,2026-09-16 01:04:56,10,Heavy_GPU,19.49,1.5905624441966713,146.0,146,0.0,,,,,,65.76000000000002,0.05163977794942928,65.7,0.0016,0.0661,47.5,2.3213980461973533,49,28.0,29,63.6,64,0.0,1747.0,1747,0.0,298.026,298.11
gamingmain3_20260916_010321,gamingmain3_20260916_010321.csv,2026-09-16 01:04:48,2026-09-16 01:04:57,10,Heavy_GPU,19.61,1.499962962505704,145.9,145,-0.1111111111111111,,,,,,65.75,0.05270462766947,65.7,0.0016,0.0689,47.4,2.2211108331943574,49,27.9,29,63.6,64,0.0,1747.0,1747,0.0,298.05400000000003,298.11
gamingmain3_20260916_010321,gamingmain3_20260916_010321.csv,2026-09-16 01:04:49,2026-09-16 01:04:58,10,Heavy_GPU,19.56,1.4863826335548098,145.8,145,-0.1111111111111111,,,,,,65.74000000000001,0.05163977794942929,65.7,0.0016,0.06920000000000001,47.2,1.9321835661585915,49,27.8,29,63.6,64,0.0,1747.0,1747,0.0,298.08200000000005,298.11
gamingmain3_20260916_010321,gamingmain3_20260916_010321.csv,2026-09-16 01:04:50,2026-09-16 01:04:59,10,Heavy_GPU,19.36,1.3874036503083331,145.8,146,0.0,,,,,,65.73000000000002,0.048304589153962046,65.7,0.0016,0.069,46.9,1.6633299933166201,47,27.6,28,63.6,64,0.0,1747.0,1747,0.0,298.11,298.11
gamingmain3_20260916_010321,gamingmain3_20260916_010321.csv,2026-09-16 01:04:51,2026-09-16 01:05:00,10,Heavy_GPU,19.229999999999997,1.1662380164919643,145.8,146,0.0,,,,,,65.72,0.04216370213557599,65.7,0.014100000000000001,0.0794,47.1,1.523883926754995,47,27.8,28,63.6,64,0.1111111111111111,1747.0,1747,0.0,298.11,298.11
gamingmain3_20260916_010321,gamingmain3_20260916_010321.csv,2026-09-16 01:04:52,2026-09-16 01:05:01,10,Heavy_GPU,19.089999999999996,1.0774970997640783,145.8,146,0.0,,,,,,65.72,0.04216370213557599,65.8,0.014100000000000001,0.0795,47.2,1.5491933384829668,48,28.5,35,63.6,63,0.0,1747.0,1747,0.0,298.37,300.71
gamingmain3_20260916_010321,gamingmain3_20260916_010321.csv,2026-09-16 01:04:53,2026-09-16 01:05:02,10,Heavy_GPU,18.839999999999996,1.3753383422109473,145.7,145,-0.1111111111111111,,,,,,65.72,0.04216370213557599,65.8,0.014100000000000001,0.0931,47.5,1.5811388300841898,49,29.4,36,63.7,64,0.1111111111111111,1747.0,1747,0.0,298.745,301.86
gamingmain3_20260916_010321,gamingmain3_20260916_010321.csv,2026-09-16 01:04:54,2026-09-16 01:05:03,10,Heavy_GPU,18.740000000000002,1.5493367756703011,145.5,144,-0.2222222222222222,,,,,,65.72999999999999,0.04830458915396205,65.8,0.014100000000000001,0.09790000000000001,47.8,1.3165611772087666,48,30.5,37,63.8,64,0.1111111111111111,1747.0,1747,0.0,299.235,303.01
gamingmain3_20260916_010321,gamingmain3_20260916_010321.csv,2026-09-16 01:04:55,2026-09-16 01:05:04,10,Heavy_GPU,18.779999999999998,1.5273797461302445,145.4,145,-0.1111111111111111,,,,,,65.73999999999998,0.05163977794942928,65.8,0.0125,0.07490000000000001,48.2,0.9189365834726815,49,31.6,37,63.9,64,0.0,1747.0,1747,0.0,299.76099999999997,303.37
gamingmain3_20260916_010321,gamingmain3_20260916_010321.csv,2026-09-16 01:04:56,2026-09-16 01:05:05,10,Heavy_GPU,18.849999999999998,1.564360004034309,145.3,145,-0.1111111111111111,,,,,,65.75,0.05270462766947,65.8,0.0125,0.0825,48.2,0.9189365834726815,47,32.4,36,63.9,64,0.0,1747.0,1747,0.0,300.33000000000004,303.8
gamingmain3_20260916_010321,gamingmain3_20260916_010321.csv,2026-09-16 01:04:57,2026-09-16 01:05:06,10,Heavy_GPU,19.1,1.9832633040858023,145.1,144,-0.1111111111111111,,,,,,65.75,0.05270462766947,65.7,0.014100000000000001,0.1068,48.0,0.9428090415820634,47,33.2,37,63.9,64,0.0,1747.0,1747,0.0,301.21500000000003,306.96
gamingmain3_20260916_010321,gamingmain3_20260916_010321.csv,2026-09-16 01:04:58,2026-09-16 01:05:07,10,Heavy_GPU,19.23,2.0254217667768195,145.1,145,0.0,,,,,,65.75,0.05270462766947,65.7,0.014100000000000001,0.0975,47.8,0.9189365834726815,47,33.8,35,63.9,64,0.0,1747.0,1747,0.0,302.584,311.8
gamingmain3_20260916_010321,gamingmain3_20260916_010321.csv,2026-09-16 01:04:59,2026-09-16 01:05:08,10,Heavy_GPU,19.240000000000002,2.028244999446018,145.2,146,0.0,,,,,,65.75000000000001,0.05270462766947,65.7,0.014100000000000001,0.10800000000000001,47.6,0.8432740427115678,47,34.5,36,63.9,64,0.0,1747.0,1747,0.0,303.577,308.04
gamingmain3_20260916_010321,gamingmain3_20260916_010321.csv,2026-09-16 01:05:00,2026-09-16 01:05:09,10,Heavy_GPU,19.360000000000003,2.05437203165455,145.1,145,-0.1111111111111111,,,,,,65.75000000000001,0.05270462766947,65.7,0.014100000000000001,0.1081,47.4,1.1737877907772674,45,35.2,35,63.9,64,0.0,1747.0,1747,0.0,304.573,308.07
gamingmain3_20260916_010321,gamingmain3_20260916_010321.csv,2026-09-16 01:05:01,2026-09-16 01:05:10,10,Heavy_GPU,19.27,2.013316776973868,144.9,144,-0.2222222222222222,,,,,,65.75,0.05270462766947,65.7,0.0016,0.0824,47.2,1.3984117975602022,45,36.0,36,63.9,64,0.1111111111111111,1747.0,1747,0.0,305.60699999999997,308.45
gamingmain3_20260916_010321,gamingmain3_20260916_010321.csv,2026-09-16 01:05:02,2026-09-16 01:05:11,10,Heavy_GPU,19.47,2.092340528902714,144.7,144,-0.1111111111111111,,,,,,65.75,0.05270462766947,65.8,0.0016,0.08199999999999999,46.7,1.8885620632287057,43,35.9,34,63.9,63,-0.1111111111111111,1747.0,1747,0.0,306.44899999999996,309.13
gamingmain3_20260916_010321,gamingmain3_20260916_010321.csv,2026-09-16 01:05:03,2026-09-16 01:05:12,10,Heavy_GPU,19.949999999999996,1.8458662525281244,144.7,145,0.1111111111111111,,,,,,65.75,0.05270462766947,65.8,0.0032,0.0666,46.2,1.873795909674026,44,35.5,32,63.8,63,-0.1111111111111111,1747.0,1747,0.0,307.17600000000004,309.13
gamingmain3_20260916_010321,gamingmain3_20260916_010321.csv,2026-09-16 01:05:04,2026-09-16 01:05:13,10,Heavy_GPU,20.44,1.227644537767798,144.8,145,0.0,,,,,,65.74999999999999,0.05270462766947,65.8,0.0032,0.0616,45.9,1.7919573407620815,45,34.8,30,63.7,63,-0.1111111111111111,1747.0,1747,0.0,307.788,309.13
gamingmain3_20260916_010321,gamingmain3_20260916_010321.csv,2026-09-16 01:05:05,2026-09-16 01:05:14,10,Heavy_GPU,20.220000000000002,1.7567647031467308,144.8,145,0.0,,,,,,65.74999999999999,0.05270462766947,65.8,0.1637,0.06040000000000001,45.2,1.8135294011647258,42,34.2,31,63.6,63,-0.1111111111111111,1747.0,1747,0.0,308.37,309.19
gamingmain3_20260916_010321,gamingmain3_20260916_010321.csv,2026-09-16 01:05:06,2026-09-16 01:05:15,10,Heavy_GPU,19.860000000000003,2.153653227012701,144.8,145,0.1111111111111111,,,,,,65.75,0.05270462766947,65.8,0.1637,0.0861,44.1,3.314949304120485,36,33.4,28,63.5,63,-0.1111111111111111,1747.0,1747,0.0,308.909,309.19
gamingmain3_20260916_010321,gamingmain3_20260916_010321.csv,2026-09-16 01:05:07,2026-09-16 01:05:16,10,Heavy_GPU,19.16,2.1930192277618845,144.8,144,-0.1111111111111111,,,,,,65.75999999999999,0.05163977794942929,65.8,0.1668,0.0757,43.8,3.155242550986462,44,33.1,34,63.4,63,-0.1111111111111111,1747.0,1747,0.0,309.132,309.19
gamingmain3_20260916_010321,gamingmain3_20260916_010321.csv,2026-09-16 01:05:08,2026-09-16 01:05:17,10,Heavy_GPU,18.67,2.4207666370617202,144.7,144,-0.2222222222222222,,,,,,65.76999999999998,0.048304589153962046,65.8,0.1668,0.0843,43.4,2.9514591494904874,43,32.9,33,63.3,63,-0.1111111111111111,1747.0,1747,0.0,308.871,309.19
gamingmain3_20260916_010321,gamingmain3_20260916_010321.csv,2026-09-16 01:05:09,2026-09-16 01:05:18,10,Heavy_GPU,18.24,2.574749178722722,144.6,145,0.0,,,,,,65.78,0.04216370213557599,65.8,0.1668,0.07350000000000001,42.9,2.685351208149711,42,32.6,33,63.2,63,-0.1111111111111111,1747.0,1747,0.0,308.986,309.19
gamingmain3_20260916_010321,gamingmain3_20260916_010321.csv,2026-09-16 01:05:10,2026-09-16 01:05:19,10,Heavy_GPU,18.0,2.471167065713418,144.7,146,0.2222222222222222,,,,,,65.78999999999999,0.031622776601681994,65.8,0.1668,0.0736,43.2,3.0840089349921005,48,32.5,34,63.2,64,0.0,1747.0,1747,0.0,309.098,309.19
gamingmain3_20260916_010321,gamingmain3_20260916_010321.csv,2026-09-16 01:05:11,2026-09-16 01:05:20,10,Heavy_GPU,18.169999999999998,2.652901974986804,144.9,146,0.2222222222222222,,,,,,65.79999999999998,1.4979556132593925e-14,65.8,0.1684,0.08730000000000002,43.1,3.0349812373573437,44,32.2,33,63.1,63,0.0,1747.0,1747,0.0,309.17,309.17
gamingmain3_20260916_010321,gamingmain3_20260916_010321.csv,2026-09-16 01:05:12,2026-09-16 01:05:21,10,Heavy_GPU,18.22,2.718169318575361,145.1,146,0.1111111111111111,,,,,,65.79999999999998,1.4979556132593925e-14,65.8,0.1684,0.0875,43.5,3.2744804507314167,47,32.3,35,63.1,63,0.0,1747.0,1747,0.0,309.174,309.17
gamingmain3_20260916_010321,gamingmain3_20260916_010321.csv,2026-09-16 01:05:13,2026-09-16 01:05:22,10,Heavy_GPU,18.019999999999996,2.5424397731313126,145.1,145,0.0,,,,,,65.79999999999998,1.4979556132593925e-14,65.8,0.1668,0.0838,43.8,3.457680661303984,47,32.4,33,63.1,63,0.0,1747.0,1747,0.0,309.178,309.17
gamingmain3_20260916_010321,gamingmain3_20260916_010321.csv,2026-09-16 01:05:14,2026-09-16 01:05:23,10,Heavy_GPU,17.83,2.368332746891787,145.2,146,0.1111111111111111,,,,,,65.79999999999998,1.4979556132593925e-14,65.8,0.1668,0.08310000000000001,44.1,3.695342413844157,48,32.7,33,63.1,63,0.0,1747.0,1747,0.0,309.182,309.17
gamingmain3_20260916_010321,gamingmain3_20260916_010321.csv,2026-09-16 01:05:15,2026-09-16 01:05:24,10,Heavy_GPU,18.4,2.5573423705088842,145.2,145,0.0,,,,,,65.79999999999998,1.4979556132593925e-14,65.8,0.0079,0.08330000000000001,44.2,3.645392830531285,43,32.8,32,63.1,63,0.0,1747.0,1747,0.0,308.887,306.24
gamingmain3_20260916_010321,gamingmain3_20260916_010321.csv,2026-09-16 01:05:16,2026-09-16 01:05:25,10,Heavy_GPU,18.669999999999998,2.4513261716874806,145.3,146,0.2222222222222222,,,,,,65.79999999999998,1.4979556132593925e-14,65.8,0.0081,0.07339999999999999,44.9,2.3309511649396115,43,33.2,32,63.1,63,0.0,1747.0,1747,0.0,308.514,305.46
gamingmain3_20260916_010321,gamingmain3_20260916_010321.csv,2026-09-16 01:05:17,2026-09-16 01:05:26,10,Heavy_GPU,18.87,2.2754975035997926,145.5,146,0.2222222222222222,,,,,,65.79999999999998,1.4979556132593925e-14,65.8,0.0034000000000000002,0.058399999999999994,44.9,2.3309511649396115,44,33.1,33,63.1,63,0.0,1747.0,1747,0.0,308.14099999999996,305.46
gamingmain3_20260916_010321,gamingmain3_20260916_010321.csv,2026-09-16 01:05:18,2026-09-16 01:05:27,10,Heavy_GPU,19.270000000000003,1.9448221855309382,145.6,145,0.0,,,,,,65.78999999999999,0.031622776601681994,65.7,0.0034000000000000002,0.054000000000000006,45.0,2.260776661041756,44,33.2,34,63.1,63,0.0,1747.0,1747,0.0,307.76800000000003,305.46
gamingmain3_20260916_010321,gamingmain3_20260916_010321.csv,2026-09-16 01:05:19,2026-09-16 01:05:28,10,Heavy_GPU,19.4,1.691810338726603,145.6,145,-0.1111111111111111,,,,,,65.78,0.04216370213557599,65.7,0.005,0.0621,45.3,2.0027758514399734,45,33.4,35,63.2,64,0.0,1747.0,1747,0.0,307.395,305.46
gamingmain3_20260916_010321,gamingmain3_20260916_010321.csv,2026-09-16 01:05:20,2026-09-16 01:05:29,10,Heavy_GPU,19.240000000000002,1.9109043815836402,145.5,145,-0.1111111111111111,,,,,,65.77000000000001,0.04830458915396205,65.7,0.005,0.0619,45.1,1.7919573407620817,46,33.5,35,63.2,64,0.1111111111111111,1747.0,1747,0.0,307.02200000000005,305.46
gamingmain3_20260916_010321,gamingmain3_20260916_010321.csv,2026-09-16 01:05:21,2026-09-16 01:05:30,10,Heavy_GPU,18.73,1.9505269943160373,145.4,145,-0.1111111111111111,,,,,,65.76000000000002,0.05163977794942928,65.7,0.0034000000000000002,0.0472,45.4,1.837873166945363,47,33.8,36,63.3,64,0.1111111111111111,1747.0,1747,0.0,306.651,305.46
gamingmain3_20260916_010321,gamingmain3_20260916_010321.csv,2026-09-16 01:05:22,2026-09-16 01:05:31,10,Heavy_GPU,18.330000000000002,1.6892141499657298,145.3,145,0.0,,,,,,65.75,0.05270462766947,65.7,0.0034000000000000002,0.0477,45.3,1.7669811040931427,46,33.8,35,63.4,64,0.1111111111111111,1747.0,1747,0.0,306.28000000000003,305.46
gamingmain3_20260916_010321,gamingmain3_20260916_010321.csv,2026-09-16 01:05:23,2026-09-16 01:05:32,10,Heavy_GPU,18.63,2.0816926873206913,145.4,146,0.0,,,,,,65.73,0.06749485577105449,65.6,0.0081,0.156,44.8,1.9321835661585918,42,33.7,32,63.4,63,0.0,1747.0,1747,0.0,305.909,305.46
gamingmain3_20260916_010321,gamingmain3_20260916_010321.csv,2026-09-16 01:05:24,2026-09-16 01:05:33,10,Heavy_GPU,18.96,2.3861638203982927,145.3,145,0.0,,,,,,65.71000000000001,0.0737864787372627,65.6,0.0081,0.1558,44.3,1.636391694484477,43,33.7,33,63.4,63,0.0,1747.0,1747,0.0,305.538,305.46
gamingmain3_20260916_010321,gamingmain3_20260916_010321.csv,2026-09-16 01:05:25,2026-09-16 01:05:34,10,Heavy_GPU,19.270000000000003,2.9227270370893916,145.4,146,0.0,,,,,,65.69000000000001,0.07378647873726377,65.6,0.006500000000000001,0.18409999999999996,44.5,1.5811388300841898,45,33.9,34,63.5,64,0.1111111111111111,1747.0,1747,0.0,305.46,305.46
gamingmain3_20260916_010321,gamingmain3_20260916_010321.csv,2026-09-16 01:05:26,2026-09-16 01:05:35,10,Heavy_GPU,19.360000000000003,2.927342366948788,145.3,145,-0.1111111111111111,,,,,,65.67,0.067494855771058,65.6,0.0125,0.1752,44.8,1.5491933384829668,46,33.8,31,63.5,63,0.0,1747.0,1747,0.0,305.644,307.3
gamingmain3_20260916_010321,gamingmain3_20260916_010321.csv,2026-09-16 01:05:27,2026-09-16 01:05:36,10,Heavy_GPU,19.39,2.9122156513555106,145.2,145,0.0,,,,,,65.65,0.052704627669477484,65.6,0.0125,0.17559999999999998,44.7,1.636391694484477,43,33.5,30,63.5,63,0.0,1747.0,1747,0.0,305.82800000000003,307.3
gamingmain3_20260916_010321,gamingmain3_20260916_010321.csv,2026-09-16 01:05:28,2026-09-16 01:05:37,10,Heavy_GPU,19.29,2.9251590650006634,145.2,145,0.0,,,,,,65.64000000000001,0.05163977794943663,65.6,0.0125,0.1757,44.4,2.011080417199781,41,33.0,29,63.5,63,-0.1111111111111111,1747.0,1747,0.0,306.012,307.3
gamingmain3_20260916_010321,gamingmain3_20260916_010321.csv,2026-09-16 01:05:29,2026-09-16 01:05:38,10,Heavy_GPU,19.25,2.9654491883842637,145.2,145,0.0,,,,,,65.63000000000001,0.048304589153968916,65.6,0.0109,0.16799999999999998,43.9,2.4244128727957572,40,32.5,30,63.4,63,-0.1111111111111111,1747.0,1747,0.0,306.196,307.3
gamingmain3_20260916_010321,gamingmain3_20260916_010321.csv,2026-09-16 01:05:30,2026-09-16 01:05:39,10,Heavy_GPU,19.64,2.785358544644158,145.3,146,0.1111111111111111,,,,,,65.63000000000001,0.04830458915396891,65.7,0.0109,0.1837,43.4,2.4585451886114362,41,32.0,30,63.3,63,-0.1111111111111111,1747.0,1747,0.0,306.424,307.74
gamingmain3_20260916_010321,gamingmain3_20260916_010321.csv,2026-09-16 01:05:31,2026-09-16 01:05:40,10,Heavy_GPU,19.740000000000002,2.6675831758353854,145.2,144,-0.1111111111111111,,,,,,65.63000000000001,0.04830458915396891,65.7,0.0109,0.18339999999999998,43.0,2.1081851067789197,43,31.6,32,63.2,63,-0.1111111111111111,1747.0,1747,0.0,306.65199999999993,307.74
gamingmain3_20260916_010321,gamingmain3_20260916_010321.csv,2026-09-16 01:05:32,2026-09-16 01:05:41,10,Heavy_GPU,19.660000000000004,2.7496262372265154,145.1,144,-0.2222222222222222,,,,,,65.63000000000001,0.04830458915396891,65.7,0.0109,0.1948,42.7,1.8287822299126937,43,31.2,31,63.1,63,0.0,1747.0,1747,0.0,306.87999999999994,307.74
gamingmain3_20260916_010321,gamingmain3_20260916_010321.csv,2026-09-16 01:05:33,2026-09-16 01:05:42,10,Heavy_GPU,19.259999999999998,2.6272926496046587,144.9,144,-0.1111111111111111,,,,,,65.64000000000001,0.05163977794943662,65.7,0.0062,0.0864,43.0,1.9436506316151,45,31.3,33,63.1,63,0.0,1747.0,1747,0.0,307.11600000000004,307.82
gamingmain3_20260916_010321,gamingmain3_20260916_010321.csv,2026-09-16 01:05:34,2026-09-16 01:05:43,10,Heavy_GPU,18.81,2.426451455658379,144.9,145,-0.1111111111111111,,,,,,65.65,0.052704627669477484,65.7,0.0078,0.1091,43.2,2.043961295567452,45,31.3,33,63.1,63,-0.1111111111111111,1747.0,1747,0.0,307.35200000000003,307.82
gamingmain3_20260916_010321,gamingmain3_20260916_010321.csv,2026-09-16 01:05:35,2026-09-16 01:05:44,10,Heavy_GPU,18.130000000000003,1.2083505745896388,144.8,145,0.0,,,,,,65.66000000000001,0.051639777949436624,65.7,0.0078,0.08059999999999999,43.1,1.9692073983655907,44,31.2,33,63.0,63,0.0,1747.0,1747,0.0,307.588,307.82
gamingmain3_20260916_010321,gamingmain3_20260916_010321.csv,2026-09-16 01:05:36,2026-09-16 01:05:45,10,Heavy_GPU,18.529999999999998,2.1525437148742053,144.8,145,0.0,,,,,,65.66,0.05163977794943663,65.6,0.014100000000000001,0.09280000000000001,43.0,1.8257418583505538,45,31.3,32,63.0,63,0.0,1747.0,1747,0.0,307.64,307.82
gamingmain3_20260916_010321,gamingmain3_20260916_010321.csv,2026-09-16 01:05:37,2026-09-16 01:05:46,10,Heavy_GPU,18.66,2.1695877744657186,144.8,145,0.0,,,,,,65.67000000000002,0.048304589153968916,65.7,0.014100000000000001,0.0926,42.8,1.9321835661585915,41,31.2,29,63.0,63,0.0,1747.0,1747,0.0,307.87199999999996,309.62
gamingmain3_20260916_010321,gamingmain3_20260916_010321.csv,2026-09-16 01:05:38,2026-09-16 01:05:47,10,Heavy_GPU,18.88,2.2611698054080076,144.8,145,0.0,,,,,,65.68000000000002,0.04216370213558199,65.7,0.014100000000000001,0.0785,42.9,1.852925614624973,42,31.3,30,63.0,63,0.0,1747.0,1747,0.0,308.106,309.64
gamingmain3_20260916_010321,gamingmain3_20260916_010321.csv,2026-09-16 01:05:39,2026-09-16 01:05:48,10,Heavy_GPU,18.999999999999996,2.1437246921084694,144.8,145,-0.1111111111111111,,,,,,65.69000000000001,0.031622776601686484,65.7,0.014100000000000001,0.09530000000000001,43.1,1.5951314818673867,42,31.2,29,63.0,63,0.0,1747.0,1747,0.0,308.34,309.64
gamingmain3_20260916_010321,gamingmain3_20260916_010321.csv,2026-09-16 01:05:40,2026-09-16 01:05:49,10,Heavy_GPU,18.66,2.201110830669116,144.8,146,0.2222222222222222,,,,,,65.69000000000001,0.031622776601686484,65.7,0.014100000000000001,0.0984,43.2,1.4757295747452437,42,31.1,29,63.0,63,0.0,1747.0,1747,0.0,308.543,309.77
gamingmain3_20260916_010321,gamingmain3_20260916_010321.csv,2026-09-16 01:05:41,2026-09-16 01:05:50,10,Heavy_GPU,18.84,2.150555483796892,144.9,145,0.1111111111111111,,,,,,65.69000000000001,0.031622776601686484,65.7,0.014100000000000001,0.0986,43.2,1.4757295747452437,43,30.7,28,63.0,63,0.0,1747.0,1747,0.0,308.755,309.86
gamingmain3_20260916_010321,gamingmain3_20260916_010321.csv,2026-09-16 01:05:42,2026-09-16 01:05:51,10,Heavy_GPU,19.09,2.0289296576164375,145.0,145,0.1111111111111111,,,,,,65.69000000000001,0.031622776601686484,65.7,0.014100000000000001,0.1066,43.3,1.4944341180973264,44,30.4,28,63.0,63,0.0,1747.0,1747,0.0,308.967,309.86
gamingmain3_20260916_010321,gamingmain3_20260916_010321.csv,2026-09-16 01:05:43,2026-09-16 01:05:52,10,Heavy_GPU,18.889999999999997,2.216328294975974,145.1,145,0.0,,,,,,65.69000000000001,0.031622776601686484,65.7,0.014100000000000001,0.10629999999999999,44.2,3.7058512292499457,54,30.7,36,63.0,63,0.0,1747.0,1747,0.0,308.7,305.15
gamingmain3_20260916_010321,gamingmain3_20260916_010321.csv,2026-09-16 01:05:44,2026-09-16 01:05:53,10,Heavy_GPU,19.15,2.226731535981231,145.1,145,0.0,,,,,,65.69000000000001,0.031622776601686484,65.7,0.0125,0.0928,44.7,4.137900702315393,50,30.8,34,63.0,63,0.0,1747.0,1747,0.0,308.43300000000005,305.15
gamingmain3_20260916_010321,gamingmain3_20260916_010321.csv,2026-09-16 01:05:45,2026-09-16 01:05:54,10,Heavy_GPU,18.91,2.4794488634909704,145.0,144,-0.1111111111111111,,,,,,65.69000000000001,0.031622776601686484,65.7,0.0125,0.0985,45.4,4.575295983139597,51,31.1,36,63.0,63,0.0,1747.0,1747,0.0,308.216,305.65
gamingmain3_20260916_010321,gamingmain3_20260916_010321.csv,2026-09-16 01:05:46,2026-09-16 01:05:55,10,Heavy_GPU,18.39,1.7565433226779361,144.9,144,-0.1111111111111111,,,,,,65.69000000000001,0.03162277660168649,65.6,0.0,0.07200000000000001,45.8,4.7093288033198295,49,31.4,35,63.1,64,0.1111111111111111,1747.0,1747,0.0,308.004,305.7
gamingmain3_20260916_010321,gamingmain3_20260916_010321.csv,2026-09-16 01:05:47,2026-09-16 01:05:56,10,Heavy_GPU,18.299999999999997,1.7159383568311666,144.7,143,-0.2222222222222222,,,,,,65.68,0.04216370213558199,65.6,0.0,0.0718,46.7,4.547282460742655,50,32.1,36,63.1,63,0.0,1747.0,1747,0.0,307.61199999999997,305.7
gamingmain3_20260916_010321,gamingmain3_20260916_010321.csv,2026-09-16 01:05:48,2026-09-16 01:05:57,10,Heavy_GPU,17.93,1.5297421714495258,144.5,143,-0.2222222222222222,,,,,,65.67,0.048304589153968916,65.6,0.0,0.0716,47.6,4.402019738458447,51,32.8,37,63.2,64,0.1111111111111111,1747.0,1747,0.0,307.2679999999999,306.2
gamingmain3_20260916_010321,gamingmain3_20260916_010321.csv,2026-09-16 01:05:49,2026-09-16 01:05:58,10,Heavy_GPU,17.979999999999997,1.5259241280104476,144.4,144,-0.2222222222222222,,,,,,65.66000000000001,0.05163977794943663,65.6,0.0,0.0742,48.7,4.2176876234364356,53,33.7,38,63.3,64,0.1111111111111111,1747.0,1747,0.0,306.93299999999994,306.29
gamingmain3_20260916_010321,gamingmain3_20260916_010321.csv,2026-09-16 01:05:50,2026-09-16 01:05:59,10,Heavy_GPU,18.35,1.6514303564553432,144.2,144,-0.1111111111111111,,,,,,65.65,0.052704627669477484,65.6,0.0,0.055400000000000005,49.8,3.675746333890726,53,34.7,39,63.4,64,0.1111111111111111,1747.0,1747,0.0,306.585,306.29
gamingmain3_20260916_010321,gamingmain3_20260916_010321.csv,2026-09-16 01:05:51,2026-09-16 01:06:00,10,Heavy_GPU,18.46,1.7411362828783838,144.1,144,-0.1111111111111111,,,,,,65.64000000000001,0.05163977794943663,65.6,0.0125,0.08520000000000001,50.4,2.836272984824353,49,35.6,37,63.5,64,0.1111111111111111,1747.0,1747,0.0,306.245,306.46
gamingmain3_20260916_010321,gamingmain3_20260916_010321.csv,2026-09-16 01:05:52,2026-09-16 01:06:01,10,Heavy_GPU,18.669999999999998,1.965847286936489,144.0,144,-0.1111111111111111,,,,,,65.63000000000001,0.048304589153968916,65.6,0.0125,0.0654,50.7,2.1628170930011112,47,36.3,35,63.6,64,0.1111111111111111,1747.0,1747,0.0,305.966,307.07
gamingmain3_20260916_010321,gamingmain3_20260916_010321.csv,2026-09-16 01:05:53,2026-09-16 01:06:02,10,Heavy_GPU,18.76,1.857836256389554,143.9,144,-0.1111111111111111,,,,,,65.62,0.04216370213558199,65.6,0.0125,0.0665,50.0,2.1081851067789197,47,36.1,34,63.7,64,0.1111111111111111,1747.0,1747,0.0,306.176,307.25
gamingmain3_20260916_010321,gamingmain3_20260916_010321.csv,2026-09-16 01:05:54,2026-09-16 01:06:03,10,Heavy_GPU,18.259999999999998,2.0320761140600347,143.8,144,0.0,,,,,,65.61,0.031622776601686484,65.6,0.0125,0.07680000000000001,50.3,2.3118054512532935,53,35.8,31,63.7,63,0.0,1747.0,1747,0.0,306.461,308.0
gamingmain3_20260916_010321,gamingmain3_20260916_010321.csv,2026-09-16 01:05:55,2026-09-16 01:06:04,10,Heavy_GPU,18.280000000000005,2.0037742166000414,143.7,143,-0.1111111111111111,,,,,,65.6,0.0,65.6,0.0125,0.0714,50.7,2.7507574714370344,55,35.5,33,63.8,64,0.0,1747.0,1747,0.0,306.697,308.01
gamingmain3_20260916_010321,gamingmain3_20260916_010321.csv,2026-09-16 01:05:56,2026-09-16 01:06:05,10,Heavy_GPU,18.060000000000002,2.072143281189256,143.6,143,0.0,,,,,,65.6,0.0,65.6,0.0125,0.08800000000000001,51.0,2.70801280154532,52,35.1,31,63.8,64,0.1111111111111111,1747.0,1747,0.0,306.805,306.78
gamingmain3_20260916_010321,gamingmain3_20260916_010321.csv,2026-09-16 01:05:57,2026-09-16 01:06:06,10,Heavy_GPU,17.91,2.082973302223957,143.7,144,0.1111111111111111,,,,,,65.6,0.0,65.6,0.0125,0.0883,51.5,2.9533408577782247,55,34.8,33,63.9,64,0.0,1747.0,1747,0.0,306.9129999999999,306.78
gamingmain3_20260916_010321,gamingmain3_20260916_010321.csv,2026-09-16 01:05:58,2026-09-16 01:06:07,10,Heavy_GPU,18.2,2.143206320757134,143.8,144,0.0,,,,,,65.6,0.0,65.6,0.0125,0.0881,51.7,2.98328677803526,53,34.4,33,63.9,64,0.0,1747.0,1747,0.0,306.776,304.83
gamingmain3_20260916_010321,gamingmain3_20260916_010321.csv,2026-09-16 01:05:59,2026-09-16 01:06:08,10,Heavy_GPU,18.6,2.4707173946941894,143.8,144,0.0,,,,,,65.6,0.0,65.6,0.0125,0.0877,51.7,2.98328677803526,53,33.8,32,63.9,64,0.0,1747.0,1747,0.0,306.63,304.83
gamingmain3_20260916_010321,gamingmain3_20260916_010321.csv,2026-09-16 01:06:00,2026-09-16 01:06:09,10,Heavy_GPU,18.58,2.4543838330627907,144.1,147,0.3333333333333333,,,,,,65.61,0.03162277660168649,65.7,0.0125,0.0881,50.6,4.221637386396683,42,32.7,28,63.8,63,-0.1111111111111111,1747.0,1747,0.0,306.51899999999995,305.18
gamingmain3_20260916_010321,gamingmain3_20260916_010321.csv,2026-09-16 01:06:01,2026-09-16 01:06:10,10,Heavy_GPU,18.650000000000002,2.514955267991858,144.2,145,0.1111111111111111,,,,,,65.62,0.04216370213558199,65.7,0.0125,0.0851,50.2,4.565571644870382,45,32.0,30,63.7,63,-0.1111111111111111,1747.0,1747,0.0,306.39099999999996,305.18
gamingmain3_20260916_010321,gamingmain3_20260916_010321.csv,2026-09-16 01:06:02,2026-09-16 01:06:11,10,Heavy_GPU,18.47,2.3556315501368204,144.3,145,0.1111111111111111,,,,,,65.63000000000001,0.04830458915396891,65.7,0.0125,0.08480000000000001,49.8,5.028805910838962,43,31.4,29,63.6,63,-0.1111111111111111,1747.0,1747,0.0,306.20199999999994,305.18
gamingmain3_20260916_010321,gamingmain3_20260916_010321.csv,2026-09-16 01:06:03,2026-09-16 01:06:12,10,Heavy_GPU,18.490000000000002,2.3435253596048646,144.4,145,0.1111111111111111,,,,,,65.64000000000001,0.05163977794943662,65.7,0.014100000000000001,0.0873,49.4,5.420127099780759,43,30.8,28,63.5,63,0.0,1747.0,1747,0.0,305.995,305.18
gamingmain3_20260916_010321,gamingmain3_20260916_010321.csv,2026-09-16 01:06:04,2026-09-16 01:06:13,10,Heavy_GPU,18.66,2.1479706184624074,144.6,146,0.3333333333333333,,,,,,65.65,0.052704627669477484,65.7,0.014100000000000001,0.0678,48.4,5.601587076693335,43,30.6,29,63.5,63,-0.1111111111111111,1747.0,1747,0.0,305.7129999999999,305.18
gamingmain3_20260916_010321,gamingmain3_20260916_010321.csv,2026-09-16 01:06:05,2026-09-16 01:06:14,10,Heavy_GPU,18.979999999999997,1.8984203960134856,144.9,146,0.3333333333333333,,,,,,65.66000000000001,0.051639777949436624,65.7,0.0172,0.0886,47.3,5.229191567005787,44,30.4,31,63.4,63,-0.1111111111111111,1747.0,1747,0.0,305.6809999999999,307.69
gamingmain3_20260916_010321,gamingmain3_20260916_010321.csv,2026-09-16 01:06:06,2026-09-16 01:06:15,10,Heavy_GPU,19.03,1.8312412305440382,145.0,144,0.0,,,,,,65.67,0.04830458915396891,65.7,0.0172,0.075,46.5,5.0387388192769915,44,30.5,32,63.3,63,-0.1111111111111111,1747.0,1747,0.0,305.77200000000005,307.69
gamingmain3_20260916_010321,gamingmain3_20260916_010321.csv,2026-09-16 01:06:07,2026-09-16 01:06:16,10,Heavy_GPU,19.029999999999998,1.8312412305440382,145.0,144,0.0,,,,,,65.68000000000002,0.04216370213558199,65.7,0.0172,0.0748,45.3,4.137900702315393,43,30.4,32,63.2,63,-0.1111111111111111,1747.0,1747,0.0,305.863,307.69
gamingmain3_20260916_010321,gamingmain3_20260916_010321.csv,2026-09-16 01:06:08,2026-09-16 01:06:17,10,Heavy_GPU,18.75,1.896341506984201,145.0,144,0.0,,,,,,65.68,0.04216370213558199,65.6,0.0172,0.0749,44.2,3.22490309931942,42,30.2,31,63.1,63,-0.1111111111111111,1747.0,1747,0.0,306.149,307.69
gamingmain3_20260916_010321,gamingmain3_20260916_010321.csv,2026-09-16 01:06:09,2026-09-16 01:06:18,10,Heavy_GPU,18.21,1.578642173233412,144.9,143,-0.4444444444444444,,,,,,65.68,0.04216370213558199,65.6,0.0172,0.05550000000000001,43.3,0.9486832980505138,44,30.3,33,63.0,63,0.0,1747.0,1747,0.0,306.43500000000006,307.69
gamingmain3_20260916_010321,gamingmain3_20260916_010321.csv,2026-09-16 01:06:10,2026-09-16 01:06:19,10,Heavy_GPU,18.05,1.4159802258506293,144.5,143,-0.2222222222222222,,,,,,65.67,0.048304589153968916,65.6,0.0172,0.0736,43.3,0.9486832980505138,42,30.7,32,63.0,63,0.0,1747.0,1747,0.0,306.68600000000004,307.69
gamingmain3_20260916_010321,gamingmain3_20260916_010321.csv,2026-09-16 01:06:11,2026-09-16 01:06:20,10,Heavy_GPU,17.88,1.1033282980751165,144.3,143,-0.2222222222222222,,,,,,65.66000000000001,0.05163977794943663,65.6,0.0047,0.046700000000000005,43.0,0.816496580927726,42,30.9,32,63.0,63,0.0,1747.0,1747,0.0,306.937,307.69
gamingmain3_20260916_010321,gamingmain3_20260916_010321.csv,2026-09-16 01:06:12,2026-09-16 01:06:21,10,Heavy_GPU,17.71,0.9255028663140675,144.1,143,-0.2222222222222222,,,,,,65.65,0.052704627669477484,65.6,0.0047,0.0634,43.0,0.816496580927726,43,31.3,33,63.0,63,0.0,1747.0,1747,0.0,307.188,307.69
gamingmain3_20260916_010321,gamingmain3_20260916_010321.csv,2026-09-16 01:06:13,2026-09-16 01:06:22,10,Heavy_GPU,17.639999999999997,0.984547273285205,144.0,144,-0.2222222222222222,,,,,,65.64000000000001,0.05163977794943663,65.6,0.0031,0.0696,42.9,0.8755950357709131,42,31.8,33,63.0,63,0.0,1747.0,1747,0.0,307.439,307.69
gamingmain3_20260916_010321,gamingmain3_20260916_010321.csv,2026-09-16 01:06:14,2026-09-16 01:06:23,10,Heavy_GPU,17.869999999999997,1.105591847533859,143.7,143,-0.3333333333333333,,,,,,65.63000000000001,0.048304589153968916,65.6,0.0031,0.0705,42.6,1.2649110640673518,40,32.0,31,63.0,63,0.0,1747.0,1747,0.0,307.69,307.69
gamingmain3_20260916_010321,gamingmain3_20260916_010321.csv,2026-09-16 01:06:15,2026-09-16 01:06:24,10,Heavy_GPU,17.6,1.1284207253207164,143.5,144,0.0,,,,,,65.62,0.04216370213558199,65.6,0.0,0.0661,42.4,1.1737877907772674,42,32.2,33,63.0,63,0.0,1747.0,1747,0.0,307.69,307.69
gamingmain3_20260916_010321,gamingmain3_20260916_010321.csv,2026-09-16 01:06:16,2026-09-16 01:06:25,10,Heavy_GPU,17.880000000000003,1.2976902558006662,143.6,145,0.1111111111111111,,,,,,65.6,0.04714045207910384,65.5,0.0,0.0666,41.8,1.6865480854231356,38,32.0,30,63.0,63,0.0,1747.0,1747,0.0,307.69,307.69
gamingmain3_20260916_010321,gamingmain3_20260916_010321.csv,2026-09-16 01:06:17,2026-09-16 01:06:26,10,Heavy_GPU,18.05,1.2955050495205844,143.6,144,0.0,,,,,,65.58,0.04216370213557599,65.5,0.0062,0.06650000000000002,42.6,3.3730961708462712,51,32.4,36,63.0,63,0.0,1747.0,1747,0.0,306.854,299.33
gamingmain3_20260916_010321,gamingmain3_20260916_010321.csv,2026-09-16 01:06:18,2026-09-16 01:06:27,10,Heavy_GPU,18.03,1.3132233456482394,143.5,143,0.0,,,,,,65.57,0.048304589153962046,65.5,0.0078,0.08109999999999999,43.5,4.27525177946022,51,32.9,36,63.0,63,0.0,1747.0,1747,0.0,306.018,299.33
gamingmain3_20260916_010321,gamingmain3_20260916_010321.csv,2026-09-16 01:06:19,2026-09-16 01:06:28,10,Heavy_GPU,18.160000000000004,1.2285492799775404,143.5,143,0.0,,,,,,65.55999999999999,0.05163977794942929,65.5,0.0078,0.0855,43.9,4.508017549014447,48,33.0,34,63.0,63,0.0,1747.0,1747,0.0,305.18199999999996,299.33
gamingmain3_20260916_010321,gamingmain3_20260916_010321.csv,2026-09-16 01:06:20,2026-09-16 01:06:29,10,Heavy_GPU,18.17,1.2338287293353698,143.6,144,0.1111111111111111,,,,,,65.55,0.05270462766947,65.5,0.0078,0.067,44.3,4.498147766951785,46,33.0,32,63.0,63,0.0,1747.0,1747,0.0,303.933,295.2
gamingmain3_20260916_010321,gamingmain3_20260916_010321.csv,2026-09-16 01:06:21,2026-09-16 01:06:30,10,Heavy_GPU,18.07,1.1804424782446812,143.7,144,0.1111111111111111,,,,,,65.53999999999999,0.05163977794942929,65.5,0.0094,0.0819,44.8,4.491968140779471,47,33.1,33,63.0,63,0.0,1747.0,1747,0.0,302.6839999999999,295.2
gamingmain3_20260916_010321,gamingmain3_20260916_010321.csv,2026-09-16 01:06:22,2026-09-16 01:06:31,10,Heavy_GPU,18.18,1.2136263382478516,143.8,144,0.0,,,,,,65.53,0.048304589153962046,65.5,0.0094,0.0654,45.5,4.719934086168766,50,33.0,32,63.0,63,0.0,1747.0,1747,0.0,301.84799999999996,299.33
gamingmain3_20260916_010321,gamingmain3_20260916_010321.csv,2026-09-16 01:06:23,2026-09-16 01:06:32,10,Heavy_GPU,18.53,1.2120231020900554,143.8,144,0.1111111111111111,,,,,,65.52000000000001,0.04216370213557599,65.5,0.0094,0.0683,46.4,4.835057163858332,51,33.0,33,63.0,63,0.0,1747.0,1747,0.0,301.012,299.33
gamingmain3_20260916_010321,gamingmain3_20260916_010321.csv,2026-09-16 01:06:24,2026-09-16 01:06:33,10,Heavy_GPU,18.630000000000003,1.3275290329530778,143.9,144,0.0,,,,,,65.51,0.031622776601681994,65.5,0.0094,0.06739999999999999,47.9,4.954235000930462,55,33.4,35,63.0,63,0.0,1747.0,1747,0.0,300.176,299.33
gamingmain3_20260916_010321,gamingmain3_20260916_010321.csv,2026-09-16 01:06:25,2026-09-16 01:06:34,10,Heavy_GPU,18.94,1.0574602698079123,143.8,143,-0.2222222222222222,,,,,,65.5,0.0,65.5,0.0094,0.051000000000000004,49.1,4.817791102892602,54,33.6,35,63.1,64,0.1111111111111111,1747.0,1747,0.0,299.34,299.33
gamingmain3_20260916_010321,gamingmain3_20260916_010321.csv,2026-09-16 01:06:26,2026-09-16 01:06:35,10,Heavy_GPU,18.729999999999997,1.0760524563834653,143.7,144,0.0,,,,,,65.5,0.0,65.5,0.0156,0.07339999999999999,50.3,2.8303906287138374,50,33.9,33,63.1,63,0.0,1747.0,1747,0.0,298.504,299.33
gamingmain3_20260916_010321,gamingmain3_20260916_010321.csv,2026-09-16 01:06:27,2026-09-16 01:06:36,10,Heavy_GPU,18.55,1.2057731498457283,143.6,143,0.0,,,,,,65.5,0.0,65.5,0.0094,0.0737,50.3,2.8303906287138374,51,33.7,34,63.1,63,0.0,1747.0,1747,0.0,298.504,299.33
gamingmain3_20260916_010321,gamingmain3_20260916_010321.csv,2026-09-16 01:06:28,2026-09-16 01:06:37,10,Heavy_GPU,18.5,1.2892719737209146,143.8,145,0.2222222222222222,,,,,,65.5,0.0,65.5,0.0078,0.0723,50.1,2.8460498941515415,49,33.3,32,63.1,63,0.0,1747.0,1747,0.0,298.57800000000003,300.07
gamingmain3_20260916_010321,gamingmain3_20260916_010321.csv,2026-09-16 01:06:29,2026-09-16 01:06:38,10,Heavy_GPU,18.47,1.3055862880543578,144.0,145,0.1111111111111111,,,,,,65.5,0.0,65.5,0.0078,0.08410000000000001,50.1,2.8460498941515415,48,33.0,31,63.1,63,0.0,1747.0,1747,0.0,298.65400000000005,300.09
gamingmain3_20260916_010321,gamingmain3_20260916_010321.csv,2026-09-16 01:06:30,2026-09-16 01:06:39,10,Heavy_GPU,18.499999999999996,1.3174048563579672,144.1,145,0.1111111111111111,,,,,,65.5,0.0,65.5,0.0078,0.0844,50.1,2.8460498941515415,46,32.9,31,63.1,63,0.0,1747.0,1747,0.0,299.14300000000003,300.09
gamingmain3_20260916_010321,gamingmain3_20260916_010321.csv,2026-09-16 01:06:31,2026-09-16 01:06:40,10,Heavy_GPU,18.369999999999997,1.4111067366511376,144.2,145,0.1111111111111111,,,,,,65.5,0.0,65.5,0.0062,0.0819,49.7,3.529242915351047,43,32.5,29,63.1,63,0.0,1747.0,1747,0.0,299.632,300.09
gamingmain3_20260916_010321,gamingmain3_20260916_010321.csv,2026-09-16 01:06:32,2026-09-16 01:06:41,10,Heavy_GPU,18.36,1.4064928802600543,144.3,145,0.1111111111111111,,,,,,65.5,0.0,65.5,0.0062,0.08170000000000001,48.8,4.4671641514002545,41,32.1,28,63.1,63,0.0,1747.0,1747,0.0,299.71,300.11
gamingmain3_20260916_010321,gamingmain3_20260916_010321.csv,2026-09-16 01:06:33,2026-09-16 01:06:42,10,Heavy_GPU,18.27,1.3081369279330899,144.4,145,0.1111111111111111,,,,,,65.5,0.0,65.5,0.0062,0.0694,47.7,5.1650535116083525,40,31.4,26,63.0,62,-0.1111111111111111,1746.3,1740,-0.7777777777777778,299.788,300.11
gamingmain3_20260916_010321,gamingmain3_20260916_010321.csv,2026-09-16 01:06:34,2026-09-16 01:06:43,10,Heavy_GPU,18.089999999999996,1.0877601859887236,144.4,144,0.1111111111111111,,,,,,65.5,0.0,65.5,0.0062,0.08780000000000002,45.5,6.276056794587577,33,29.9,20,62.9,62,-0.2222222222222222,1735.8,1642,-11.666666666666666,299.86600000000004,300.11
gamingmain3_20260916_010321,gamingmain3_20260916_010321.csv,2026-09-16 01:06:35,2026-09-16 01:06:44,10,Heavy_GPU,17.909999999999997,0.9915756260730813,144.6,145,0.1111111111111111,,,,,,65.5,0.0,65.5,0.0062,0.1066,41.8,10.315037566582102,17,27.4,10,62.5,60,-0.3333333333333333,1708.8,1477,-30.0,299.9440000000001,300.11
gamingmoderatemain1_20260916_010940,gamingmoderatemain1_20260916_010940.csv,2026-09-16 01:09:41,2026-09-16 01:09:50,10,Heavy_GPU,11.540000000000001,6.075853849460173,141.2,153,4.666666666666667,,,,,,64.46,0.9335713982098817,65.8,0.0156,0.1272,1.5,2.223610677354389,6,1.0,3,55.0,56,0.2222222222222222,628.5,210,0.0,350.61800000000005,559.11
gamingmoderatemain1_20260916_010940,gamingmoderatemain1_20260916_010940.csv,2026-09-16 01:09:42,2026-09-16 01:09:51,10,Heavy_GPU,12.879999999999999,5.31513562072189,145.3,152,2.6666666666666665,,,,,,64.75,1.01461541701496,66.3,0.0156,0.1698,2.0,2.4037008503093262,5,1.2,2,55.3,57,0.3333333333333333,765.0,1575,151.66666666666666,382.20200000000006,572.86
gamingmoderatemain1_20260916_010940,gamingmoderatemain1_20260916_010940.csv,2026-09-16 01:09:43,2026-09-16 01:09:52,10,Heavy_GPU,13.77,4.5590081767370805,147.5,150,2.0,,,,,,65.04999999999998,1.0146154170149608,66.4,0.0218,0.1918,2.0,2.4037008503093262,0,1.2,0,55.6,57,0.3333333333333333,901.5,1575,151.66666666666666,414.738,582.38
gamingmoderatemain1_20260916_010940,gamingmoderatemain1_20260916_010940.csv,2026-09-16 01:09:44,2026-09-16 01:09:53,10,Heavy_GPU,14.3,3.922300912021469,149.4,151,2.5555555555555554,,,,,,65.33,0.9545796049687122,66.4,0.037,0.1832,2.1,2.330951164939612,1,1.2,0,56.0,58,0.4444444444444444,1038.0,1575,151.66666666666666,452.8620000000001,638.26
gamingmoderatemain1_20260916_010940,gamingmoderatemain1_20260916_010940.csv,2026-09-16 01:09:45,2026-09-16 01:09:54,10,Heavy_GPU,14.819999999999999,2.9543940909168573,151.0,144,-0.2222222222222222,,,,,,65.60999999999999,0.7866242926440675,66.4,0.0698,0.19590000000000002,2.2,2.250925735484551,1,1.2,0,56.4,58,0.3333333333333333,1174.5,1575,0.0,492.088,649.28
gamingmoderatemain1_20260916_010940,gamingmoderatemain1_20260916_010940.csv,2026-09-16 01:09:46,2026-09-16 01:09:55,10,Heavy_GPU,15.329999999999998,2.422143219914499,151.3,149,-0.4444444444444444,,,,,,65.85,0.6654154925892387,66.6,0.08499999999999999,0.1863,10.6,26.23483689041475,85,7.3,61,56.6,57,0.1111111111111111,1174.5,1575,0.0,532.048,666.35
gamingmoderatemain1_20260916_010940,gamingmoderatemain1_20260916_010940.csv,2026-09-16 01:09:47,2026-09-16 01:09:56,10,Heavy_GPU,15.459999999999999,2.501643903960398,150.6,146,-0.8888888888888888,,,,,,66.04,0.5641118880348329,66.6,0.0725,0.1718,19.2,35.27605420111495,87,13.4,61,57.3,63,0.7777777777777778,1191.0,1740,18.333333333333332,566.097,664.66
gamingmoderatemain1_20260916_010940,gamingmoderatemain1_20260916_010940.csv,2026-09-16 01:09:48,2026-09-16 01:09:57,10,Heavy_GPU,15.86,2.8253613338238117,149.7,145,-1.0,,,,,,66.18,0.4709328803319835,66.5,0.0725,0.15619999999999998,28.2,40.87052727822336,90,19.7,63,58.2,65,1.0,1207.5,1740,160.0,594.287,663.51
gamingmoderatemain1_20260916_010940,gamingmoderatemain1_20260916_010940.csv,2026-09-16 01:09:49,2026-09-16 01:09:58,10,Heavy_GPU,16.12,2.9268109303851904,148.8,145,-0.8888888888888888,,,,,,66.3,0.36209268304000714,66.5,0.07560000000000001,0.1416,37.1,44.09446929289684,91,25.8,64,59.2,66,1.2222222222222223,1351.5,1740,170.0,616.254,664.9
gamingmoderatemain1_20260916_010940,gamingmoderatemain1_20260916_010940.csv,2026-09-16 01:09:50,2026-09-16 01:09:59,10,Heavy_GPU,16.330000000000002,3.1216270686223164,148.0,145,-0.8888888888888888,,,,,,66.4,0.23094010767585016,66.5,0.0756,0.1532,45.8,45.61383805625462,92,31.9,65,60.4,67,1.2222222222222223,1504.5,1740,170.0,632.665,665.34
gamingmoderatemain1_20260916_010940,gamingmoderatemain1_20260916_010940.csv,2026-09-16 01:09:51,2026-09-16 01:10:00,10,Heavy_GPU,16.42,3.2372141658462383,147.2,145,-0.7777777777777778,,,,,,66.47,0.09486832980504882,66.5,0.0756,0.1563,54.6,45.570945909769215,94,38.2,66,61.6,68,1.2222222222222223,1657.5,1740,18.333333333333332,643.297,665.43
gamingmoderatemain1_20260916_010940,gamingmoderatemain1_20260916_010940.csv,2026-09-16 01:09:52,2026-09-16 01:10:01,10,Heavy_GPU,16.56,3.2472894679853983,146.5,145,-0.5555555555555556,,,,,,66.49000000000001,0.073786478737258,66.5,0.0756,0.1313,63.3,43.29754932762105,92,44.5,65,62.7,68,1.2222222222222223,1674.0,1740,18.333333333333332,652.5580000000001,665.47
gamingmoderatemain1_20260916_010940,gamingmoderatemain1_20260916_010940.csv,2026-09-16 01:09:53,2026-09-16 01:10:02,10,Heavy_GPU,17.04,3.1809153120166878,145.9,144,-0.7777777777777778,,,,,,66.49,0.073786478737258,66.4,0.0694,0.1155,72.8,37.958456823802045,95,51.3,68,63.9,69,1.2222222222222223,1690.5,1740,18.333333333333332,660.891,665.71
gamingmoderatemain1_20260916_010940,gamingmoderatemain1_20260916_010940.csv,2026-09-16 01:09:54,2026-09-16 01:10:03,10,Heavy_GPU,17.6,2.665833203084294,145.3,145,0.1111111111111111,,,,,,66.49,0.073786478737258,66.4,0.057300000000000004,0.1343,82.3,28.767458467279774,96,58.1,68,65.0,69,1.2222222222222223,1707.0,1740,18.333333333333332,663.682,666.17
gamingmoderatemain1_20260916_010940,gamingmoderatemain1_20260916_010940.csv,2026-09-16 01:09:55,2026-09-16 01:10:04,10,Heavy_GPU,18.08,1.672523044186039,145.4,145,-0.4444444444444444,,,,,,66.48999999999998,0.073786478737258,66.4,0.0214,0.1065,91.7,3.591656999213594,95,64.8,67,66.2,70,1.4444444444444444,1723.5,1740,18.333333333333332,665.375,666.21
gamingmoderatemain1_20260916_010940,gamingmoderatemain1_20260916_010940.csv,2026-09-16 01:09:56,2026-09-16 01:10:05,10,Heavy_GPU,18.4,1.3046923860520625,145.0,145,-0.1111111111111111,,,,,,66.47,0.06749485577105145,66.4,0.0062,0.0867,92.9,3.0713731999438516,97,65.6,69,67.6,71,0.8888888888888888,1740.0,1740,0.0,665.363,666.23
gamingmoderatemain1_20260916_010940,gamingmoderatemain1_20260916_010940.csv,2026-09-16 01:09:57,2026-09-16 01:10:06,10,Heavy_GPU,18.410000000000004,1.296533840669036,144.9,145,0.0,,,,,,66.45,0.05270462766947,66.4,0.0073999999999999995,0.0925,94.1,2.8460498941515415,99,66.4,69,68.4,71,0.6666666666666666,1740.0,1740,0.0,665.524,666.27
gamingmoderatemain1_20260916_010940,gamingmoderatemain1_20260916_010940.csv,2026-09-16 01:09:58,2026-09-16 01:10:07,10,Heavy_GPU,18.35,1.2483322207382674,144.9,145,0.0,,,,,,66.44,0.05163977794942929,66.4,0.009,0.134,95.0,2.8284271247461903,99,67.0,69,69.1,72,0.6666666666666666,1740.0,1740,0.0,665.8000000000002,666.27
gamingmoderatemain1_20260916_010940,gamingmoderatemain1_20260916_010940.csv,2026-09-16 01:09:59,2026-09-16 01:10:08,10,Heavy_GPU,18.65,1.5572411502397443,144.9,145,0.0,,,,,,66.42999999999999,0.048304589153962046,66.4,0.0059,0.1259,95.8,2.6997942308422114,99,67.5,69,69.7,72,0.5555555555555556,1740.0,1740,0.0,665.9370000000001,666.27
gamingmoderatemain1_20260916_010940,gamingmoderatemain1_20260916_010940.csv,2026-09-16 01:10:00,2026-09-16 01:10:09,10,Heavy_GPU,18.82,1.7743856526822024,144.8,144,-0.1111111111111111,,,,,,66.42,0.04216370213557599,66.4,0.0059,0.1284,96.5,2.5055493963954847,99,68.0,70,70.2,72,0.4444444444444444,1740.0,1740,0.0,666.0300000000001,666.27
gamingmoderatemain1_20260916_010940,gamingmoderatemain1_20260916_010940.csv,2026-09-16 01:10:01,2026-09-16 01:10:10,10,Heavy_GPU,18.75,1.7135084216633172,144.8,145,0.0,,,,,,66.41,0.03162277660168199,66.4,0.0059,0.1305,97.0,2.449489742783178,99,68.5,71,70.7,73,0.5555555555555556,1740.0,1740,0.0,666.1290000000001,666.42
gamingmoderatemain1_20260916_010940,gamingmoderatemain1_20260916_010940.csv,2026-09-16 01:10:02,2026-09-16 01:10:11,10,Heavy_GPU,18.940000000000005,1.6513967152417108,144.8,145,0.1111111111111111,,,,,,66.4,0.0,66.4,0.0059,0.12069999999999999,97.7,1.766981104093143,99,69.1,71,71.2,73,0.4444444444444444,1740.0,1740,0.0,666.225,666.43
gamingmoderatemain1_20260916_010940,gamingmoderatemain1_20260916_010940.csv,2026-09-16 01:10:03,2026-09-16 01:10:12,10,Heavy_GPU,19.52,2.431186267373742,144.7,143,-0.2222222222222222,,,,,,66.39,0.03162277660168649,66.3,0.0059,0.1145,96.7,4.3728963196286985,85,68.2,59,71.5,72,0.3333333333333333,1740.0,1740,0.0,666.177,665.23
gamingmoderatemain1_20260916_010940,gamingmoderatemain1_20260916_010940.csv,2026-09-16 01:10:04,2026-09-16 01:10:13,10,Heavy_GPU,19.41,2.5449077695577804,144.6,144,-0.1111111111111111,,,,,,66.38,0.04216370213558199,66.3,0.0028,0.1127,96.5,4.453463071962462,94,68.1,67,71.9,73,0.3333333333333333,1740.0,1740,0.0,666.052,664.92
gamingmoderatemain1_20260916_010940,gamingmoderatemain1_20260916_010940.csv,2026-09-16 01:10:05,2026-09-16 01:10:14,10,Heavy_GPU,19.41,2.5449077695577804,144.5,144,-0.1111111111111111,,,,,,66.36999999999999,0.04830458915396891,66.3,0.0028,0.10459999999999998,96.3,4.571651780264984,93,68.0,66,72.2,73,0.2222222222222222,1740.0,1740,0.0,665.923,664.92
gamingmoderatemain1_20260916_010940,gamingmoderatemain1_20260916_010940.csv,2026-09-16 01:10:06,2026-09-16 01:10:15,10,Heavy_GPU,19.37,2.5673375746524303,144.4,144,-0.1111111111111111,,,,,,66.35999999999999,0.05163977794943662,66.3,0.0028,0.11560000000000001,96.0,4.618802153517006,94,67.9,68,72.4,73,0.2222222222222222,1740.0,1740,0.0,665.792,664.92
gamingmoderatemain1_20260916_010940,gamingmoderatemain1_20260916_010940.csv,2026-09-16 01:10:07,2026-09-16 01:10:16,10,Heavy_GPU,19.26,2.677561079290879,144.2,143,-0.2222222222222222,,,,,,66.35,0.052704627669477484,66.3,0.014100000000000001,0.1243,95.7,4.498147766951785,96,68.1,71,72.6,73,0.1111111111111111,1740.0,1740,0.0,665.6569999999999,664.92
gamingmoderatemain1_20260916_010940,gamingmoderatemain1_20260916_010940.csv,2026-09-16 01:10:08,2026-09-16 01:10:17,10,Heavy_GPU,19.1,2.7418566296905063,144.0,143,-0.2222222222222222,,,,,,66.33999999999999,0.051639777949436624,66.3,0.0125,0.0911,95.4,4.351245032554858,96,68.3,71,72.8,74,0.2222222222222222,1740.0,1740,0.0,665.5219999999999,664.92
gamingmoderatemain1_20260916_010940,gamingmoderatemain1_20260916_010940.csv,2026-09-16 01:10:09,2026-09-16 01:10:18,10,Heavy_GPU,18.750000000000004,2.651728995705758,144.0,145,0.1111111111111111,,,,,,66.33,0.04830458915396891,66.3,0.0125,0.0912,91.4,12.121606054204754,59,65.6,42,72.7,71,-0.1111111111111111,1740.0,1740,0.0,665.417,665.22
gamingmoderatemain1_20260916_010940,gamingmoderatemain1_20260916_010940.csv,2026-09-16 01:10:10,2026-09-16 01:10:19,10,Heavy_GPU,18.6,2.517935662402835,144.1,145,0.0,,,,,,66.31999999999998,0.04216370213558199,66.3,0.0125,0.0772,87.6,15.071680581658953,61,62.9,43,72.5,70,-0.3333333333333333,1740.0,1740,0.0,665.3120000000001,665.22
gamingmoderatemain1_20260916_010940,gamingmoderatemain1_20260916_010940.csv,2026-09-16 01:10:11,2026-09-16 01:10:20,10,Heavy_GPU,18.95,2.915190102434717,144.1,145,0.0,,,,,,66.30999999999999,0.031622776601686484,66.3,0.0125,0.0873,83.7,16.746807324250064,60,60.1,43,72.2,70,-0.3333333333333333,1740.0,1740,0.0,665.192,665.22
gamingmoderatemain1_20260916_010940,gamingmoderatemain1_20260916_010940.csv,2026-09-16 01:10:12,2026-09-16 01:10:21,10,Heavy_GPU,19.009999999999998,2.929334395387458,144.1,145,0.2222222222222222,,,,,,66.29999999999998,1.4979556132593925e-14,66.3,0.0125,0.0796,79.7,17.448654835131432,59,57.2,42,71.9,70,-0.2222222222222222,1740.0,1740,0.0,665.071,665.22
gamingmoderatemain1_20260916_010940,gamingmoderatemain1_20260916_010940.csv,2026-09-16 01:10:13,2026-09-16 01:10:22,10,Heavy_GPU,18.5,2.201514630127783,144.3,145,0.1111111111111111,,,,,,66.29999999999998,1.4979556132593925e-14,66.3,0.0125,0.08120000000000001,77.3,18.26989022651447,61,55.6,43,71.7,70,-0.3333333333333333,1740.0,1740,0.0,665.07,665.22
gamingmoderatemain1_20260916_010940,gamingmoderatemain1_20260916_010940.csv,2026-09-16 01:10:14,2026-09-16 01:10:23,10,Heavy_GPU,18.83,2.1312750487286563,144.4,145,0.1111111111111111,,,,,,66.29999999999998,1.4979556132593925e-14,66.3,0.0125,0.06420000000000001,76.8,17.825075969917584,89,55.4,65,71.7,73,0.0,1740.0,1740,0.0,665.1049999999999,665.27
gamingmoderatemain1_20260916_010940,gamingmoderatemain1_20260916_010940.csv,2026-09-16 01:10:15,2026-09-16 01:10:24,10,Heavy_GPU,19.15,1.922527271877076,144.4,144,0.0,,,,,,66.29999999999998,1.4979556132593925e-14,66.3,0.0125,0.0944,76.4,17.462340431148778,89,55.3,65,71.8,74,0.1111111111111111,1740.0,1740,0.0,665.0029999999999,663.9
gamingmoderatemain1_20260916_010940,gamingmoderatemain1_20260916_010940.csv,2026-09-16 01:10:16,2026-09-16 01:10:25,10,Heavy_GPU,19.33,1.8761959149063063,144.5,145,0.2222222222222222,,,,,,66.29999999999998,1.4979556132593925e-14,66.3,0.0125,0.08910000000000001,76.3,17.35287360128639,93,55.2,67,71.9,74,0.1111111111111111,1739.2,1732,-0.8888888888888888,664.901,663.9
gamingmoderatemain1_20260916_010940,gamingmoderatemain1_20260916_010940.csv,2026-09-16 01:10:17,2026-09-16 01:10:26,10,Heavy_GPU,19.419999999999998,1.7364075302506354,144.7,145,0.2222222222222222,,,,,,66.29999999999998,1.4979556132593925e-14,66.3,0.0,0.06280000000000001,76.0,16.99673171197595,93,54.7,66,72.0,74,0.0,1738.4,1732,-0.8888888888888888,664.799,663.9
gamingmoderatemain1_20260916_010940,gamingmoderatemain1_20260916_010940.csv,2026-09-16 01:10:18,2026-09-16 01:10:27,10,Heavy_GPU,19.42,1.7364075302506354,144.9,145,0.0,,,,,,66.29999999999998,1.4979556132593925e-14,66.3,0.0,0.05450000000000001,75.8,16.745148551147583,94,54.3,67,72.1,75,0.4444444444444444,1737.6,1732,-0.8888888888888888,664.6969999999999,663.9
gamingmoderatemain1_20260916_010940,gamingmoderatemain1_20260916_010940.csv,2026-09-16 01:10:19,2026-09-16 01:10:28,10,Heavy_GPU,19.37,1.7944668041262595,144.9,145,0.0,,,,,,66.29999999999998,1.4979556132593925e-14,66.3,0.0,0.0546,79.3,16.499494941765136,94,56.8,67,72.5,75,0.5555555555555556,1736.8,1732,-0.8888888888888888,664.5649999999999,663.9
gamingmoderatemain1_20260916_010940,gamingmoderatemain1_20260916_010940.csv,2026-09-16 01:10:20,2026-09-16 01:10:29,10,Heavy_GPU,19.229999999999997,1.7944668041262593,144.9,145,0.0,,,,,,66.29999999999998,1.4979556132593925e-14,66.3,0.0,0.05469999999999999,81.9,15.300326793895614,87,59.1,66,72.9,74,0.4444444444444444,1736.0,1732,-0.8888888888888888,664.433,663.9
gamingmoderatemain1_20260916_010940,gamingmoderatemain1_20260916_010940.csv,2026-09-16 01:10:21,2026-09-16 01:10:30,10,Heavy_GPU,18.599999999999998,1.2211106056009464,144.8,144,-0.1111111111111111,,,,,,66.29999999999998,1.4979556132593925e-14,66.3,0.020300000000000002,0.11280000000000001,84.5,13.235054464061214,86,61.3,65,73.3,74,0.4444444444444444,1735.2,1732,-0.8888888888888888,664.3009999999999,663.9
gamingmoderatemain1_20260916_010940,gamingmoderatemain1_20260916_010940.csv,2026-09-16 01:10:22,2026-09-16 01:10:31,10,Heavy_GPU,18.450000000000003,1.1325978005354667,144.7,144,-0.1111111111111111,,,,,,66.29999999999998,1.4979556132593925e-14,66.3,0.020300000000000002,0.1127,87.4,9.743373816770726,88,63.8,67,73.7,74,0.4444444444444444,1734.4,1732,-0.8888888888888888,664.1689999999999,663.9
gamingmoderatemain1_20260916_010940,gamingmoderatemain1_20260916_010940.csv,2026-09-16 01:10:23,2026-09-16 01:10:32,10,Heavy_GPU,18.230000000000004,1.119573331427845,144.5,143,-0.2222222222222222,,,,,,66.29999999999998,1.4979556132593925e-14,66.3,0.020300000000000002,0.11139999999999999,90.3,2.98328677803526,90,66.6,71,74.1,74,0.1111111111111111,1733.6,1732,-0.8888888888888888,664.0369999999999,663.9
gamingmoderatemain1_20260916_010940,gamingmoderatemain1_20260916_010940.csv,2026-09-16 01:10:24,2026-09-16 01:10:33,10,Heavy_GPU,18.860000000000003,2.749626237226515,143.7,137,-0.7777777777777778,,,,,,66.28,0.06324555320336848,66.1,0.026500000000000003,0.13279999999999997,89.2,4.917090377222873,78,66.1,60,74.2,74,0.0,1732.8,1732,-0.8888888888888888,663.8999999999999,663.9
gamingmoderatemain1_20260916_010940,gamingmoderatemain1_20260916_010940.csv,2026-09-16 01:10:25,2026-09-16 01:10:34,10,Heavy_GPU,19.089999999999996,2.8923078059647183,143.5,142,-0.3333333333333333,,,,,,66.25,0.10801234497346404,66.0,0.026500000000000003,0.11340000000000001,89.6,5.059644256269407,93,66.9,73,74.3,75,0.1111111111111111,1732.0,1732,0.0,663.8999999999999,663.9
gamingmoderatemain1_20260916_010940,gamingmoderatemain1_20260916_010940.csv,2026-09-16 01:10:26,2026-09-16 01:10:35,10,Heavy_GPU,19.509999999999998,3.2708986193059815,143.2,142,-0.3333333333333333,,,,,,66.22,0.1316561177208759,66.0,0.0312,0.12840000000000001,89.7,5.143496432929215,94,67.5,73,74.4,75,0.1111111111111111,1732.0,1732,0.0,663.8999999999999,663.9
gamingmoderatemain1_20260916_010940,gamingmoderatemain1_20260916_010940.csv,2026-09-16 01:10:27,2026-09-16 01:10:36,10,Heavy_GPU,19.62,3.206174598420297,143.1,144,-0.1111111111111111,,,,,,66.19,0.14491376746189333,66.0,0.0328,0.1335,90.1,5.566766466171263,97,68.6,77,74.5,75,0.0,1732.0,1732,0.0,663.8999999999999,663.9
gamingmoderatemain1_20260916_010940,gamingmoderatemain1_20260916_010940.csv,2026-09-16 01:10:28,2026-09-16 01:10:37,10,Heavy_GPU,19.380000000000003,3.4698062706087143,143.0,144,-0.1111111111111111,,,,,,66.16,0.15055453054181497,66.0,0.0344,0.15300000000000002,90.6,6.149977416399366,99,69.8,79,74.6,76,0.1111111111111111,1732.0,1732,0.0,663.8999999999999,663.9
gamingmoderatemain1_20260916_010940,gamingmoderatemain1_20260916_010940.csv,2026-09-16 01:10:29,2026-09-16 01:10:38,10,Heavy_GPU,19.36,3.4836762191684802,142.9,144,-0.1111111111111111,,,,,,66.13,0.1494434118097313,66.0,0.0344,0.1528,91.1,6.640783086353596,99,70.7,76,74.7,76,0.2222222222222222,1732.0,1732,0.0,663.8999999999999,663.9
gamingmoderatemain1_20260916_010940,gamingmoderatemain1_20260916_010940.csv,2026-09-16 01:10:30,2026-09-16 01:10:39,10,Heavy_GPU,19.1,3.640207564289584,142.8,144,0.0,,,,,,66.1,0.14142135623730817,66.0,0.0344,0.15289999999999998,92.1,6.707375708046246,97,71.3,72,74.9,76,0.2222222222222222,1732.0,1732,0.0,663.8999999999999,663.9
gamingmoderatemain1_20260916_010940,gamingmoderatemain1_20260916_010940.csv,2026-09-16 01:10:31,2026-09-16 01:10:40,10,Heavy_GPU,19.119999999999997,3.627916451322684,142.8,144,0.0,,,,,,66.07000000000001,0.12516655570345595,66.0,0.014100000000000001,0.1101,90.4,9.845472732852055,69,70.0,52,74.9,74,0.0,1732.0,1732,0.0,663.8999999999999,663.9
gamingmoderatemain1_20260916_010940,gamingmoderatemain1_20260916_010940.csv,2026-09-16 01:10:32,2026-09-16 01:10:41,10,Heavy_GPU,18.91,3.7334672595025893,142.8,144,0.1111111111111111,,,,,,66.03999999999999,0.09660917830792835,66.0,0.014100000000000001,0.11069999999999999,89.6,10.373041983911952,80,69.4,61,74.8,73,-0.1111111111111111,1732.0,1732,0.0,663.8999999999999,663.9
gamingmoderatemain1_20260916_010940,gamingmoderatemain1_20260916_010940.csv,2026-09-16 01:10:33,2026-09-16 01:10:42,10,Heavy_GPU,18.95,3.7164050730062597,143.0,145,0.8888888888888888,,,,,,66.01,0.031622776601681994,66.0,0.014100000000000001,0.11939999999999999,88.6,10.80329167944248,80,68.4,61,74.7,73,-0.1111111111111111,1732.0,1732,0.0,663.8999999999999,663.9
gamingmoderatemain1_20260916_010940,gamingmoderatemain1_20260916_010940.csv,2026-09-16 01:10:34,2026-09-16 01:10:43,10,Heavy_GPU,18.22,2.7165337390791877,143.8,145,0.3333333333333333,,,,,,66.0,0.0,66.0,0.0079,0.09840000000000002,88.8,10.601886624558858,80,68.5,61,74.6,73,-0.2222222222222222,1732.0,1732,0.0,663.8999999999999,663.9
gamingmoderatemain1_20260916_010940,gamingmoderatemain1_20260916_010940.csv,2026-09-16 01:10:35,2026-09-16 01:10:44,10,Heavy_GPU,17.87,2.4285569560726565,144.1,145,0.3333333333333333,,,,,,66.0,0.0,66.0,0.0079,0.1092,87.5,10.824355254086345,80,67.3,61,74.4,73,-0.2222222222222222,1732.0,1732,0.0,663.8999999999999,663.9
gamingmoderatemain1_20260916_010940,gamingmoderatemain1_20260916_010940.csv,2026-09-16 01:10:36,2026-09-16 01:10:45,10,Heavy_GPU,17.33,1.2561404733901729,144.4,145,0.1111111111111111,,,,,,66.0,0.0,66.0,0.0032,0.0889,85.9,10.938718186129286,78,65.9,59,74.2,73,-0.2222222222222222,1732.0,1732,0.0,663.8999999999999,663.9
gamingmoderatemain1_20260916_010940,gamingmoderatemain1_20260916_010940.csv,2026-09-16 01:10:37,2026-09-16 01:10:46,10,Heavy_GPU,17.56,1.6290419815884967,144.5,145,0.1111111111111111,,,,,,66.0,0.0,66.0,0.0016,0.08349999999999999,84.6,10.221980673474631,84,64.5,63,74.0,73,-0.3333333333333333,1732.0,1732,0.0,663.8999999999999,663.9
gamingmoderatemain1_20260916_010940,gamingmoderatemain1_20260916_010940.csv,2026-09-16 01:10:38,2026-09-16 01:10:47,10,Heavy_GPU,18.029999999999994,1.4795269514273806,144.6,145,0.1111111111111111,,,,,,66.0,0.0,66.0,0.0,0.064,83.1,8.887569346502389,84,62.9,63,73.8,74,-0.2222222222222222,1732.0,1732,0.0,663.8999999999999,663.9
gamingmoderatemain1_20260916_010940,gamingmoderatemain1_20260916_010940.csv,2026-09-16 01:10:39,2026-09-16 01:10:48,10,Heavy_GPU,18.07,1.456823027458494,144.7,145,0.1111111111111111,,,,,,66.0,0.0,66.0,0.0,0.0644,81.4,6.915361322607968,82,61.4,61,73.5,73,-0.3333333333333333,1732.0,1732,0.0,663.8999999999999,663.9
gamingmoderatemain1_20260916_010940,gamingmoderatemain1_20260916_010940.csv,2026-09-16 01:10:40,2026-09-16 01:10:49,10,Heavy_GPU,18.18,1.3180794108601088,144.8,145,0.1111111111111111,,,,,,66.0,0.0,66.0,0.0,0.1044,80.4,4.812021982031623,87,60.6,64,73.3,74,0.0,1732.0,1732,0.0,663.8999999999999,663.9
gamingmoderatemain1_20260916_010940,gamingmoderatemain1_20260916_010940.csv,2026-09-16 01:10:41,2026-09-16 01:10:50,10,Heavy_GPU,18.04,1.4960689229518207,144.9,145,0.1111111111111111,,,,,,66.0,0.0,66.0,0.0,0.0829,82.2,3.155242550986462,87,61.7,63,73.3,74,0.1111111111111111,1732.0,1732,0.0,663.8999999999999,663.9
gamingmoderatemain1_20260916_010940,gamingmoderatemain1_20260916_010940.csv,2026-09-16 01:10:42,2026-09-16 01:10:51,10,Heavy_GPU,18.150000000000002,1.3906433363335429,145.0,145,0.0,,,,,,66.0,0.0,66.0,0.0,0.0883,82.8,3.259175083088085,86,61.9,63,73.4,74,0.1111111111111111,1732.0,1732,0.0,663.8999999999999,663.9
gamingmoderatemain1_20260916_010940,gamingmoderatemain1_20260916_010940.csv,2026-09-16 01:10:43,2026-09-16 01:10:52,10,Heavy_GPU,18.43,1.5613740387520498,145.0,145,0.0,,,,,,66.0,0.0,66.0,0.0,0.0794,83.6,3.470510689285432,88,62.2,64,73.5,74,0.1111111111111111,1732.0,1732,0.0,663.8999999999999,663.9
gamingmoderatemain1_20260916_010940,gamingmoderatemain1_20260916_010940.csv,2026-09-16 01:10:44,2026-09-16 01:10:53,10,Heavy_GPU,18.46,1.57423702860218,145.0,145,0.0,,,,,,66.0,0.0,66.0,0.0,0.079,84.4,3.470510689285432,88,62.5,64,73.6,74,0.1111111111111111,1732.0,1732,0.0,663.8999999999999,663.9
gamingmoderatemain1_20260916_010940,gamingmoderatemain1_20260916_010940.csv,2026-09-16 01:10:45,2026-09-16 01:10:54,10,Heavy_GPU,18.81,1.8710959355415206,145.1,146,0.1111111111111111,,,,,,66.0,0.0,66.0,0.0,0.05670000000000001,85.2,3.2591750830880843,88,62.9,65,73.6,73,0.0,1732.0,1732,0.0,663.8999999999999,663.9
gamingmoderatemain1_20260916_010940,gamingmoderatemain1_20260916_010940.csv,2026-09-16 01:10:46,2026-09-16 01:10:55,10,Heavy_GPU,19.029999999999998,1.9579183957571988,145.2,146,0.1111111111111111,,,,,,66.0,0.0,66.0,0.0,0.07320000000000002,85.7,2.263232692902394,83,63.1,61,73.6,73,0.0,1732.0,1732,0.0,663.8999999999999,663.9
gamingmoderatemain1_20260916_010940,gamingmoderatemain1_20260916_010940.csv,2026-09-16 01:10:47,2026-09-16 01:10:56,10,Heavy_GPU,19.05,1.9777933832093444,145.2,145,0.0,,,,,,66.0,0.0,66.0,0.0,0.0914,85.8,2.2010098692292237,85,63.1,63,73.6,73,-0.1111111111111111,1732.0,1732,0.0,663.8999999999999,663.9
gamingmoderatemain1_20260916_010940,gamingmoderatemain1_20260916_010940.csv,2026-09-16 01:10:48,2026-09-16 01:10:57,10,Heavy_GPU,18.96,1.9653668020668977,145.3,146,0.1111111111111111,,,,,,66.0,0.0,66.0,0.0,0.09140000000000001,86.1,2.131770260709264,87,63.2,64,73.5,73,0.0,1732.0,1732,0.0,663.8999999999999,663.9
gamingmoderatemain1_20260916_010940,gamingmoderatemain1_20260916_010940.csv,2026-09-16 01:10:49,2026-09-16 01:10:58,10,Heavy_GPU,19.270000000000003,1.953941884726587,145.3,145,0.0,,,,,,66.0,0.0,66.0,0.0016,0.10310000000000001,86.2,1.9321835661585918,83,63.2,61,73.5,73,-0.1111111111111111,1732.0,1732,0.0,663.8999999999999,663.9
gamingmoderatemain1_20260916_010940,gamingmoderatemain1_20260916_010940.csv,2026-09-16 01:10:50,2026-09-16 01:10:59,10,Heavy_GPU,19.46,1.8062853226073299,145.3,145,0.0,,,,,,66.0,0.0,66.0,0.0016,0.063,86.0,1.9436506316151,85,63.0,62,73.4,73,-0.1111111111111111,1732.0,1732,0.0,663.8999999999999,663.9
gamingmoderatemain1_20260916_010940,gamingmoderatemain1_20260916_010940.csv,2026-09-16 01:10:51,2026-09-16 01:11:00,10,Heavy_GPU,19.98,1.3180794108601097,145.3,145,0.0,,,,,,66.0,0.0,66.0,0.0016,0.05650000000000001,85.4,2.4585451886114367,81,62.6,59,73.3,73,-0.1111111111111111,1732.0,1732,0.0,663.8999999999999,663.9
gamingmoderatemain1_20260916_010940,gamingmoderatemain1_20260916_010940.csv,2026-09-16 01:10:52,2026-09-16 01:11:01,10,Heavy_GPU,20.240000000000002,0.9605553948974865,145.3,145,0.0,,,,,,66.0,0.0,66.0,0.014100000000000001,0.0907,85.0,2.6666666666666665,82,62.3,60,73.1,72,-0.2222222222222222,1732.0,1732,0.0,663.8999999999999,663.9
gamingmoderatemain1_20260916_010940,gamingmoderatemain1_20260916_010940.csv,2026-09-16 01:10:53,2026-09-16 01:11:02,10,Heavy_GPU,20.14,0.9822875795249009,145.3,145,0.0,,,,,,66.0,0.0,66.0,0.014100000000000001,0.0908,84.5,2.5055493963954847,83,61.9,60,72.9,72,-0.2222222222222222,1732.0,1732,0.0,663.8999999999999,663.9
gamingmoderatemain1_20260916_010940,gamingmoderatemain1_20260916_010940.csv,2026-09-16 01:10:54,2026-09-16 01:11:03,10,Heavy_GPU,19.99,1.2260596324087265,145.5,147,0.1111111111111111,,,,,,66.01,0.031622776601681994,66.1,0.014100000000000001,0.091,79.2,15.682970240217749,35,57.8,23,72.6,71,-0.2222222222222222,1732.8,1740,0.8888888888888888,663.9749999999999,664.65
gamingmoderatemain1_20260916_010940,gamingmoderatemain1_20260916_010940.csv,2026-09-16 01:10:55,2026-09-16 01:11:04,10,Heavy_GPU,19.589999999999996,1.2582615873586154,145.4,145,-0.1111111111111111,,,,,,66.02000000000001,0.04216370213557599,66.1,0.014100000000000001,0.1056,79.7,16.069640112128628,93,57.4,61,72.6,73,0.0,1733.6,1740,0.8888888888888888,663.6629999999999,660.78
gamingmoderatemain1_20260916_010940,gamingmoderatemain1_20260916_010940.csv,2026-09-16 01:10:56,2026-09-16 01:11:05,10,Heavy_GPU,19.46,1.1964763079792076,145.3,145,0.0,,,,,,66.03,0.048304589153962046,66.1,0.014100000000000001,0.0992,80.5,16.446884203398525,91,57.3,60,72.6,73,0.0,1734.4,1740,0.8888888888888888,663.338,660.65
gamingmoderatemain1_20260916_010940,gamingmoderatemain1_20260916_010940.csv,2026-09-16 01:10:57,2026-09-16 01:11:06,10,Heavy_GPU,19.080000000000002,1.2882373832316603,145.3,145,-0.1111111111111111,,,,,,66.04,0.05163977794942929,66.1,0.014100000000000001,0.08410000000000001,80.9,16.61625709959978,89,56.9,59,72.6,73,0.0,1735.2,1740,0.8888888888888888,663.0129999999999,660.65
gamingmoderatemain1_20260916_010940,gamingmoderatemain1_20260916_010940.csv,2026-09-16 01:10:58,2026-09-16 01:11:07,10,Heavy_GPU,18.909999999999997,1.4332945731193338,145.2,145,0.0,,,,,,66.05,0.05270462766947,66.1,0.014100000000000001,0.0844,81.4,16.893128122931458,92,56.6,61,72.6,73,0.0,1736.0,1740,0.8888888888888888,662.6879999999999,660.65
gamingmoderatemain1_20260916_010940,gamingmoderatemain1_20260916_010940.csv,2026-09-16 01:10:59,2026-09-16 01:11:08,10,Heavy_GPU,18.84,1.356629811129198,145.3,146,0.1111111111111111,,,,,,66.06,0.05163977794942929,66.1,0.025,0.09890000000000002,82.4,17.289688641885178,93,56.6,61,72.6,73,0.0,1736.8,1740,0.8888888888888888,662.3629999999999,660.65
gamingmoderatemain1_20260916_010940,gamingmoderatemain1_20260916_010940.csv,2026-09-16 01:11:00,2026-09-16 01:11:09,10,Heavy_GPU,18.69,1.4184890239656809,145.4,146,0.1111111111111111,,,,,,66.07000000000001,0.048304589153962046,66.1,0.025,0.09910000000000001,81.6,17.3410239349097,77,55.2,48,72.5,72,-0.1111111111111111,1737.6,1740,0.8888888888888888,662.066,660.93
gamingmoderatemain1_20260916_010940,gamingmoderatemain1_20260916_010940.csv,2026-09-16 01:11:01,2026-09-16 01:11:10,10,Heavy_GPU,18.78,1.5984714921171128,145.4,145,0.0,,,,,,66.08,0.04216370213557599,66.1,0.025,0.13010000000000002,81.5,17.34775041451901,80,54.4,51,72.4,72,0.0,1738.4,1740,0.8888888888888888,661.769,660.93
gamingmoderatemain1_20260916_010940,gamingmoderatemain1_20260916_010940.csv,2026-09-16 01:11:02,2026-09-16 01:11:11,10,Heavy_GPU,18.839999999999996,1.6594510471170207,145.5,146,0.1111111111111111,,,,,,66.09,0.03162277660168199,66.1,0.0125,0.1016,81.3,17.352873601286394,80,53.5,51,72.4,72,0.0,1739.2,1740,0.8888888888888888,661.472,660.93
gamingmoderatemain1_20260916_010940,gamingmoderatemain1_20260916_010940.csv,2026-09-16 01:11:03,2026-09-16 01:11:12,10,Heavy_GPU,19.41,2.61510569151187,145.4,144,-0.3333333333333333,,,,,,66.5,1.2649110640673518,70.1,0.025,0.12800000000000003,80.0,17.69494591998266,70,51.8,43,72.3,71,0.0,1740.0,1740,0.0,661.175,660.93
gamingmoderatemain1_20260916_010940,gamingmoderatemain1_20260916_010940.csv,2026-09-16 01:11:04,2026-09-16 01:11:13,10,Heavy_GPU,21.33,6.033802928317908,144.7,140,-0.5555555555555556,,,,,,67.24,2.5334210511129474,73.5,0.025,0.4365,84.4,8.16768701108895,79,54.4,49,72.3,71,-0.2222222222222222,1740.0,1740,0.0,660.803,660.93
gamingmoderatemain1_20260916_010940,gamingmoderatemain1_20260916_010940.csv,2026-09-16 01:11:05,2026-09-16 01:11:14,10,Heavy_GPU,22.33,6.191939204410126,145.0,148,0.3333333333333333,,,,,,67.97999999999999,3.1653681548211057,73.5,0.025,0.43520000000000003,83.3,7.6019003472085105,82,53.4,51,72.2,72,-0.1111111111111111,1740.0,1740,0.0,660.818,660.93
gamingmoderatemain1_20260916_010940,gamingmoderatemain1_20260916_010940.csv,2026-09-16 01:11:06,2026-09-16 01:11:15,10,Heavy_GPU,23.369999999999997,6.510342199574117,144.9,144,-0.1111111111111111,,,,,,67.96,3.179168304936233,65.9,0.025,0.42780000000000007,81.5,7.706418681131261,73,51.9,45,72.1,72,-0.1111111111111111,1740.0,1740,0.0,660.8460000000001,660.93
gamingmoderatemain1_20260916_010940,gamingmoderatemain1_20260916_010940.csv,2026-09-16 01:11:07,2026-09-16 01:11:16,10,Heavy_GPU,23.490000000000002,6.391913293807696,145.0,146,0.1111111111111111,,,,,,67.93999999999998,3.192769609254288,65.9,0.025,0.4364,80.9,7.27934673503666,83,51.2,52,72.0,72,-0.1111111111111111,1740.0,1740,0.0,660.874,660.93
gamingmoderatemain1_20260916_010940,gamingmoderatemain1_20260916_010940.csv,2026-09-16 01:11:08,2026-09-16 01:11:17,10,Heavy_GPU,23.65,6.232219151759312,145.0,145,-0.1111111111111111,,,,,,67.91999999999999,3.206174598420297,65.9,0.025,0.43649999999999994,80.1,6.297265720577111,84,50.5,54,71.9,72,-0.1111111111111111,1740.0,1740,0.0,660.902,660.93
gamingmoderatemain1_20260916_010940,gamingmoderatemain1_20260916_010940.csv,2026-09-16 01:11:09,2026-09-16 01:11:18,10,Heavy_GPU,23.339999999999996,6.510367799816603,145.0,146,0.0,,,,,,67.9,3.2193857247065685,65.9,0.0125,0.4107,78.8,4.391911757866827,80,49.5,51,71.8,72,0.0,1740.0,1740,0.0,660.9300000000001,660.93
gamingmoderatemain1_20260916_010940,gamingmoderatemain1_20260916_010940.csv,2026-09-16 01:11:10,2026-09-16 01:11:19,10,Heavy_GPU,23.520000000000003,6.353966390286376,144.9,145,0.0,,,,,,67.88,3.232405365118124,65.9,0.0125,0.41030000000000005,79.3,4.4484703987875305,82,49.9,52,71.8,72,0.0,1740.0,1740,0.0,660.9300000000001,660.93
gamingmoderatemain1_20260916_010940,gamingmoderatemain1_20260916_010940.csv,2026-09-16 01:11:11,2026-09-16 01:11:20,10,Heavy_GPU,22.87,6.851123184477774,144.9,145,-0.1111111111111111,,,,,,67.86999999999999,3.2386725675807346,66.0,0.0125,0.3764,80.7,6.447221623821123,94,52.0,72,71.8,72,0.0,1740.0,1740,0.0,661.193,663.56
gamingmoderatemain1_20260916_010940,gamingmoderatemain1_20260916_010940.csv,2026-09-16 01:11:12,2026-09-16 01:11:21,10,Heavy_GPU,22.669999999999998,6.953184721965739,144.8,145,0.1111111111111111,,,,,,67.86,3.2448934240331098,66.0,0.0125,0.38120000000000004,82.2,7.857056276579246,95,54.2,73,72.0,74,0.3333333333333333,1740.0,1740,0.0,661.571,664.71
gamingmoderatemain1_20260916_010940,gamingmoderatemain1_20260916_010940.csv,2026-09-16 01:11:13,2026-09-16 01:11:22,10,Heavy_GPU,22.069999999999997,6.969465147659786,144.8,144,0.4444444444444444,,,,,,67.45,3.1889566388466983,66.0,0.0,0.3547,84.9,7.837941906733765,97,57.5,76,72.3,74,0.3333333333333333,1739.2,1732,-0.8888888888888888,662.064,665.86
gamingmoderatemain1_20260916_010940,gamingmoderatemain1_20260916_010940.csv,2026-09-16 01:11:14,2026-09-16 01:11:23,10,Heavy_GPU,20.31,4.641946430826907,145.3,145,-0.3333333333333333,,,,,,66.7,2.389793110524655,66.0,0.0,0.046000000000000006,86.8,8.52186729667989,98,60.2,76,72.6,74,0.2222222222222222,1738.4,1732,-0.8888888888888888,662.597,666.26
gamingmoderatemain1_20260916_010940,gamingmoderatemain1_20260916_010940.csv,2026-09-16 01:11:15,2026-09-16 01:11:24,10,Heavy_GPU,19.53,3.8499783549175097,145.0,145,0.1111111111111111,,,,,,65.95,0.05270462766947,66.0,0.0,0.03350000000000001,88.5,9.131751687868483,99,62.6,75,72.8,74,0.2222222222222222,1737.6,1732,-0.8888888888888888,663.174,666.7
gamingmoderatemain1_20260916_010940,gamingmoderatemain1_20260916_010940.csv,2026-09-16 01:11:16,2026-09-16 01:11:25,10,Heavy_GPU,18.56,1.4469892113550042,145.1,145,-0.1111111111111111,,,,,,65.96000000000001,0.05163977794942929,66.0,0.0,0.03130000000000001,90.8,7.554248252914824,96,65.1,70,73.0,74,0.2222222222222222,1736.8,1732,-0.8888888888888888,663.8129999999999,667.32
gamingmoderatemain1_20260916_010940,gamingmoderatemain1_20260916_010940.csv,2026-09-16 01:11:17,2026-09-16 01:11:26,10,Heavy_GPU,18.58,1.444376066757623,145.0,145,0.0,,,,,,65.97,0.048304589153962046,66.0,0.0,0.021000000000000005,92.4,7.411702458499891,99,67.1,72,73.2,74,0.2222222222222222,1736.0,1732,-0.8888888888888888,664.5309999999998,668.11
gamingmoderatemain1_20260916_010940,gamingmoderatemain1_20260916_010940.csv,2026-09-16 01:11:18,2026-09-16 01:11:27,10,Heavy_GPU,18.259999999999998,1.739220770600699,144.9,144,-0.2222222222222222,,,,,,65.97999999999999,0.04216370213557599,66.0,0.0,0.042100000000000005,93.9,7.030884249746495,99,68.6,69,73.4,74,0.2222222222222222,1735.2,1732,-0.8888888888888888,665.303,668.65
gamingmoderatemain1_20260916_010940,gamingmoderatemain1_20260916_010940.csv,2026-09-16 01:11:19,2026-09-16 01:11:28,10,Heavy_GPU,18.330000000000002,1.6872396918570218,144.8,145,0.0,,,,,,65.97999999999999,0.04216370213557599,65.9,0.0,0.041400000000000006,94.6,5.719362823873924,87,69.7,62,73.6,74,0.2222222222222222,1734.4,1732,-0.8888888888888888,666.0780000000001,668.68
gamingmoderatemain1_20260916_010940,gamingmoderatemain1_20260916_010940.csv,2026-09-16 01:11:20,2026-09-16 01:11:29,10,Heavy_GPU,18.14,1.6727887560066341,144.7,144,-0.1111111111111111,,,,,,65.97999999999999,0.04216370213557599,65.9,0.0,0.058899999999999994,96.3,3.7431418769679454,99,71.9,74,73.9,75,0.3333333333333333,1733.6,1732,-0.8888888888888888,666.8900000000001,669.05
gamingmoderatemain1_20260916_010940,gamingmoderatemain1_20260916_010940.csv,2026-09-16 01:11:21,2026-09-16 01:11:30,10,Heavy_GPU,18.64,1.501258731124578,144.6,144,-0.1111111111111111,,,,,,65.97,0.048304589153962046,65.9,0.0,0.0603,96.5,3.6590830666833583,96,71.9,72,74.1,74,0.0,1732.8,1732,-0.8888888888888888,667.508,669.74
gamingmoderatemain1_20260916_010940,gamingmoderatemain1_20260916_010940.csv,2026-09-16 01:11:22,2026-09-16 01:11:31,10,Heavy_GPU,18.630000000000003,1.5018877010837617,144.5,144,0.0,,,,,,65.97,0.048304589153962046,66.0,0.0,0.043800000000000006,95.6,4.948624949305502,86,71.0,64,74.0,73,-0.1111111111111111,1732.0,1732,0.0,668.0109999999999,669.74
gamingmoderatemain1_20260916_010940,gamingmoderatemain1_20260916_010940.csv,2026-09-16 01:11:23,2026-09-16 01:11:32,10,Heavy_GPU,18.48,1.513494851879803,144.5,144,-0.1111111111111111,,,,,,65.97,0.048304589153962046,66.0,0.0,0.0568,94.4,5.92921205182911,85,69.6,62,73.9,73,-0.1111111111111111,1732.0,1732,0.0,668.399,669.74
gamingmoderatemain1_20260916_010940,gamingmoderatemain1_20260916_010940.csv,2026-09-16 01:11:24,2026-09-16 01:11:33,10,Heavy_GPU,18.71,1.79966046180322,144.1,141,-0.4444444444444444,,,,,,65.96000000000001,0.05163977794942929,65.9,0.0,0.05700000000000001,93.2,6.321040701937897,86,68.4,64,73.7,72,-0.2222222222222222,1732.0,1732,0.0,668.7529999999999,669.8
gamingmoderatemain1_20260916_010940,gamingmoderatemain1_20260916_010940.csv,2026-09-16 01:11:25,2026-09-16 01:11:34,10,Heavy_GPU,18.509999999999998,1.7634877059080651,144.0,144,-0.1111111111111111,,,,,,65.95,0.05270462766947,65.9,0.0002,0.0686,90.7,8.380532998165053,74,66.4,55,73.5,72,-0.2222222222222222,1732.0,1732,0.0,669.0670000000001,669.84
gamingmoderatemain1_20260916_010940,gamingmoderatemain1_20260916_010940.csv,2026-09-16 01:11:26,2026-09-16 01:11:35,10,Heavy_GPU,18.32,1.6731872446189506,143.8,143,-0.2222222222222222,,,,,,65.92999999999999,0.06749485577105449,65.8,0.0002,0.07390000000000001,90.1,8.171087238958268,90,66.2,68,73.4,73,-0.1111111111111111,1732.0,1732,0.0,669.3190000000001,669.84
gamingmoderatemain1_20260916_010940,gamingmoderatemain1_20260916_010940.csv,2026-09-16 01:11:27,2026-09-16 01:11:36,10,Heavy_GPU,18.21,1.6960411420586343,143.7,144,0.0,,,,,,65.91999999999999,0.06324555320336699,65.9,0.0002,0.07270000000000001,89.5,7.648529270389178,93,66.0,70,73.3,73,-0.1111111111111111,1732.0,1732,0.0,669.492,669.84
gamingmoderatemain1_20260916_010940,gamingmoderatemain1_20260916_010940.csv,2026-09-16 01:11:28,2026-09-16 01:11:37,10,Heavy_GPU,18.779999999999998,1.6410024036816309,143.7,144,-0.1111111111111111,,,,,,65.91,0.0567646212197545,65.9,0.0002,0.051500000000000004,89.1,7.187179944564875,95,66.1,70,73.2,73,-0.1111111111111111,1732.0,1732,0.0,669.6110000000001,669.84
gamingmoderatemain1_20260916_010940,gamingmoderatemain1_20260916_010940.csv,2026-09-16 01:11:29,2026-09-16 01:11:38,10,Heavy_GPU,18.96,1.5826840774105522,143.6,144,0.0,,,,,,65.91,0.0567646212197545,65.9,0.0002,0.0858,88.8,7.345444544447637,84,65.9,60,73.1,73,-0.2222222222222222,1732.0,1732,0.0,669.7270000000001,669.84
gamingmoderatemain1_20260916_010940,gamingmoderatemain1_20260916_010940.csv,2026-09-16 01:11:30,2026-09-16 01:11:39,10,Heavy_GPU,19.18,1.4920530225907604,143.7,145,0.1111111111111111,,,,,,65.91,0.0567646212197545,65.9,0.0002,0.083,87.2,6.579429222120175,83,64.5,60,72.8,72,-0.2222222222222222,1732.0,1732,0.0,669.806,669.84
gamingmoderatemain1_20260916_010940,gamingmoderatemain1_20260916_010940.csv,2026-09-16 01:11:31,2026-09-16 01:11:40,10,Heavy_GPU,19.220000000000002,1.5331883989473274,143.6,143,-0.1111111111111111,,,,,,65.91,0.0567646212197545,65.9,0.0002,0.0819,86.3,5.812821078348179,87,63.6,63,72.6,72,-0.1111111111111111,1732.0,1732,0.0,669.816,669.84
gamingmoderatemain1_20260916_010940,gamingmoderatemain1_20260916_010940.csv,2026-09-16 01:11:32,2026-09-16 01:11:41,10,Heavy_GPU,18.9,1.971463077682833,143.7,145,0.1111111111111111,,,,,,65.9,0.04714045207910384,65.9,0.0002,0.08220000000000001,86.0,5.9066817155564495,83,63.2,60,72.5,72,-0.1111111111111111,1732.0,1732,0.0,669.826,669.84
gamingmoderatemain1_20260916_010940,gamingmoderatemain1_20260916_010940.csv,2026-09-16 01:11:33,2026-09-16 01:11:42,10,Heavy_GPU,18.78,2.0858251764389717,143.8,145,0.4444444444444444,,,,,,65.89,0.031622776601686484,65.9,0.0002,0.0691,85.9,5.933895104491746,84,63.0,60,72.4,72,0.0,1732.0,1732,0.0,669.836,669.84
gamingmoderatemain1_20260916_010940,gamingmoderatemain1_20260916_010940.csv,2026-09-16 01:11:34,2026-09-16 01:11:43,10,Heavy_GPU,18.16,2.07589338197638,144.1,144,0.0,,,,,,65.89,0.031622776601686484,65.9,0.0002,0.08920000000000002,86.3,6.074537019394976,90,62.7,61,72.5,73,0.1111111111111111,1732.0,1732,0.0,669.547,666.91
gamingmoderatemain1_20260916_010940,gamingmoderatemain1_20260916_010940.csv,2026-09-16 01:11:35,2026-09-16 01:11:44,10,Heavy_GPU,18.060000000000002,2.1135541419871675,144.1,144,0.1111111111111111,,,,,,65.89,0.031622776601686484,65.9,0.0,0.08879999999999999,87.9,4.332051092342595,90,63.3,61,72.6,73,0.0,1732.0,1732,0.0,669.176,666.13
gamingmoderatemain1_20260916_010940,gamingmoderatemain1_20260916_010940.csv,2026-09-16 01:11:36,2026-09-16 01:11:45,10,Heavy_GPU,18.3,2.2622506001276204,144.3,145,0.1111111111111111,,,,,,65.89,0.03162277660168649,65.8,0.0,0.10540000000000001,88.0,4.396968652757639,91,62.9,64,72.6,73,0.0,1732.0,1732,0.0,668.8050000000001,666.13
gamingmoderatemain1_20260916_010940,gamingmoderatemain1_20260916_010940.csv,2026-09-16 01:11:37,2026-09-16 01:11:46,10,Heavy_GPU,18.32,2.2542798800898214,144.3,144,0.0,,,,,,65.88,0.04216370213558199,65.8,0.0,0.1052,87.7,4.110960958218893,90,62.2,63,72.6,73,0.0,1732.0,1732,0.0,668.434,666.13
gamingmoderatemain1_20260916_010940,gamingmoderatemain1_20260916_010940.csv,2026-09-16 01:11:38,2026-09-16 01:11:47,10,Heavy_GPU,18.240000000000002,2.1526211412549534,144.4,145,0.1111111111111111,,,,,,65.86999999999999,0.04830458915396891,65.8,0.0,0.11539999999999999,87.3,3.465704994818675,91,61.8,66,72.6,73,0.0,1732.0,1732,0.0,668.0630000000001,666.13
gamingmoderatemain1_20260916_010940,gamingmoderatemain1_20260916_010940.csv,2026-09-16 01:11:39,2026-09-16 01:11:48,10,Heavy_GPU,18.36,2.2495431634988567,144.5,145,0.0,,,,,,65.85999999999999,0.05163977794943662,65.8,0.0,0.0946,88.1,3.5418137224371984,92,62.4,66,72.7,74,0.2222222222222222,1732.0,1732,0.0,667.692,666.13
gamingmoderatemain1_20260916_010940,gamingmoderatemain1_20260916_010940.csv,2026-09-16 01:11:40,2026-09-16 01:11:49,10,Heavy_GPU,18.23,2.2070845525765934,144.4,144,0.1111111111111111,,,,,,65.85,0.052704627669477484,65.8,0.0016,0.0835,88.8,3.084008934992101,90,63.0,66,72.9,74,0.2222222222222222,1732.0,1732,0.0,667.3210000000001,666.13
gamingmoderatemain1_20260916_010940,gamingmoderatemain1_20260916_010940.csv,2026-09-16 01:11:41,2026-09-16 01:11:50,10,Heavy_GPU,17.93,2.014420236417637,144.5,144,-0.1111111111111111,,,,,,65.83999999999999,0.051639777949436624,65.8,0.0016,0.08320000000000001,89.2,3.0840089349921005,91,63.3,66,73.0,73,0.1111111111111111,1732.0,1732,0.0,666.95,666.13
gamingmoderatemain1_20260916_010940,gamingmoderatemain1_20260916_010940.csv,2026-09-16 01:11:42,2026-09-16 01:11:51,10,Heavy_GPU,18.080000000000002,1.8455953571198163,144.4,144,-0.1111111111111111,,,,,,65.83,0.04830458915396891,65.8,0.0016,0.0829,90.1,2.2827858224351907,92,64.0,67,73.2,74,0.2222222222222222,1732.0,1732,0.0,666.5790000000001,666.13
gamingmoderatemain1_20260916_010940,gamingmoderatemain1_20260916_010940.csv,2026-09-16 01:11:43,2026-09-16 01:11:52,10,Heavy_GPU,17.990000000000002,1.9501851763928015,144.4,145,0.1111111111111111,,,,,,65.79999999999998,0.0816496580927757,65.6,0.0016,0.0838,90.6,0.9660917830792959,89,64.5,65,73.3,73,0.0,1732.0,1732,0.0,666.208,666.13
gamingmoderatemain1_20260916_010940,gamingmoderatemain1_20260916_010940.csv,2026-09-16 01:11:44,2026-09-16 01:11:53,10,Heavy_GPU,18.1,1.8141419765583704,144.4,144,0.0,,,,,,65.77000000000001,0.0948683298050538,65.6,0.0016,0.0807,90.3,1.4944341180973264,87,64.6,62,73.3,73,0.0,1732.0,1732,0.0,666.13,666.13
gamingmoderatemain1_20260916_010940,gamingmoderatemain1_20260916_010940.csv,2026-09-16 01:11:45,2026-09-16 01:11:54,10,Heavy_GPU,18.41,1.8507956247096664,144.3,143,-0.2222222222222222,,,,,,65.74000000000001,0.09660917830793096,65.6,0.0016,0.073,90.0,1.8257418583505538,87,64.3,58,73.3,73,0.0,1732.0,1732,0.0,666.3140000000001,667.97
gamingmoderatemain1_20260916_010940,gamingmoderatemain1_20260916_010940.csv,2026-09-16 01:11:46,2026-09-16 01:11:55,10,Heavy_GPU,18.22,1.691678981892775,144.2,144,0.0,,,,,,65.72,0.10327955589886592,65.6,0.0016,0.0659,89.1,3.071373199943851,82,63.6,57,73.3,73,0.0,1732.0,1732,0.0,666.498,667.97
gamingmoderatemain1_20260916_010940,gamingmoderatemain1_20260916_010940.csv,2026-09-16 01:11:47,2026-09-16 01:11:56,10,Heavy_GPU,18.169999999999998,1.719205242740571,144.2,144,-0.1111111111111111,,,,,,65.7,0.10540925533894747,65.6,0.0016,0.0765,88.6,3.306559138036598,85,63.2,59,73.2,72,-0.1111111111111111,1732.0,1732,0.0,666.682,667.97
gamingmoderatemain1_20260916_010940,gamingmoderatemain1_20260916_010940.csv,2026-09-16 01:11:48,2026-09-16 01:11:57,10,Heavy_GPU,18.110000000000003,1.6414424550782565,144.1,144,-0.1111111111111111,,,,,,65.67999999999999,0.10327955589886592,65.6,0.0016,0.066,88.1,3.2812599206199233,86,62.7,61,73.2,73,-0.1111111111111111,1732.0,1732,0.0,666.866,667.97
gamingmoderatemain1_20260916_010940,gamingmoderatemain1_20260916_010940.csv,2026-09-16 01:11:49,2026-09-16 01:11:58,10,Heavy_GPU,17.940000000000005,1.4423745853433652,144.1,145,0.1111111111111111,,,,,,65.66,0.09660917830793096,65.6,0.0016,0.052500000000000005,87.4,3.0983866769659336,85,62.0,59,73.1,73,-0.1111111111111111,1732.0,1732,0.0,667.0939999999999,668.41
gamingmoderatemain1_20260916_010940,gamingmoderatemain1_20260916_010940.csv,2026-09-16 01:11:50,2026-09-16 01:11:59,10,Heavy_GPU,18.250000000000004,1.8136825644098924,144.1,144,0.0,,,,,,65.64,0.08432740427115798,65.6,0.0016,0.0658,87.5,3.2058973436118907,91,61.8,64,73.0,73,0.0,1732.0,1732,0.0,667.3219999999999,668.41
gamingmoderatemain1_20260916_010940,gamingmoderatemain1_20260916_010940.csv,2026-09-16 01:11:51,2026-09-16 01:12:00,10,Heavy_GPU,18.520000000000003,1.9360899887258451,144.2,145,0.1111111111111111,,,,,,65.62,0.06324555320336848,65.6,0.0016,0.0816,87.4,3.0983866769659336,90,61.6,64,73.0,73,-0.1111111111111111,1732.0,1732,0.0,667.55,668.41
gamingmoderatemain1_20260916_010940,gamingmoderatemain1_20260916_010940.csv,2026-09-16 01:11:52,2026-09-16 01:12:01,10,Heavy_GPU,18.71,1.839353751245861,144.3,145,0.0,,,,,,65.6,0.0,65.6,0.0016,0.0816,87.3,2.9458068127047605,91,61.3,64,72.9,73,0.0,1732.0,1732,0.0,667.786,668.49
gamingmoderatemain1_20260916_010940,gamingmoderatemain1_20260916_010940.csv,2026-09-16 01:11:53,2026-09-16 01:12:02,10,Heavy_GPU,18.81,1.6709611339319383,144.2,144,0.0,,,,,,65.6,0.0,65.6,0.0094,0.12799999999999997,87.6,3.2727833889689535,92,61.3,65,72.9,73,0.0,1732.0,1732,0.0,668.0219999999999,668.49
gamingmoderatemain1_20260916_010940,gamingmoderatemain1_20260916_010940.csv,2026-09-16 01:11:54,2026-09-16 01:12:03,10,Heavy_GPU,18.97,1.4922391824964842,144.2,144,0.1111111111111111,,,,,,65.6,0.0,65.6,0.0094,0.11100000000000002,88.4,4.005551702879947,95,61.9,68,73.0,74,0.1111111111111111,1732.0,1732,0.0,668.258,668.49
gamingmoderatemain1_20260916_010940,gamingmoderatemain1_20260916_010940.csv,2026-09-16 01:11:55,2026-09-16 01:12:04,10,Heavy_GPU,18.86,1.4477568856683078,144.3,144,0.0,,,,,,65.6,0.0,65.6,0.0094,0.1212,88.7,4.001388647846033,90,62.4,63,73.1,74,0.1111111111111111,1732.0,1732,0.0,668.3100000000001,668.49
gamingmoderatemain1_20260916_010940,gamingmoderatemain1_20260916_010940.csv,2026-09-16 01:11:56,2026-09-16 01:12:05,10,Heavy_GPU,18.62,1.6605220062779447,144.4,145,0.1111111111111111,,,,,,65.61,0.03162277660168649,65.7,0.0094,0.1055,88.1,5.342700108039421,76,62.2,55,73.0,72,0.0,1732.0,1732,0.0,668.542,670.29
gamingmoderatemain1_20260916_010940,gamingmoderatemain1_20260916_010940.csv,2026-09-16 01:11:57,2026-09-16 01:12:06,10,Heavy_GPU,18.750000000000004,1.577092965624481,144.5,145,0.1111111111111111,,,,,,65.62,0.04216370213558199,65.7,0.0094,0.0951,87.5,6.023103666530884,79,61.8,55,72.9,71,-0.2222222222222222,1732.0,1732,0.0,668.7760000000001,670.31
gamingmoderatemain1_20260916_010940,gamingmoderatemain1_20260916_010940.csv,2026-09-16 01:11:58,2026-09-16 01:12:07,10,Heavy_GPU,18.42,1.6751782658040366,144.6,145,0.0,,,,,,65.63000000000001,0.04830458915396891,65.7,0.0094,0.09530000000000001,86.8,6.5962952565141535,79,61.1,54,72.8,72,-0.1111111111111111,1732.0,1732,0.0,669.01,670.31
gamingmoderatemain1_20260916_010940,gamingmoderatemain1_20260916_010940.csv,2026-09-16 01:11:59,2026-09-16 01:12:08,10,Heavy_GPU,18.82,2.1780725424099168,144.6,145,0.1111111111111111,,,,,,65.63000000000001,0.048304589153968916,65.6,0.0094,0.0952,86.4,6.834552736727629,81,60.5,53,72.7,72,-0.1111111111111111,1732.0,1732,0.0,669.2130000000001,670.44
gamingmoderatemain1_20260916_010940,gamingmoderatemain1_20260916_010940.csv,2026-09-16 01:12:00,2026-09-16 01:12:09,10,Heavy_GPU,19.240000000000002,2.985967179993779,144.1,139,-0.6666666666666666,,,,,,65.66,0.0966091783079339,65.9,0.0078,0.0993,84.4,8.140434058861153,71,58.9,48,72.5,71,-0.2222222222222222,1732.0,1732,0.0,669.425,670.53
gamingmoderatemain1_20260916_010940,gamingmoderatemain1_20260916_010940.csv,2026-09-16 01:12:01,2026-09-16 01:12:10,10,Heavy_GPU,19.470000000000002,3.176318623815942,143.8,142,-0.3333333333333333,,,,,,65.69,0.11972189997379114,65.9,0.0094,0.10859999999999999,82.5,8.872554436137444,71,57.3,48,72.2,70,-0.3333333333333333,1732.0,1732,0.0,668.108,655.24
gamingmoderatemain1_20260916_010940,gamingmoderatemain1_20260916_010940.csv,2026-09-16 01:12:02,2026-09-16 01:12:11,10,Heavy_GPU,19.57,3.1651048780236164,143.4,141,-0.3333333333333333,,,,,,65.72,0.1316561177208814,65.9,0.0156,0.11969999999999999,83.4,10.189319026422826,100,57.7,68,72.2,73,0.0,1732.8,1740,0.8888888888888888,665.9069999999999,646.48
gamingmoderatemain1_20260916_010940,gamingmoderatemain1_20260916_010940.csv,2026-09-16 01:12:03,2026-09-16 01:12:12,10,Heavy_GPU,20.09,3.047931903584608,143.4,144,0.0,,,,,,65.75,0.13540064007727057,65.9,0.0078,0.07239999999999999,84.2,11.20317415338667,100,58.1,69,72.2,73,-0.1111111111111111,1732.8,1732,0.0,663.781,647.23
gamingmoderatemain1_20260916_010940,gamingmoderatemain1_20260916_010940.csv,2026-09-16 01:12:04,2026-09-16 01:12:13,10,Heavy_GPU,20.03,3.0969698452232666,143.3,143,-0.1111111111111111,,,,,,65.78,0.13165611772088068,65.9,0.0078,0.0739,84.7,11.832629087025044,100,58.3,70,72.1,73,-0.1111111111111111,1732.8,1732,0.0,661.7049999999999,647.73
gamingmoderatemain1_20260916_010940,gamingmoderatemain1_20260916_010940.csv,2026-09-16 01:12:05,2026-09-16 01:12:14,10,Heavy_GPU,20.36,3.1387187761179813,143.1,142,-0.3333333333333333,,,,,,65.73,0.24966644414765737,65.1,0.0078,1.4952,85.7,12.719626130075087,100,59.0,70,72.1,74,0.2222222222222222,1732.8,1732,0.0,659.6339999999999,647.78
gamingmoderatemain1_20260916_010940,gamingmoderatemain1_20260916_010940.csv,2026-09-16 01:12:06,2026-09-16 01:12:15,10,Heavy_GPU,20.15,3.491020226555874,142.9,143,-0.2222222222222222,,,,,,65.67,0.31989581637360676,65.1,0.0094,1.5205,88.1,12.948187346325955,100,60.5,70,72.3,74,0.3333333333333333,1732.8,1732,0.0,657.383,647.78
gamingmoderatemain1_20260916_010940,gamingmoderatemain1_20260916_010940.csv,2026-09-16 01:12:07,2026-09-16 01:12:16,10,Heavy_GPU,19.94,3.666727272226405,142.7,143,-0.2222222222222222,,,,,,65.61000000000001,0.3665151201974308,65.1,0.0094,1.5203,90.2,13.011106366827107,100,62.0,70,72.6,74,0.2222222222222222,1732.8,1732,0.0,655.18,648.28
gamingmoderatemain1_20260916_010940,gamingmoderatemain1_20260916_010940.csv,2026-09-16 01:12:08,2026-09-16 01:12:17,10,Heavy_GPU,19.8,3.835506630304674,142.5,143,-0.2222222222222222,,,,,,65.55,0.3979112128771163,65.1,0.011,1.533,92.3,12.69339285700329,100,63.8,72,72.8,74,0.2222222222222222,1732.8,1732,0.0,652.987,648.38
gamingmoderatemain1_20260916_010940,gamingmoderatemain1_20260916_010940.csv,2026-09-16 01:12:09,2026-09-16 01:12:18,10,Heavy_GPU,19.12,3.847307861060482,142.2,142,0.3333333333333333,,,,,,65.5,0.4216370213557899,65.1,0.011,1.555,94.2,12.227473619317733,100,65.5,70,73.0,74,0.3333333333333333,1732.8,1732,0.0,650.781,648.38
gamingmoderatemain1_20260916_010940,gamingmoderatemain1_20260916_010940.csv,2026-09-16 01:12:10,2026-09-16 01:12:19,10,Heavy_GPU,18.75,3.292837344567414,142.6,143,0.1111111111111111,,,,,,65.42,0.4131182235954637,65.1,0.011,1.5446,97.1,9.170605214488301,100,67.8,71,73.3,74,0.4444444444444444,1732.8,1732,0.0,648.582,648.54
gamingmoderatemain1_20260916_010940,gamingmoderatemain1_20260916_010940.csv,2026-09-16 01:12:11,2026-09-16 01:12:20,10,Heavy_GPU,18.17,2.9977954863161997,142.7,143,0.2222222222222222,,,,,,65.34,0.38643671323172385,65.1,0.0094,1.525,99.9,0.31622776601683794,99,70.3,73,73.8,75,0.2222222222222222,1732.8,1732,-0.8888888888888888,647.973,649.15
gamingmoderatemain1_20260916_010940,gamingmoderatemain1_20260916_010940.csv,2026-09-16 01:12:12,2026-09-16 01:12:21,10,Heavy_GPU,17.98,2.9498775869140363,142.9,143,-0.1111111111111111,,,,,,65.26,0.3373096170846319,65.1,0.0032,1.5143,99.8,0.4216370213557839,99,70.9,74,74.0,75,0.2222222222222222,1732.0,1732,0.0,648.259,649.34
gamingmoderatemain1_20260916_010940,gamingmoderatemain1_20260916_010940.csv,2026-09-16 01:12:13,2026-09-16 01:12:22,10,Heavy_GPU,17.4,2.6724936337103258,142.8,143,0.0,,,,,,65.17999999999999,0.252982212813474,65.1,0.0032,1.5241,99.2,1.8737959096740262,94,70.3,63,74.0,73,0.0,1732.0,1732,0.0,648.545,650.09
gamingmoderatemain1_20260916_010940,gamingmoderatemain1_20260916_010940.csv,2026-09-16 01:12:14,2026-09-16 01:12:23,10,Heavy_GPU,17.330000000000002,2.6787434865374222,142.9,144,0.2222222222222222,,,,,,65.1,0.0,65.1,0.0032,1.5224,98.8,2.0976176963403033,96,69.7,64,74.0,73,-0.1111111111111111,1732.0,1732,0.0,648.781,650.09
gamingmoderatemain1_20260916_010940,gamingmoderatemain1_20260916_010940.csv,2026-09-16 01:12:15,2026-09-16 01:12:24,10,Heavy_GPU,16.990000000000002,2.1568753119063486,143.1,144,0.1111111111111111,,,,,,65.1,0.0,65.1,0.0032,0.0866,98.7,2.057506581601462,99,69.5,68,74.1,75,0.1111111111111111,1732.0,1732,0.0,648.884,648.81
gamingmoderatemain1_20260916_010940,gamingmoderatemain1_20260916_010940.csv,2026-09-16 01:12:16,2026-09-16 01:12:25,10,Heavy_GPU,17.29,1.921486692931052,143.2,144,0.1111111111111111,,,,,,65.1,0.0,65.1,0.0016,0.0739,98.6,2.0110804171997807,99,69.3,68,74.2,75,0.1111111111111111,1732.0,1732,0.0,648.9869999999999,648.81
gamingmoderatemain1_20260916_010940,gamingmoderatemain1_20260916_010940.csv,2026-09-16 01:12:17,2026-09-16 01:12:26,10,Heavy_GPU,17.259999999999998,1.9409047145883052,143.3,144,0.1111111111111111,,,,,,65.1,0.0,65.1,0.0016,0.0742,98.5,1.9578900207451218,99,69.1,68,74.3,75,0.1111111111111111,1732.0,1732,0.0,648.845,646.86
gamingmoderatemain1_20260916_010940,gamingmoderatemain1_20260916_010940.csv,2026-09-16 01:12:18,2026-09-16 01:12:27,10,Heavy_GPU,17.44,1.7964161853844196,143.4,144,0.2222222222222222,,,,,,65.1,0.0,65.1,0.0,0.0613,98.4,1.8973665961010275,99,68.7,68,74.4,75,0.1111111111111111,1732.0,1732,0.0,648.693,646.86
gamingmoderatemain1_20260916_010940,gamingmoderatemain1_20260916_010940.csv,2026-09-16 01:12:19,2026-09-16 01:12:28,10,Heavy_GPU,17.380000000000003,1.858792917759025,143.8,146,0.3333333333333333,,,,,,65.11,0.03162277660168649,65.2,0.0,0.039400000000000004,96.9,4.557045826702499,85,67.4,57,74.2,72,-0.2222222222222222,1732.0,1732,0.0,648.576,647.21
gamingmoderatemain1_20260916_010940,gamingmoderatemain1_20260916_010940.csv,2026-09-16 01:12:20,2026-09-16 01:12:29,10,Heavy_GPU,17.05,1.1088031585653269,144.0,145,0.2222222222222222,,,,,,65.12,0.04216370213558199,65.2,0.0,0.028900000000000002,95.2,6.160808027812225,83,65.9,56,74.0,72,-0.3333333333333333,1732.0,1732,0.0,648.443,647.21
gamingmoderatemain1_20260916_010940,gamingmoderatemain1_20260916_010940.csv,2026-09-16 01:12:21,2026-09-16 01:12:30,10,Heavy_GPU,17.21,1.2114729327007963,144.2,145,0.2222222222222222,,,,,,65.13000000000001,0.04830458915396891,65.2,0.025,0.0767,93.8,6.762642481555071,85,64.4,58,73.8,73,-0.2222222222222222,1732.0,1732,0.0,648.249,647.21
gamingmoderatemain1_20260916_010940,gamingmoderatemain1_20260916_010940.csv,2026-09-16 01:12:22,2026-09-16 01:12:31,10,Heavy_GPU,17.259999999999998,1.2482877161224584,144.4,145,0.2222222222222222,,,,,,65.14000000000001,0.05163977794943662,65.2,0.025,0.0978,92.1,7.415449338299662,82,62.7,57,73.6,73,0.0,1732.0,1732,0.0,648.0360000000001,647.21
gamingmoderatemain1_20260916_010940,gamingmoderatemain1_20260916_010940.csv,2026-09-16 01:12:23,2026-09-16 01:12:32,10,Heavy_GPU,17.690000000000005,1.484325510870922,144.6,145,0.1111111111111111,,,,,,65.15,0.052704627669477484,65.2,0.025,0.0882,90.9,8.020113604072092,82,62.1,57,73.5,72,-0.1111111111111111,1732.0,1732,0.0,647.748,647.21
gamingmoderatemain1_20260916_010940,gamingmoderatemain1_20260916_010940.csv,2026-09-16 01:12:24,2026-09-16 01:12:33,10,Heavy_GPU,17.830000000000002,1.4568230274584948,144.7,145,0.1111111111111111,,,,,,65.16000000000001,0.051639777949436624,65.2,0.025,0.0884,89.8,7.997221739801614,85,61.7,60,73.5,73,-0.2222222222222222,1732.0,1732,0.0,647.716,649.77
gamingmoderatemain1_20260916_010940,gamingmoderatemain1_20260916_010940.csv,2026-09-16 01:12:25,2026-09-16 01:12:34,10,Heavy_GPU,17.85,1.4729034063523805,144.7,144,0.0,,,,,,65.17,0.04830458915396891,65.2,0.025,0.11120000000000001,89.4,7.5748120622083945,95,62.0,71,73.4,74,-0.1111111111111111,1732.0,1732,0.0,647.775,649.4
gamingmoderatemain1_20260916_010940,gamingmoderatemain1_20260916_010940.csv,2026-09-16 01:12:26,2026-09-16 01:12:35,10,Heavy_GPU,18.2,1.699673171197595,144.7,144,0.0,,,,,,65.18000000000002,0.04216370213558199,65.2,0.025,0.1048,88.9,7.01506315802724,94,62.2,70,73.3,74,-0.1111111111111111,1732.0,1732,0.0,647.8340000000001,649.4
gamingmoderatemain1_20260916_010940,gamingmoderatemain1_20260916_010940.csv,2026-09-16 01:12:27,2026-09-16 01:12:36,10,Heavy_GPU,18.580000000000002,1.5732485852881328,144.6,143,-0.1111111111111111,,,,,,65.18,0.04216370213558199,65.1,0.025,0.11220000000000001,88.3,6.272515001532037,93,62.3,69,73.2,74,-0.1111111111111111,1732.0,1732,0.0,648.088,649.4
gamingmoderatemain1_20260916_010940,gamingmoderatemain1_20260916_010940.csv,2026-09-16 01:12:28,2026-09-16 01:12:37,10,Heavy_GPU,18.660000000000004,1.496811425813033,144.5,143,-0.3333333333333333,,,,,,65.18,0.04216370213558199,65.1,0.029699999999999997,0.1289,87.8,5.473166867139677,94,62.4,69,73.1,74,0.2222222222222222,1732.0,1732,0.0,648.3419999999999,649.4
gamingmoderatemain1_20260916_010940,gamingmoderatemain1_20260916_010940.csv,2026-09-16 01:12:29,2026-09-16 01:12:38,10,Heavy_GPU,18.7,1.4023789311975083,144.2,143,-0.2222222222222222,,,,,,65.17,0.048304589153968916,65.1,0.029699999999999997,0.1288,88.6,5.601587076693335,93,63.6,69,73.2,73,0.1111111111111111,1732.0,1732,0.0,648.5609999999999,649.4
gamingmoderatemain1_20260916_010940,gamingmoderatemain1_20260916_010940.csv,2026-09-16 01:12:30,2026-09-16 01:12:39,10,Heavy_GPU,18.430000000000003,1.6600200801998348,144.1,144,-0.1111111111111111,,,,,,65.15,0.07071067811865743,65.0,0.029699999999999997,0.1454,89.7,5.457919831665621,94,64.9,69,73.4,74,0.1111111111111111,1732.0,1732,0.0,648.78,649.4
gamingmoderatemain1_20260916_010940,gamingmoderatemain1_20260916_010940.csv,2026-09-16 01:12:31,2026-09-16 01:12:40,10,Heavy_GPU,18.300000000000004,1.6957463122635872,144.0,144,-0.1111111111111111,,,,,,65.13,0.0823272602348585,65.0,0.0047,0.0975,90.9,5.626327003965869,97,66.5,74,73.5,74,0.1111111111111111,1732.0,1732,0.0,648.999,649.4
gamingmoderatemain1_20260916_010940,gamingmoderatemain1_20260916_010940.csv,2026-09-16 01:12:32,2026-09-16 01:12:41,10,Heavy_GPU,18.01,1.9278370147799204,143.9,144,-0.1111111111111111,,,,,,65.10999999999999,0.08755950357709283,65.0,0.0047,0.07750000000000001,92.6,5.18973345494095,99,68.2,74,73.6,74,0.2222222222222222,1732.0,1732,0.0,649.2179999999998,649.4
gamingmoderatemain1_20260916_010940,gamingmoderatemain1_20260916_010940.csv,2026-09-16 01:12:33,2026-09-16 01:12:42,10,Heavy_GPU,17.65,1.7834112132527247,143.8,144,-0.1111111111111111,,,,,,65.09,0.08755950357709229,65.0,0.0047,0.07730000000000001,94.3,3.9735234853828274,99,69.9,74,73.8,74,0.1111111111111111,1732.0,1732,0.0,649.4369999999999,649.4
gamingmoderatemain1_20260916_010940,gamingmoderatemain1_20260916_010940.csv,2026-09-16 01:12:34,2026-09-16 01:12:43,10,Heavy_GPU,17.610000000000003,1.7741664709566196,143.7,144,0.0,,,,,,65.07000000000001,0.08232726023485677,65.0,0.0047,0.0774,95.4,2.2705848487901865,96,71.0,71,73.9,74,0.0,1732.0,1732,0.0,649.3999999999999,649.4
gamingmoderatemain1_20260916_010940,gamingmoderatemain1_20260916_010940.csv,2026-09-16 01:12:35,2026-09-16 01:12:44,10,Heavy_GPU,17.440000000000005,1.7063280914160546,143.7,144,0.0,,,,,,65.05,0.07071067811865409,65.0,0.0047,0.0764,95.8,2.5298221281347035,99,71.3,74,73.9,74,0.0,1732.0,1732,0.0,649.3999999999999,649.4
gamingmoderatemain1_20260916_010940,gamingmoderatemain1_20260916_010940.csv,2026-09-16 01:12:36,2026-09-16 01:12:45,10,Heavy_GPU,17.1,1.2666666666666666,143.7,144,0.1111111111111111,,,,,,65.03,0.048304589153962046,65.0,0.0172,0.1078,96.4,2.756809750418044,100,71.2,69,73.9,74,0.0,1732.0,1732,0.0,650.439,659.79
gamingmoderatemain1_20260916_010940,gamingmoderatemain1_20260916_010940.csv,2026-09-16 01:12:37,2026-09-16 01:12:46,10,Heavy_GPU,16.35,1.652103036872835,143.7,143,0.0,,,,,,65.02000000000001,0.04216370213557599,65.0,0.023399999999999997,0.10519999999999999,97.0,2.581988897471611,99,71.1,68,73.9,74,0.0,1732.0,1732,0.0,649.7149999999999,642.16
gamingmoderatemain1_20260916_010940,gamingmoderatemain1_20260916_010940.csv,2026-09-16 01:12:38,2026-09-16 01:12:47,10,Heavy_GPU,15.99,1.716229717853774,143.7,143,0.0,,,,,,65.01,0.031622776601681994,65.0,0.0187,0.0896,97.5,2.41522945769824,99,71.0,68,73.9,74,0.1111111111111111,1732.0,1732,0.0,648.991,642.16
gamingmoderatemain1_20260916_010940,gamingmoderatemain1_20260916_010940.csv,2026-09-16 01:12:39,2026-09-16 01:12:48,10,Heavy_GPU,15.76,1.8898559615895483,143.6,142,-0.2222222222222222,,,,,,65.0,0.0,65.0,0.020300000000000002,0.0947,98.1,1.8529256146249726,99,70.8,67,74.0,74,0.0,1732.0,1732,0.0,648.267,642.16
gamingmoderatemain1_20260916_010940,gamingmoderatemain1_20260916_010940.csv,2026-09-16 01:12:40,2026-09-16 01:12:49,10,Heavy_GPU,15.589999999999998,1.9513243366151787,143.4,142,-0.2222222222222222,,,,,,65.0,0.0,65.0,0.020300000000000002,0.07840000000000001,98.6,1.1737877907772671,99,70.6,67,74.0,74,0.0,1732.0,1732,0.0,647.1310000000001,638.04
gamingmoderatemain1_20260916_010940,gamingmoderatemain1_20260916_010940.csv,2026-09-16 01:12:41,2026-09-16 01:12:50,10,Heavy_GPU,15.709999999999999,2.0994443709388126,143.3,143,-0.1111111111111111,,,,,,65.0,0.0,65.0,0.020300000000000002,0.073,98.8,1.0327955589886444,99,69.7,65,74.0,74,0.0,1732.0,1732,0.0,646.4069999999999,642.16
gamingmoderatemain1_20260916_010940,gamingmoderatemain1_20260916_010940.csv,2026-09-16 01:12:42,2026-09-16 01:12:51,10,Heavy_GPU,15.719999999999999,2.0980414146955675,143.2,143,-0.1111111111111111,,,,,,65.0,0.0,65.0,0.020300000000000002,0.10289999999999999,98.2,2.0976176963403033,93,68.4,61,74.0,74,0.0,1732.0,1732,0.0,645.6829999999999,642.16
gamingmoderatemain1_20260916_010940,gamingmoderatemain1_20260916_010940.csv,2026-09-16 01:12:43,2026-09-16 01:12:52,10,Heavy_GPU,15.440000000000001,2.1391587131393504,143.0,142,-0.2222222222222222,,,,,,65.0,0.0,65.0,0.020300000000000002,0.11350000000000002,98.3,2.1628170930011112,100,67.6,66,74.0,74,0.0,1732.0,1732,0.0,644.959,642.16
gamingmoderatemain1_20260916_010940,gamingmoderatemain1_20260916_010940.csv,2026-09-16 01:12:44,2026-09-16 01:12:53,10,Heavy_GPU,15.25,1.985083261617899,142.8,142,-0.2222222222222222,,,,,,65.0,0.0,65.0,0.020300000000000002,0.11440000000000002,98.7,2.0575065816014617,100,67.1,66,74.0,74,0.0,1732.0,1732,0.0,644.2349999999999,642.16
gamingmoderatemain1_20260916_010940,gamingmoderatemain1_20260916_010940.csv,2026-09-16 01:12:45,2026-09-16 01:12:54,10,Heavy_GPU,15.24,1.9738287666360523,142.7,143,-0.1111111111111111,,,,,,65.0,0.0,65.0,0.020300000000000002,0.0925,98.8,2.097617696340303,100,66.5,68,74.0,74,0.0,1732.0,1732,0.0,643.5109999999999,642.16
gamingmoderatemain1_20260916_010940,gamingmoderatemain1_20260916_010940.csv,2026-09-16 01:12:46,2026-09-16 01:12:55,10,Heavy_GPU,15.190000000000001,1.9214866929310521,142.6,143,0.0,,,,,,65.0,0.0,65.0,0.0078,0.05489999999999999,98.8,2.097617696340303,100,66.3,67,74.0,74,0.0,1732.0,1732,0.0,641.7479999999999,642.16
gamingmoderatemain1_20260916_010940,gamingmoderatemain1_20260916_010940.csv,2026-09-16 01:12:47,2026-09-16 01:12:56,10,Heavy_GPU,15.220000000000002,1.8730842064478694,142.5,142,-0.1111111111111111,,,,,,65.0,0.0,65.0,0.0032,0.0733,88.9,31.306548835666955,0,59.5,0,73.4,68,-0.6666666666666666,1732.8,1740,0.8888888888888888,641.821,642.89
gamingmoderatemain1_20260916_010940,gamingmoderatemain1_20260916_010940.csv,2026-09-16 01:12:48,2026-09-16 01:12:57,10,Heavy_GPU,15.64,2.0559939472457383,142.7,145,0.3333333333333333,,,,,,65.0,0.0,65.0,0.0032,0.0722,88.3,31.148568720461835,93,58.9,62,73.3,73,-0.1111111111111111,1733.6,1740,0.8888888888888888,641.898,642.93
gamingmoderatemain1_20260916_010940,gamingmoderatemain1_20260916_010940.csv,2026-09-16 01:12:49,2026-09-16 01:12:58,10,Heavy_GPU,16.05,1.989556064385554,143.0,145,0.3333333333333333,,,,,,65.0,0.0,65.0,0.0032,0.0839,87.5,30.945292228562185,91,58.3,61,73.2,73,-0.1111111111111111,1734.4,1740,0.8888888888888888,641.975,642.93
gamingmoderatemain1_20260916_010940,gamingmoderatemain1_20260916_010940.csv,2026-09-16 01:12:50,2026-09-16 01:12:59,10,Heavy_GPU,16.439999999999998,1.9687559523719544,143.3,145,0.2222222222222222,,,,,,65.0,0.0,65.0,0.0032,0.08750000000000001,86.1,30.682785618866703,85,57.5,59,73.0,72,-0.2222222222222222,1735.2,1740,0.8888888888888888,642.464,642.93
gamingmoderatemain1_20260916_010940,gamingmoderatemain1_20260916_010940.csv,2026-09-16 01:12:51,2026-09-16 01:13:00,10,Heavy_GPU,16.509999999999998,2.0604476320558223,143.5,145,0.2222222222222222,,,,,,65.01,0.031622776601681994,65.1,0.0048000000000000004,0.0955,84.2,30.382012222146617,80,56.6,56,72.8,72,-0.2222222222222222,1736.0,1740,0.8888888888888888,642.542,642.94
gamingmoderatemain1_20260916_010940,gamingmoderatemain1_20260916_010940.csv,2026-09-16 01:12:52,2026-09-16 01:13:01,10,Heavy_GPU,16.529999999999994,2.05050129372199,143.7,145,0.3333333333333333,,,,,,65.02000000000001,0.04216370213557599,65.1,0.0048000000000000004,0.08519999999999998,82.6,30.288244877803297,77,55.8,53,72.5,71,-0.3333333333333333,1736.8,1740,0.8888888888888888,642.6200000000001,642.94
gamingmoderatemain1_20260916_010940,gamingmoderatemain1_20260916_010940.csv,2026-09-16 01:12:53,2026-09-16 01:13:02,10,Heavy_GPU,16.93,1.8619285103831935,144.0,145,0.3333333333333333,,,,,,65.03,0.048304589153962046,65.1,0.0048000000000000004,0.0759,78.8,30.246395561197776,62,53.7,45,72.1,70,-0.4444444444444444,1737.6,1740,0.8888888888888888,642.698,642.94
gamingmoderatemain1_20260916_010940,gamingmoderatemain1_20260916_010940.csv,2026-09-16 01:12:54,2026-09-16 01:13:03,10,Heavy_GPU,17.35,2.066263401515994,144.3,145,0.2222222222222222,,,,,,65.04,0.05163977794942929,65.1,0.0048000000000000004,0.0844,73.6,30.66376797894653,48,50.6,35,71.4,67,-0.7777777777777778,1738.4,1740,0.8888888888888888,642.7760000000001,642.94
gamingmoderatemain1_20260916_010940,gamingmoderatemain1_20260916_010940.csv,2026-09-16 01:12:55,2026-09-16 01:13:04,10,Heavy_GPU,17.29,2.0797702864606094,144.4,144,0.1111111111111111,,,,,,65.05,0.05270462766947,65.1,0.0048000000000000004,0.0854,69.7,29.386504839239844,61,48.3,45,70.9,69,-0.5555555555555556,1739.2,1740,0.8888888888888888,642.028,634.68
gamingmoderatemain1_20260916_010940,gamingmoderatemain1_20260916_010940.csv,2026-09-16 01:12:56,2026-09-16 01:13:05,10,Heavy_GPU,17.57,2.191929642017635,144.5,144,0.2222222222222222,,,,,,65.06,0.05163977794942929,65.1,0.0048000000000000004,0.0854,65.9,27.42444165338649,62,46.1,45,70.4,69,0.1111111111111111,1740.0,1740,0.0,641.2800000000001,634.68
gamingmoderatemain1_20260916_010940,gamingmoderatemain1_20260916_010940.csv,2026-09-16 01:12:57,2026-09-16 01:13:06,10,Heavy_GPU,18.2,1.347425528760516,144.7,144,-0.1111111111111111,,,,,,65.07000000000001,0.048304589153962046,65.1,0.0032,0.0762,71.4,15.784662034885498,55,50.0,39,70.6,70,-0.3333333333333333,1740.0,1740,0.0,640.4590000000001,634.68
gamingmoderatemain1_20260916_010940,gamingmoderatemain1_20260916_010940.csv,2026-09-16 01:12:58,2026-09-16 01:13:07,10,Heavy_GPU,18.18,1.3472605951007073,144.7,145,0.0,,,,,,65.09,0.0567646212197545,65.2,0.0032,0.09280000000000001,68.6,13.898041428760944,65,48.4,46,70.0,67,-0.6666666666666666,1740.0,1740,0.0,639.863,636.97
gamingmoderatemain1_20260916_010940,gamingmoderatemain1_20260916_010940.csv,2026-09-16 01:12:59,2026-09-16 01:13:08,10,Heavy_GPU,18.3,1.3432961119739926,144.8,146,0.1111111111111111,,,,,,65.11,0.05676462121975645,65.2,0.0032,0.0905,66.0,11.460075625114056,65,46.7,44,69.7,70,-0.2222222222222222,1740.0,1740,0.0,639.4019999999999,638.32
gamingmoderatemain1_20260916_010940,gamingmoderatemain1_20260916_010940.csv,2026-09-16 01:13:00,2026-09-16 01:13:09,10,Heavy_GPU,18.470000000000006,1.4205241599103091,144.9,146,0.1111111111111111,,,,,,65.13000000000001,0.04830458915396891,65.2,0.0032,0.10600000000000001,64.0,9.321420969406375,65,45.1,43,69.5,70,-0.2222222222222222,1740.0,1740,0.0,638.969,638.6
gamingmoderatemain1_20260916_010940,gamingmoderatemain1_20260916_010940.csv,2026-09-16 01:13:01,2026-09-16 01:13:10,10,Heavy_GPU,18.53,1.4667045449654212,145.0,146,0.1111111111111111,,,,,,65.14000000000001,0.05163977794943662,65.2,0.0047,0.10329999999999999,63.0,7.831560082980487,70,44.2,47,69.3,70,-0.1111111111111111,1740.0,1740,0.0,638.563,638.88
gamingmoderatemain1_20260916_010940,gamingmoderatemain1_20260916_010940.csv,2026-09-16 01:13:02,2026-09-16 01:13:11,10,Heavy_GPU,18.900000000000002,1.0923979738782628,145.1,146,0.1111111111111111,,,,,,65.15,0.052704627669477484,65.2,0.0047,0.0918,62.9,7.636898730651221,76,43.9,50,69.3,71,0.1111111111111111,1740.0,1740,0.0,638.2429999999999,639.74
gamingmoderatemain1_20260916_010940,gamingmoderatemain1_20260916_010940.csv,2026-09-16 01:13:03,2026-09-16 01:13:12,10,Heavy_GPU,19.06,1.0458383134011573,145.0,144,-0.1111111111111111,,,,,,65.16000000000001,0.051639777949436624,65.2,0.0047,0.0905,64.8,9.51957048517538,81,45.0,56,69.4,71,0.4444444444444444,1740.0,1740,0.0,637.963,640.14
gamingmoderatemain1_20260916_010940,gamingmoderatemain1_20260916_010940.csv,2026-09-16 01:13:04,2026-09-16 01:13:13,10,Heavy_GPU,19.509999999999998,2.03930816155327,145.0,145,0.1111111111111111,,,,,,65.17,0.04830458915396891,65.2,0.0047,0.0829,66.4,7.515909052728678,64,45.4,39,69.7,70,0.1111111111111111,1740.0,1740,0.0,638.964,652.95
gamingmoderatemain1_20260916_010940,gamingmoderatemain1_20260916_010940.csv,2026-09-16 01:13:05,2026-09-16 01:13:14,10,Heavy_GPU,20.05,1.8928227010942622,145.1,145,0.1111111111111111,,,,,,65.18000000000002,0.04216370213558199,65.2,0.0047,0.0834,66.6,7.381658952355418,63,44.9,40,69.7,69,0.0,1740.0,1740,0.0,640.728,652.32
gamingmoderatemain1_20260916_010940,gamingmoderatemain1_20260916_010940.csv,2026-09-16 01:13:06,2026-09-16 01:13:15,10,Heavy_GPU,19.82,2.0836933022347073,145.2,145,0.1111111111111111,,,,,,65.19000000000001,0.031622776601686484,65.2,0.0172,0.11299999999999999,66.7,7.318925239860472,63,44.4,40,69.7,69,-0.1111111111111111,1740.0,1740,0.0,642.492,652.32
gamingmoderatemain1_20260916_010940,gamingmoderatemain1_20260916_010940.csv,2026-09-16 01:13:07,2026-09-16 01:13:16,10,Heavy_GPU,19.660000000000004,2.219209068314405,145.3,145,0.0,,,,,,65.20000000000002,1.4979556132593925e-14,65.2,0.0172,0.11549999999999998,67.6,6.1860057118197584,64,44.6,41,69.6,69,0.2222222222222222,1740.0,1740,0.0,644.256,652.32
gamingmoderatemain1_20260916_010940,gamingmoderatemain1_20260916_010940.csv,2026-09-16 01:13:08,2026-09-16 01:13:17,10,Heavy_GPU,19.450000000000003,2.4685803387552308,145.3,145,-0.1111111111111111,,,,,,65.20000000000002,1.4979556132593925e-14,65.2,0.0172,0.0992,67.8,6.124631508189788,67,44.4,44,69.8,69,-0.1111111111111111,1740.0,1740,0.0,645.7909999999999,652.32
gamingmoderatemain1_20260916_010940,gamingmoderatemain1_20260916_010940.csv,2026-09-16 01:13:09,2026-09-16 01:13:18,10,Heavy_GPU,20.3,3.4772275035020517,145.3,146,0.0,,,,,,65.20000000000002,1.4979556132593925e-14,65.2,0.0156,0.1059,68.0,6.0553007081949835,67,44.3,43,69.7,69,-0.1111111111111111,1740.0,1740,0.0,647.191,652.32
gamingmoderatemain1_20260916_010940,gamingmoderatemain1_20260916_010940.csv,2026-09-16 01:13:10,2026-09-16 01:13:19,10,Heavy_GPU,20.550000000000004,3.5268021398050298,145.3,146,0.0,,,,,,65.20000000000002,1.4979556132593925e-14,65.2,0.0156,0.08789999999999999,68.0,6.0553007081949835,65,44.1,41,69.6,69,-0.1111111111111111,1740.0,1740,0.0,648.5629999999999,652.32
gamingmoderatemain1_20260916_010940,gamingmoderatemain1_20260916_010940.csv,2026-09-16 01:13:11,2026-09-16 01:13:20,10,Heavy_GPU,20.64,3.5170063027144742,145.2,145,-0.1111111111111111,,,,,,65.20000000000002,1.4979556132593925e-14,65.2,0.0125,0.08299999999999999,67.4,6.131883886702357,64,43.5,41,69.5,69,-0.2222222222222222,1740.0,1740,0.0,649.9069999999999,652.32
gamingmoderatemain1_20260916_010940,gamingmoderatemain1_20260916_010940.csv,2026-09-16 01:13:12,2026-09-16 01:13:21,10,Heavy_GPU,20.84,3.495457369532952,145.2,146,0.2222222222222222,,,,,,65.20000000000002,1.4979556132593925e-14,65.2,0.0125,0.08990000000000001,66.6,5.358275012642698,68,42.8,43,69.3,69,-0.2222222222222222,1740.0,1740,0.0,650.6850000000001,647.52
gamingmoderatemain1_20260916_010940,gamingmoderatemain1_20260916_010940.csv,2026-09-16 01:13:13,2026-09-16 01:13:22,10,Heavy_GPU,21.2,3.5273534302961793,145.4,146,0.1111111111111111,,,,,,65.20000000000002,1.4979556132593925e-14,65.2,0.0125,0.0903,66.8,5.959119994689746,83,42.4,52,69.2,70,0.0,1740.0,1740,0.0,651.7320000000001,650.61
gamingmoderatemain1_20260916_010940,gamingmoderatemain1_20260916_010940.csv,2026-09-16 01:13:14,2026-09-16 01:13:23,10,Heavy_GPU,20.439999999999998,3.532138162643132,145.4,145,0.0,,,,,,65.20000000000002,1.4979556132593925e-14,65.2,0.0125,0.11699999999999999,66.2,6.545566777937908,58,42.3,38,69.1,69,0.0,1740.0,1740,0.0,651.295,648.58
gamingmoderatemain1_20260916_010940,gamingmoderatemain1_20260916_010940.csv,2026-09-16 01:13:15,2026-09-16 01:13:24,10,Heavy_GPU,20.03,3.5687065817557304,145.5,146,0.1111111111111111,,,,,,65.20000000000002,1.4979556132593925e-14,65.2,0.0125,0.1155,66.0,6.683312551921141,61,42.2,39,68.9,67,-0.2222222222222222,1740.0,1740,0.0,650.4340000000001,643.71
gamingmoderatemain1_20260916_010940,gamingmoderatemain1_20260916_010940.csv,2026-09-16 01:13:16,2026-09-16 01:13:25,10,Heavy_GPU,19.69,3.994287587709895,145.6,146,0.1111111111111111,,,,,,65.20000000000002,1.4979556132593925e-14,65.2,0.0,0.0863,67.9,8.252272414311102,82,44.0,58,69.1,71,0.2222222222222222,1740.0,1740,0.0,649.647,644.45
gamingmoderatemain1_20260916_010940,gamingmoderatemain1_20260916_010940.csv,2026-09-16 01:13:17,2026-09-16 01:13:26,10,Heavy_GPU,19.919999999999998,3.9066325368247496,145.7,146,0.1111111111111111,,,,,,65.20000000000002,1.4979556132593925e-14,65.2,0.0,0.10539999999999998,70.3,10.242070103255495,88,46.0,61,69.3,71,0.2222222222222222,1740.0,1740,0.0,648.8790000000001,644.64
gamingmoderatemain1_20260916_010940,gamingmoderatemain1_20260916_010940.csv,2026-09-16 01:13:18,2026-09-16 01:13:27,10,Heavy_GPU,19.86,3.9774922305951077,145.7,145,-0.1111111111111111,,,,,,65.20000000000002,1.4979556132593925e-14,65.2,0.0,0.11019999999999999,72.6,11.871534582072082,90,47.9,63,69.6,72,0.3333333333333333,1740.0,1740,0.0,648.113,644.66
gamingmoderatemain1_20260916_010940,gamingmoderatemain1_20260916_010940.csv,2026-09-16 01:13:19,2026-09-16 01:13:28,10,Heavy_GPU,18.73,3.1475034198198704,145.5,144,-0.2222222222222222,,,,,,65.20000000000002,1.4979556132593925e-14,65.2,0.0,0.0891,75.2,13.273197722394471,93,50.1,65,69.9,72,0.3333333333333333,1740.0,1740,0.0,647.3520000000001,644.71
gamingmoderatemain1_20260916_010940,gamingmoderatemain1_20260916_010940.csv,2026-09-16 01:13:20,2026-09-16 01:13:29,10,Heavy_GPU,18.119999999999997,2.96453106653387,145.3,144,-0.1111111111111111,,,,,,65.20000000000002,1.4979556132593925e-14,65.2,0.0,0.0877,78.1,13.947919000497688,94,52.4,64,70.3,73,0.4444444444444444,1740.0,1740,0.0,646.605,644.85
gamingmoderatemain1_20260916_010940,gamingmoderatemain1_20260916_010940.csv,2026-09-16 01:13:21,2026-09-16 01:13:30,10,Heavy_GPU,17.880000000000003,2.826383633628748,145.3,145,-0.1111111111111111,,,,,,65.20000000000002,1.4979556132593925e-14,65.2,0.0,0.08739999999999999,81.2,13.910827118151929,95,54.7,64,70.6,72,0.3333333333333333,1740.0,1740,0.0,645.8900000000001,645.17
gamingmoderatemain1_20260916_010940,gamingmoderatemain1_20260916_010940.csv,2026-09-16 01:13:22,2026-09-16 01:13:31,10,Heavy_GPU,17.6,2.5655841873191814,145.2,145,-0.1111111111111111,,,,,,65.20000000000002,1.4979556132593925e-14,65.2,0.0,0.0924,83.7,13.515834335244636,93,56.7,63,71.0,73,0.3333333333333333,1740.0,1740,0.0,645.739,646.01
gamingmoderatemain1_20260916_010940,gamingmoderatemain1_20260916_010940.csv,2026-09-16 01:13:23,2026-09-16 01:13:32,10,Heavy_GPU,17.18,1.7924533156790692,145.1,145,0.0,,,,,,65.20000000000002,1.4979556132593925e-14,65.2,0.0,0.09330000000000001,84.9,13.971796989332157,95,58.1,66,71.3,73,0.4444444444444444,1740.0,1740,0.0,645.3230000000001,646.45
gamingmoderatemain1_20260916_010940,gamingmoderatemain1_20260916_010940.csv,2026-09-16 01:13:24,2026-09-16 01:13:33,10,Heavy_GPU,17.8,2.6093847721041237,145.0,144,-0.2222222222222222,,,,,,65.20000000000002,1.4979556132593925e-14,65.2,0.0,0.0663,88.5,10.469532516359607,94,60.9,66,71.7,73,0.6666666666666666,1740.0,1740,0.0,645.112,646.47
gamingmoderatemain1_20260916_010940,gamingmoderatemain1_20260916_010940.csv,2026-09-16 01:13:25,2026-09-16 01:13:34,10,Heavy_GPU,17.93,2.6470318807633912,144.9,145,-0.1111111111111111,,,,,,65.20000000000002,1.4979556132593925e-14,65.2,0.0,0.0664,91.6,4.033195589934446,92,63.5,65,72.3,73,0.2222222222222222,1740.0,1740,0.0,645.3820000000001,646.41
gamingmoderatemain1_20260916_010940,gamingmoderatemain1_20260916_010940.csv,2026-09-16 01:13:26,2026-09-16 01:13:35,10,Heavy_GPU,18.209999999999997,2.298526097790108,144.8,145,-0.1111111111111111,,,,,,65.20000000000002,1.4979556132593925e-14,65.2,0.0,0.0722,92.7,2.2135943621178655,93,64.3,66,72.5,73,0.2222222222222222,1740.0,1740,0.0,645.5889999999999,646.52
gamingmoderatemain1_20260916_010940,gamingmoderatemain1_20260916_010940.csv,2026-09-16 01:13:27,2026-09-16 01:13:36,10,Heavy_GPU,18.15,2.2658086611382013,144.6,144,-0.1111111111111111,,,,,,65.20000000000002,1.4979556132593925e-14,65.2,0.0,0.0529,92.9,1.7919573407620815,90,64.7,65,72.7,73,0.1111111111111111,1740.0,1740,0.0,645.9069999999999,647.82
gamingmoderatemain1_20260916_010940,gamingmoderatemain1_20260916_010940.csv,2026-09-16 01:13:28,2026-09-16 01:13:37,10,Heavy_GPU,18.48,2.0509076581412002,144.5,144,0.0,,,,,,65.20000000000002,1.4979556132593925e-14,65.2,0.0,0.048,93.7,2.110818693198342,98,65.9,75,72.9,74,0.2222222222222222,1739.2,1732,-0.8888888888888888,646.223,647.82
gamingmoderatemain1_20260916_010940,gamingmoderatemain1_20260916_010940.csv,2026-09-16 01:13:29,2026-09-16 01:13:38,10,Heavy_GPU,18.529999999999998,1.9888857852241457,144.5,144,0.0,,,,,,65.20000000000002,1.4979556132593925e-14,65.2,0.0,0.0618,94.4,2.8751811537130436,100,67.2,78,73.1,74,0.1111111111111111,1738.4,1732,-0.8888888888888888,646.463,647.11
gamingmoderatemain1_20260916_010940,gamingmoderatemain1_20260916_010940.csv,2026-09-16 01:13:30,2026-09-16 01:13:39,10,Heavy_GPU,18.44,2.1219487898313347,144.4,143,-0.2222222222222222,,,,,,65.20000000000002,1.4979556132593925e-14,65.2,0.0,0.0617,95.0,3.366501646120693,100,68.4,76,73.2,74,0.2222222222222222,1737.6,1732,-0.8888888888888888,646.689,647.11
gamingmoderatemain1_20260916_010940,gamingmoderatemain1_20260916_010940.csv,2026-09-16 01:13:31,2026-09-16 01:13:40,10,Heavy_GPU,18.340000000000003,2.152621141254953,144.3,144,-0.1111111111111111,,,,,,65.20000000000002,1.4979556132593925e-14,65.2,0.0,0.0846,95.4,3.5962943891363133,99,69.4,74,73.3,73,0.0,1736.8,1732,-0.8888888888888888,646.883,647.11
gamingmoderatemain1_20260916_010940,gamingmoderatemain1_20260916_010940.csv,2026-09-16 01:13:32,2026-09-16 01:13:41,10,Heavy_GPU,18.110000000000003,2.24274137806589,144.1,143,-0.2222222222222222,,,,,,65.20000000000002,1.4979556132593925e-14,65.2,0.0,0.07189999999999999,94.5,5.082650227325635,84,69.1,60,73.2,72,-0.1111111111111111,1736.0,1732,-0.8888888888888888,646.9929999999999,647.11
gamingmoderatemain1_20260916_010940,gamingmoderatemain1_20260916_010940.csv,2026-09-16 01:13:33,2026-09-16 01:13:42,10,Heavy_GPU,17.970000000000002,2.231616255342999,144.0,144,0.0,,,,,,65.20000000000002,1.4979556132593925e-14,65.2,0.0,0.0749,94.4,5.081557066709201,94,68.9,64,73.2,73,0.0,1735.2,1732,-0.8888888888888888,647.027,646.79
gamingmoderatemain1_20260916_010940,gamingmoderatemain1_20260916_010940.csv,2026-09-16 01:13:34,2026-09-16 01:13:43,10,Heavy_GPU,17.380000000000003,1.2664912159190047,144.0,144,-0.1111111111111111,,,,,,65.20000000000002,1.4979556132593925e-14,65.2,0.0,0.0835,94.2,5.138093031466052,92,68.5,62,73.2,73,0.0,1734.4,1732,-0.8888888888888888,647.094,647.14
gamingmoderatemain1_20260916_010940,gamingmoderatemain1_20260916_010940.csv,2026-09-16 01:13:35,2026-09-16 01:13:44,10,Heavy_GPU,17.690000000000005,1.9541693319100517,143.9,144,-0.1111111111111111,,,,,,65.20000000000002,1.4979556132593925e-14,65.2,0.0,0.087,93.5,5.892556509887896,85,67.8,58,73.1,72,-0.1111111111111111,1733.6,1732,-0.8888888888888888,647.1670000000001,647.14
gamingmoderatemain1_20260916_010940,gamingmoderatemain1_20260916_010940.csv,2026-09-16 01:13:36,2026-09-16 01:13:45,10,Heavy_GPU,17.96,1.9884108674461065,143.9,145,0.1111111111111111,,,,,,65.20000000000002,1.4979556132593925e-14,65.2,0.0,0.0811,93.4,5.910442735813734,92,67.5,63,73.1,73,0.0,1732.8,1732,-0.8888888888888888,647.229,647.14
gamingmoderatemain1_20260916_010940,gamingmoderatemain1_20260916_010940.csv,2026-09-16 01:13:37,2026-09-16 01:13:46,10,Heavy_GPU,20.750000000000004,9.39376270606075,142.0,125,-2.111111111111111,,,,,,65.24000000000001,0.12649110640673247,65.6,0.3632,0.24930000000000002,91.7,8.756584823878415,73,66.0,50,72.9,71,-0.3333333333333333,1732.0,1732,0.0,647.1610000000001,647.14
gamingmoderatemain1_20260916_010940,gamingmoderatemain1_20260916_010940.csv,2026-09-16 01:13:38,2026-09-16 01:13:47,10,Heavy_GPU,21.87,9.781848268888428,141.2,136,-0.8888888888888888,,,,,,65.3,0.2160246899469259,65.8,0.46440000000000003,0.38239999999999996,82.8,27.279622024100295,9,59.1,6,72.3,68,-0.6666666666666666,1732.8,1740,0.8888888888888888,647.492,651.13
gamingmoderatemain1_20260916_010940,gamingmoderatemain1_20260916_010940.csv,2026-09-16 01:13:39,2026-09-16 01:13:48,10,Heavy_GPU,22.09,9.671774512581557,141.2,144,0.1111111111111111,,,,,,65.35,0.2460803843372212,65.7,0.46749999999999997,0.3837,79.4,27.015222046509674,66,56.1,48,71.9,70,-0.4444444444444444,1733.6,1740,0.8888888888888888,647.3430000000001,645.62
gamingmoderatemain1_20260916_010940,gamingmoderatemain1_20260916_010940.csv,2026-09-16 01:13:40,2026-09-16 01:13:49,10,Heavy_GPU,22.740000000000002,9.378722964478929,141.3,144,0.0,,,,,,65.4,0.2624669291337254,65.7,0.4753,0.4274,75.8,26.355686715056812,64,53.1,46,71.5,70,-0.3333333333333333,1734.4,1740,0.8888888888888888,647.194,645.62
gamingmoderatemain1_20260916_010940,gamingmoderatemain1_20260916_010940.csv,2026-09-16 01:13:41,2026-09-16 01:13:50,10,Heavy_GPU,23.87,9.331077108244257,141.0,141,-0.2222222222222222,,,,,,65.45000000000002,0.2677063067368155,65.7,0.4941,0.44889999999999997,72.7,25.117722826721376,68,50.3,46,71.2,70,-0.2222222222222222,1735.2,1740,0.8888888888888888,647.045,645.62
gamingmoderatemain1_20260916_010940,gamingmoderatemain1_20260916_010940.csv,2026-09-16 01:13:42,2026-09-16 01:13:51,10,Heavy_GPU,24.81,8.949419596326408,141.3,146,0.2222222222222222,,,,,,65.5,0.26246692913372593,65.7,0.4958,0.48949999999999994,71.5,24.802553631968355,72,49.4,51,71.0,70,-0.3333333333333333,1736.0,1740,0.8888888888888888,647.375,650.41
gamingmoderatemain1_20260916_010940,gamingmoderatemain1_20260916_010940.csv,2026-09-16 01:13:43,2026-09-16 01:13:52,10,Heavy_GPU,25.16,8.696640475238445,141.2,143,-0.1111111111111111,,,,,,65.54,0.2412928142780503,65.6,0.4989,0.5079,69.5,23.561975016255886,74,48.0,50,70.8,71,-0.2222222222222222,1736.8,1740,0.8888888888888888,647.651,649.55
gamingmoderatemain1_20260916_010940,gamingmoderatemain1_20260916_010940.csv,2026-09-16 01:13:44,2026-09-16 01:13:53,10,Heavy_GPU,25.240000000000002,8.619641652773172,141.4,146,0.2222222222222222,,,,,,65.57,0.21108186931983336,65.5,0.502,0.5121,67.1,22.19834828690339,68,46.4,46,70.6,71,-0.1111111111111111,1737.6,1740,0.8888888888888888,647.952,650.15
gamingmoderatemain1_20260916_010940,gamingmoderatemain1_20260916_010940.csv,2026-09-16 01:13:45,2026-09-16 01:13:54,10,Heavy_GPU,25.009999999999998,8.736697825201972,141.5,145,0.0,,,,,,65.6,0.16996731711975913,65.5,0.502,0.5085,66.2,21.56540439376611,76,45.7,51,70.5,71,-0.2222222222222222,1738.4,1740,0.8888888888888888,648.1879999999999,649.5
gamingmoderatemain1_20260916_010940,gamingmoderatemain1_20260916_010940.csv,2026-09-16 01:13:46,2026-09-16 01:13:55,10,Heavy_GPU,25.04,8.715783894113533,141.5,145,2.2222222222222223,,,,,,65.63,0.10593499054713872,65.5,0.5051,0.5281,64.9,20.184977912629318,79,44.7,53,70.4,72,0.1111111111111111,1739.2,1740,0.8888888888888888,648.424,649.5
gamingmoderatemain1_20260916_010940,gamingmoderatemain1_20260916_010940.csv,2026-09-16 01:13:47,2026-09-16 01:13:56,10,Heavy_GPU,22.2,4.319722213291035,143.5,145,1.0,,,,,,65.62,0.11352924243950983,65.5,0.14809999999999998,0.3675,65.5,20.538581580365605,79,45.1,54,70.5,72,0.4444444444444444,1740.0,1740,0.0,648.6600000000001,649.5
gamingmoderatemain1_20260916_010940,gamingmoderatemain1_20260916_010940.csv,2026-09-16 01:13:48,2026-09-16 01:13:57,10,Heavy_GPU,21.060000000000002,3.4855893810564287,144.4,145,0.1111111111111111,,,,,,65.59,0.09944289260117666,65.5,0.046900000000000004,0.23420000000000002,72.8,6.178816859057871,82,50.0,55,70.9,72,0.2222222222222222,1740.0,1740,0.0,648.497,649.5
gamingmoderatemain1_20260916_010940,gamingmoderatemain1_20260916_010940.csv,2026-09-16 01:13:49,2026-09-16 01:13:58,10,Heavy_GPU,21.280000000000005,3.3881492817695555,144.6,146,0.2222222222222222,,,,,,65.57000000000001,0.09486832980505247,65.5,0.0438,0.2245,74.3,6.165315167216605,81,50.6,54,71.1,72,0.2222222222222222,1740.0,1740,0.0,648.889,649.54
gamingmoderatemain1_20260916_010940,gamingmoderatemain1_20260916_010940.csv,2026-09-16 01:13:50,2026-09-16 01:13:59,10,Heavy_GPU,20.770000000000003,3.6730399156859463,144.6,144,0.3333333333333333,,,,,,65.55,0.08498365855988049,65.5,0.036,0.19140000000000001,76.2,5.533734925185902,83,52.1,61,71.3,72,0.2222222222222222,1740.0,1740,0.0,649.367,650.4
gamingmoderatemain1_20260916_010940,gamingmoderatemain1_20260916_010940.csv,2026-09-16 01:13:51,2026-09-16 01:14:00,10,Heavy_GPU,19.729999999999997,2.4922323772518125,144.9,144,-0.2222222222222222,,,,,,65.53,0.06749485577105542,65.5,0.0344,0.1943,76.6,4.993328882953068,72,52.7,52,71.4,71,0.1111111111111111,1740.0,1740,0.0,649.8449999999999,650.4
gamingmoderatemain1_20260916_010940,gamingmoderatemain1_20260916_010940.csv,2026-09-16 01:13:52,2026-09-16 01:14:01,10,Heavy_GPU,18.63,1.9281827944696759,144.7,144,0.1111111111111111,,,,,,65.52000000000001,0.04216370213557599,65.6,0.03269999999999999,0.1449,76.2,5.533734925185902,68,52.6,50,71.5,71,0.0,1740.0,1740,0.0,649.8439999999998,650.4
gamingmoderatemain1_20260916_010940,gamingmoderatemain1_20260916_010940.csv,2026-09-16 01:13:53,2026-09-16 01:14:02,10,Heavy_GPU,17.9,2.280838052607467,144.7,143,-0.3333333333333333,,,,,,65.52000000000001,0.04216370213557599,65.6,0.029599999999999998,0.1371,75.0,7.133644853010899,62,52.3,47,71.4,70,-0.1111111111111111,1740.0,1740,0.0,648.2919999999999,634.03
gamingmoderatemain1_20260916_010940,gamingmoderatemain1_20260916_010940.csv,2026-09-16 01:13:54,2026-09-16 01:14:03,10,Heavy_GPU,17.589999999999996,2.4546780734842693,144.5,144,-0.1111111111111111,,,,,,65.53,0.048304589153962046,65.6,0.026500000000000003,0.1296,74.6,7.662317607037124,64,52.6,49,71.4,71,0.0,1740.0,1740,0.0,646.68,634.03
gamingmoderatemain1_20260916_010940,gamingmoderatemain1_20260916_010940.csv,2026-09-16 01:13:55,2026-09-16 01:14:04,10,Heavy_GPU,17.359999999999996,2.3070905198250604,144.5,145,0.0,,,,,,65.54,0.05163977794942929,65.6,0.026500000000000003,0.12969999999999998,69.9,16.278479317457418,29,49.7,22,71.3,70,-0.2222222222222222,1740.0,1740,0.0,645.3539999999999,636.24
gamingmoderatemain1_20260916_010940,gamingmoderatemain1_20260916_010940.csv,2026-09-16 01:13:56,2026-09-16 01:14:05,10,Heavy_GPU,17.259999999999998,2.2141966187912643,144.6,146,0.1111111111111111,,,,,,65.55,0.05270462766947,65.6,0.023399999999999997,0.10979999999999998,68.6,15.987495113369073,66,49.3,49,71.2,71,-0.1111111111111111,1740.0,1740,0.0,644.0279999999999,636.24
gamingmoderatemain1_20260916_010940,gamingmoderatemain1_20260916_010940.csv,2026-09-16 01:13:57,2026-09-16 01:14:06,10,Heavy_GPU,17.44,2.39220957833269,144.7,146,0.1111111111111111,,,,,,65.56,0.05163977794942929,65.6,0.0172,0.0857,67.5,15.565274741480723,68,48.9,50,71.1,71,-0.1111111111111111,1740.0,1740,0.0,642.702,636.24
gamingmoderatemain1_20260916_010940,gamingmoderatemain1_20260916_010940.csv,2026-09-16 01:13:58,2026-09-16 01:14:07,10,Heavy_GPU,17.880000000000003,2.9487473800091983,144.8,146,0.0,,,,,,65.57000000000001,0.048304589153962046,65.6,0.0172,0.0858,66.2,14.74072212915259,69,48.5,51,71.0,71,-0.1111111111111111,1740.0,1740,0.0,641.376,636.24
gamingmoderatemain1_20260916_010940,gamingmoderatemain1_20260916_010940.csv,2026-09-16 01:13:59,2026-09-16 01:14:08,10,Heavy_GPU,17.84,2.9056267252809103,144.8,146,0.2222222222222222,,,,,,65.58,0.04216370213557599,65.6,0.0172,0.08049999999999999,64.7,13.800563595576651,66,47.9,48,70.9,71,-0.1111111111111111,1740.0,1740,0.0,640.0459999999999,636.24
gamingmoderatemain1_20260916_010940,gamingmoderatemain1_20260916_010940.csv,2026-09-16 01:14:00,2026-09-16 01:14:09,10,Heavy_GPU,18.15,2.935699802999846,144.9,145,0.1111111111111111,,,,,,65.59,0.03162277660168199,65.6,0.0172,0.098,62.7,12.211561006776416,63,46.4,46,70.7,70,-0.1111111111111111,1740.0,1740,0.0,638.6299999999999,636.24
gamingmoderatemain1_20260916_010940,gamingmoderatemain1_20260916_010940.csv,2026-09-16 01:14:01,2026-09-16 01:14:10,10,Heavy_GPU,18.21,2.942957695924289,145.0,145,0.1111111111111111,,,,,,65.6,0.0,65.6,0.0,0.0508,62.1,11.845768114488068,66,46.0,48,70.6,70,-0.1111111111111111,1740.0,1740,0.0,637.2139999999999,636.24
gamingmoderatemain1_20260916_010940,gamingmoderatemain1_20260916_010940.csv,2026-09-16 01:14:02,2026-09-16 01:14:11,10,Heavy_GPU,18.17,2.9981661061388847,145.1,145,0.2222222222222222,,,,,,65.6,0.0,65.6,0.0,0.0514,63.1,12.784104713797262,78,46.7,57,70.6,71,0.1111111111111111,1740.0,1740,0.0,637.435,652.61
gamingmoderatemain1_20260916_010940,gamingmoderatemain1_20260916_010940.csv,2026-09-16 01:14:03,2026-09-16 01:14:12,10,Heavy_GPU,18.84,2.612023481262499,145.3,145,0.1111111111111111,,,,,,65.6,0.0,65.6,0.0,0.036500000000000005,65.1,14.090579989640045,82,47.9,59,70.8,72,0.1111111111111111,1740.0,1740,0.0,639.2929999999999,652.61
gamingmoderatemain1_20260916_010940,gamingmoderatemain1_20260916_010940.csv,2026-09-16 01:14:04,2026-09-16 01:14:13,10,Heavy_GPU,19.130000000000003,2.277937663765187,145.4,145,0.0,,,,,,65.6,0.0,65.6,0.0,0.0796,66.8,14.94285410786336,81,48.9,59,70.8,71,0.1111111111111111,1740.0,1740,0.0,641.151,652.61
gamingmoderatemain1_20260916_010940,gamingmoderatemain1_20260916_010940.csv,2026-09-16 01:14:05,2026-09-16 01:14:14,10,Heavy_GPU,19.12,2.2851209547369207,145.4,145,-0.1111111111111111,,,,,,65.65,0.15811388300841897,66.1,0.0,0.0811,72.1,7.68042244208539,82,52.6,59,71.0,72,0.1111111111111111,1740.0,1740,0.0,642.7879999999999,652.61
gamingmoderatemain1_20260916_010940,gamingmoderatemain1_20260916_010940.csv,2026-09-16 01:14:06,2026-09-16 01:14:15,10,Heavy_GPU,19.78,2.9936228516260655,145.3,145,-0.1111111111111111,,,,,,65.7,0.21081851067789195,66.1,0.0125,0.1109,73.2,7.495183638696105,77,53.2,55,71.1,72,0.1111111111111111,1740.0,1740,0.0,644.425,652.61
gamingmoderatemain1_20260916_010940,gamingmoderatemain1_20260916_010940.csv,2026-09-16 01:14:07,2026-09-16 01:14:16,10,Heavy_GPU,20.52,3.910612341934302,145.1,144,-0.2222222222222222,,,,,,65.72,0.20976176963403043,65.8,0.0125,0.11080000000000001,74.9,8.089087299153924,85,54.2,60,71.1,71,0.0,1740.0,1740,0.0,646.3159999999999,655.15
gamingmoderatemain1_20260916_010940,gamingmoderatemain1_20260916_010940.csv,2026-09-16 01:14:08,2026-09-16 01:14:17,10,Heavy_GPU,27.26,22.47701047737443,141.4,109,-4.111111111111111,,,,,,65.67999999999999,0.2658320271650236,65.2,9.7493,0.49939999999999996,72.8,11.707547423208101,48,52.4,33,70.9,69,-0.2222222222222222,1740.0,1740,0.0,648.265,655.73
gamingmoderatemain1_20260916_010940,gamingmoderatemain1_20260916_010940.csv,2026-09-16 01:14:09,2026-09-16 01:14:18,10,Heavy_GPU,34.25,29.81294461583201,137.8,110,-3.888888888888889,,,,,,65.61,0.36347092196090275,64.9,18.844900000000003,6.9828,71.0,14.023789311975086,48,50.9,33,70.7,69,-0.1111111111111111,1740.0,1740,0.0,650.2439999999999,656.03
gamingmoderatemain1_20260916_010940,gamingmoderatemain1_20260916_010940.csv,2026-09-16 01:14:10,2026-09-16 01:14:19,10,Heavy_GPU,40.550000000000004,32.91521937746529,134.6,113,-3.5555555555555554,,,,,,65.55999999999999,0.3977715704046985,65.1,27.004200000000004,11.3356,70.2,14.74072212915259,55,50.1,38,70.6,69,-0.1111111111111111,1740.0,1740,0.0,652.384,657.64
gamingmoderatemain1_20260916_010940,gamingmoderatemain1_20260916_010940.csv,2026-09-16 01:14:11,2026-09-16 01:14:20,10,Heavy_GPU,44.79,32.530821282797845,131.7,116,-3.2222222222222223,,,,,,65.53999999999999,0.4005551702879917,65.4,38.6356,15.142000000000001,70.3,14.712428608341845,67,49.9,46,70.6,70,-0.1111111111111111,1740.0,1740,0.0,654.528,657.68
gamingmoderatemain1_20260916_010940,gamingmoderatemain1_20260916_010940.csv,2026-09-16 01:14:12,2026-09-16 01:14:21,10,Heavy_GPU,47.01,30.93737222195835,129.7,125,-2.2222222222222223,,,,,,65.49,0.4228212125447063,65.1,40.880700000000004,20.932399999999998,70.6,14.916061440235787,81,49.8,56,70.6,71,-0.1111111111111111,1740.0,1740,0.0,655.04,657.73
gamingmoderatemain1_20260916_010940,gamingmoderatemain1_20260916_010940.csv,2026-09-16 01:14:13,2026-09-16 01:14:22,10,Heavy_GPU,50.29,29.508433822666134,126.9,117,-3.111111111111111,,,,,,65.46000000000001,0.42478752858863744,65.3,50.161,24.668400000000002,68.8,14.466820275682176,64,48.3,44,70.4,70,-0.1111111111111111,1740.0,1740,0.0,655.5999999999999,658.21
gamingmoderatemain1_20260916_010940,gamingmoderatemain1_20260916_010940.csv,2026-09-16 01:14:14,2026-09-16 01:14:23,10,Heavy_GPU,53.60999999999999,27.239776879490854,124.5,121,-2.6666666666666665,,,,,,65.44,0.42216373863966616,65.4,58.0136,26.148899999999998,67.2,13.838753958037952,65,46.9,45,70.3,70,-0.2222222222222222,1740.0,1740,0.0,655.88,655.41
gamingmoderatemain1_20260916_010940,gamingmoderatemain1_20260916_010940.csv,2026-09-16 01:14:15,2026-09-16 01:14:24,10,Heavy_GPU,54.98,25.517523390799507,123.2,132,-1.4444444444444444,,,,,,65.35,0.35668224265054327,65.2,66.1183,34.9991,65.9,12.870724748651707,69,45.7,47,70.2,71,-0.1111111111111111,1740.0,1740,0.0,656.175,655.56
gamingmoderatemain1_20260916_010940,gamingmoderatemain1_20260916_010940.csv,2026-09-16 01:14:16,2026-09-16 01:14:25,10,Heavy_GPU,58.27,23.28929415465875,120.6,119,-2.7777777777777777,,,,,,65.27000000000001,0.24060109910158084,65.3,76.9871,37.995099999999994,65.2,12.380989010934824,70,45.0,48,70.1,71,0.0,1740.0,1740,0.0,656.4739999999999,655.6
gamingmoderatemain1_20260916_010940,gamingmoderatemain1_20260916_010940.csv,2026-09-16 01:14:17,2026-09-16 01:14:26,10,Heavy_GPU,61.11,20.739251566909438,118.1,119,1.1111111111111112,,,,,,65.24,0.17763883459299026,65.5,89.8288,40.8805,63.6,10.415799963943666,69,43.6,46,70.1,71,0.2222222222222222,1740.0,1740,0.0,656.525,655.66
gamingmoderatemain1_20260916_010940,gamingmoderatemain1_20260916_010940.csv,2026-09-16 01:14:18,2026-09-16 01:14:27,10,Heavy_GPU,57.85,18.025737771925517,119.2,120,1.1111111111111112,,,,,,65.31,0.2726414006223821,65.9,88.6565,42.30219999999999,66.3,9.369572502995474,75,45.3,50,70.3,71,0.2222222222222222,1740.0,1740,0.0,656.5179999999999,655.66
gamingmoderatemain1_20260916_010940,gamingmoderatemain1_20260916_010940.csv,2026-09-16 01:14:19,2026-09-16 01:14:28,10,Heavy_GPU,53.55,14.099428672428145,120.6,124,1.2222222222222223,,,,,,65.41,0.28848262031225425,65.9,89.5298,36.1759,69.4,7.604092465391398,79,47.3,53,70.6,72,0.3333333333333333,1740.0,1740,0.0,656.406,654.91
gamingmoderatemain1_20260916_010940,gamingmoderatemain1_20260916_010940.csv,2026-09-16 01:14:20,2026-09-16 01:14:29,10,Heavy_GPU,50.7,9.734931375664077,121.3,120,0.4444444444444444,,,,,,65.48999999999998,0.3034981237357374,65.9,89.68690000000001,32.094199999999994,70.6,5.815687596683837,67,48.0,45,70.8,71,0.1111111111111111,1740.0,1740,0.0,655.7769999999999,651.35
gamingmoderatemain1_20260916_010940,gamingmoderatemain1_20260916_010940.csv,2026-09-16 01:14:21,2026-09-16 01:14:30,10,Heavy_GPU,49.39,9.020156441116873,122.1,124,-0.1111111111111111,,,,,,65.53,0.31640339933558365,65.8,88.9365,36.13870000000001,71.3,5.755190893638735,74,48.3,49,70.9,71,0.0,1740.0,1740,0.0,655.144,651.35
gamingmoderatemain1_20260916_010940,gamingmoderatemain1_20260916_010940.csv,2026-09-16 01:14:22,2026-09-16 01:14:31,10,Heavy_GPU,48.67,10.352353462967839,123.0,134,1.8888888888888888,,,,,,65.61,0.29608557321603474,65.9,90.037,30.740999999999996,71.3,5.755190893638735,81,48.2,55,71.0,72,0.2222222222222222,1739.2,1732,-0.8888888888888888,654.5060000000001,651.35
gamingmoderatemain1_20260916_010940,gamingmoderatemain1_20260916_010940.csv,2026-09-16 01:14:23,2026-09-16 01:14:32,10,Heavy_GPU,48.68000000000001,10.357262615618517,123.3,120,-0.1111111111111111,,,,,,65.68,0.29739610697594054,66.0,103.07149999999999,27.452199999999998,71.9,5.195083145522205,70,48.6,48,71.1,71,0.1111111111111111,1738.4,1732,-0.8888888888888888,653.82,651.35
gamingmoderatemain1_20260916_010940,gamingmoderatemain1_20260916_010940.csv,2026-09-16 01:14:24,2026-09-16 01:14:33,10,Heavy_GPU,48.03,10.392417107359257,123.6,124,-0.8888888888888888,,,,,,65.74,0.29514591494904996,66.0,110.4875,26.6375,72.8,4.61398839279954,74,49.2,51,71.2,71,0.0,1737.6,1732,-0.8888888888888888,652.913,646.34
gamingmoderatemain1_20260916_010940,gamingmoderatemain1_20260916_010940.csv,2026-09-16 01:14:25,2026-09-16 01:14:34,10,Heavy_GPU,48.88,9.144737405864765,123.2,128,1.0,,,,,,65.77000000000001,0.24517567397911244,65.5,108.2997,19.4095,74.1,5.216427044549852,82,50.2,57,71.2,71,0.0,1736.8,1732,-0.8888888888888888,651.9599999999999,646.03
gamingmoderatemain1_20260916_010940,gamingmoderatemain1_20260916_010940.csv,2026-09-16 01:14:26,2026-09-16 01:14:35,10,Heavy_GPU,45.2,11.951290027998372,125.8,145,2.888888888888889,,,,,,65.79,0.20789954839350366,65.5,97.44340000000001,16.4677,76.2,7.223418704310154,91,52.0,66,71.3,72,0.1111111111111111,1736.0,1732,-0.8888888888888888,651.0029999999999,646.03
gamingmoderatemain1_20260916_010940,gamingmoderatemain1_20260916_010940.csv,2026-09-16 01:14:27,2026-09-16 01:14:36,10,Heavy_GPU,41.89,13.12321522256561,128.4,145,2.7777777777777777,,,,,,65.78,0.22509257354845533,65.4,84.60170000000001,13.584100000000001,78.5,8.263036837493694,92,54.0,66,71.4,72,0.1111111111111111,1735.2,1732,-0.8888888888888888,650.04,646.03
gamingmoderatemain1_20260916_010940,gamingmoderatemain1_20260916_010940.csv,2026-09-16 01:14:28,2026-09-16 01:14:37,10,Heavy_GPU,38.13,13.471950283624285,130.8,144,2.2222222222222223,,,,,,65.72999999999999,0.24966644414765293,65.4,76.0434,11.8092,80.4,9.465727652959385,94,55.9,69,71.6,73,0.1111111111111111,1734.4,1732,-0.8888888888888888,649.077,646.03
gamingmoderatemain1_20260916_010940,gamingmoderatemain1_20260916_010940.csv,2026-09-16 01:14:29,2026-09-16 01:14:38,10,Heavy_GPU,35.25000000000001,14.32164251908434,132.9,145,2.7777777777777777,,,,,,65.67999999999999,0.2616188916046467,65.4,66.0745,11.452000000000002,78.0,12.436505404118419,55,54.4,38,71.5,71,0.0,1733.6,1732,-0.8888888888888888,648.189,646.03
gamingmoderatemain1_20260916_010940,gamingmoderatemain1_20260916_010940.csv,2026-09-16 01:14:30,2026-09-16 01:14:39,10,Heavy_GPU,31.910000000000004,13.239037393674478,135.4,145,2.3333333333333335,,,,,,65.64,0.25473297566056935,65.5,57.7581,11.1528,77.4,13.150411907363713,61,54.2,43,71.3,69,-0.2222222222222222,1732.8,1732,-0.8888888888888888,647.6569999999999,646.03
gamingmoderatemain1_20260916_010940,gamingmoderatemain1_20260916_010940.csv,2026-09-16 01:14:31,2026-09-16 01:14:40,10,Heavy_GPU,29.02,12.442561365463838,137.4,144,1.1111111111111112,,,,,,65.61,0.2514402955419473,65.5,46.8771,3.3081000000000005,75.8,14.512829573250773,58,53.4,41,71.1,69,-0.3333333333333333,1732.8,1740,0.8888888888888888,647.1249999999999,646.03
gamingmoderatemain1_20260916_010940,gamingmoderatemain1_20260916_010940.csv,2026-09-16 01:14:32,2026-09-16 01:14:41,10,Heavy_GPU,27.82,12.979625058786045,138.5,145,2.7777777777777777,,,,,,65.56,0.23664319132398295,65.4,43.5315,2.9394,73.6,15.28397853963424,59,52.1,42,70.8,69,-0.2222222222222222,1733.6,1740,0.8888888888888888,646.593,646.03
gamingmoderatemain1_20260916_010940,gamingmoderatemain1_20260916_010940.csv,2026-09-16 01:14:33,2026-09-16 01:14:42,10,Heavy_GPU,24.26,9.67633998759632,141.0,145,2.3333333333333335,,,,,,65.5,0.1825741858350536,65.4,21.216700000000003,2.4922,72.3,16.152399202595262,57,51.4,41,70.6,69,-0.2222222222222222,1734.4,1740,0.8888888888888888,646.0609999999999,646.03
gamingmoderatemain1_20260916_010940,gamingmoderatemain1_20260916_010940.csv,2026-09-16 01:14:34,2026-09-16 01:14:43,10,Heavy_GPU,21.65,6.616687657397434,143.1,145,1.8888888888888888,,,,,,65.44,0.05163977794942929,65.4,5.948099999999999,1.7924,70.8,16.665333279995732,59,50.5,42,70.4,69,-0.2222222222222222,1735.2,1740,0.8888888888888888,646.03,646.03
gamingmoderatemain1_20260916_010940,gamingmoderatemain1_20260916_010940.csv,2026-09-16 01:14:35,2026-09-16 01:14:44,10,Heavy_GPU,19.54,1.7883574089712104,144.8,145,0.0,,,,,,65.42999999999999,0.048304589153962046,65.4,0.0312,0.1769,71.8,17.68112615820107,92,51.5,67,70.5,72,0.0,1736.0,1740,0.8888888888888888,645.8929999999999,644.66
gamingmoderatemain1_20260916_010940,gamingmoderatemain1_20260916_010940.csv,2026-09-16 01:14:36,2026-09-16 01:14:45,10,Heavy_GPU,19.19,1.7252697051636754,144.7,144,-0.1111111111111111,,,,,,65.42,0.04216370213557599,65.4,0.0062,0.0935,72.0,17.93197020841702,93,51.7,68,70.5,72,0.0,1736.8,1740,0.8888888888888888,645.756,644.66
gamingmoderatemain1_20260916_010940,gamingmoderatemain1_20260916_010940.csv,2026-09-16 01:14:37,2026-09-16 01:14:46,10,Heavy_GPU,18.8,1.0934146311237816,144.7,145,0.1111111111111111,,,,,,65.42,0.04216370213557599,65.4,0.0124,0.12490000000000001,72.3,18.324543347349447,95,51.9,68,70.6,73,0.0,1736.8,1732,0.0,645.6189999999999,644.66
gamingmoderatemain1_20260916_010940,gamingmoderatemain1_20260916_010940.csv,2026-09-16 01:14:38,2026-09-16 01:14:47,10,Heavy_GPU,18.759999999999998,1.0469001862641918,144.8,145,0.0,,,,,,65.42,0.04216370213557599,65.4,0.014000000000000002,0.0975,72.1,18.07054079003848,92,51.5,65,70.6,73,0.2222222222222222,1736.8,1732,0.0,645.482,644.66
gamingmoderatemain1_20260916_010940,gamingmoderatemain1_20260916_010940.csv,2026-09-16 01:14:39,2026-09-16 01:14:48,10,Heavy_GPU,19.09,1.437938338965432,144.7,144,-0.1111111111111111,,,,,,65.42,0.04216370213557599,65.4,0.020200000000000003,0.11139999999999999,76.1,18.290556154596405,95,54.5,68,70.8,73,0.4444444444444444,1736.8,1732,0.0,645.345,644.66
gamingmoderatemain1_20260916_010940,gamingmoderatemain1_20260916_010940.csv,2026-09-16 01:14:40,2026-09-16 01:14:49,10,Heavy_GPU,17.82,3.617795522752004,144.1,139,-0.5555555555555556,,,,,,65.41,0.03162277660168199,65.4,0.0511,0.20270000000000002,72.3,24.62631835162446,23,50.8,6,70.5,66,-0.3333333333333333,1737.6,1740,0.0,613.106,323.64
gamingmoderatemain1_20260916_010940,gamingmoderatemain1_20260916_010940.csv,2026-09-16 01:14:41,2026-09-16 01:14:50,10,Heavy_GPU,16.89,4.345738653490848,143.4,137,-0.8888888888888888,,,,,,65.4,0.0,65.4,0.0605,0.2279,68.9,28.811456054840406,24,47.3,6,70.1,65,-0.4444444444444444,1682.8,1192,-60.888888888888886,580.867,323.64
gamingmoderatemain1_20260916_010940,gamingmoderatemain1_20260916_010940.csv,2026-09-16 01:14:42,2026-09-16 01:14:51,10,Heavy_GPU,16.0,5.0985836813330385,142.6,137,-0.8888888888888888,,,,,,65.4,0.0,65.4,0.2183,0.7413000000000001,65.6,31.80565987367657,26,43.8,7,69.5,63,-0.6666666666666666,1603.3,945,-88.33333333333333,548.628,323.64
gamingmoderatemain1_20260916_010940,gamingmoderatemain1_20260916_010940.csv,2026-09-16 01:14:43,2026-09-16 01:14:52,10,Heavy_GPU,15.760000000000002,5.066052594366632,142.0,139,-0.6666666666666666,,,,,,65.4,0.0,65.4,0.23079999999999998,0.7510000000000001,62.5,34.16056856149272,26,40.4,7,68.8,62,-0.7777777777777778,1510.3,810,-103.33333333333333,516.3890000000001,323.64
gamingmoderatemain1_20260916_010940,gamingmoderatemain1_20260916_010940.csv,2026-09-16 01:14:44,2026-09-16 01:14:53,10,Heavy_GPU,15.690000000000001,5.028684387259421,141.7,142,-0.3333333333333333,,,,,,65.41,0.031622776601681994,65.5,0.23080000000000003,0.7727999999999999,59.4,35.876950198638056,28,37.0,8,68.1,62,-1.1111111111111112,1406.8,705,-115.0,484.10599999999994,323.2
gamingmoderatemain1_20260916_010940,gamingmoderatemain1_20260916_010940.csv,2026-09-16 01:14:45,2026-09-16 01:14:54,10,Heavy_GPU,15.23,4.9322183424679995,141.0,138,-0.6666666666666666,,,,,,65.17,0.7631076813486649,63.0,0.4554,1.2292999999999998,50.2,38.302306283912806,0,30.3,0,67.1,62,-1.1111111111111112,1284.5,517,-135.88888888888889,443.14,235.0
heavycpumain1_20260916_005128,heavycpumain1_20260916_005128.csv,2026-09-16 00:51:29,2026-09-16 00:51:38,10,Heavy_CPU,33.709999999999994,40.89097835844859,112.1,116,2.4444444444444446,,,,,,66.84,0.5037636129950003,67.5,0.07310000000000001,0.20579999999999998,0.0,0.0,0,2.6,0,50.6,51,0.0,210.0,210,0.0,375.05000000000007,375.05
heavycpumain1_20260916_005128,heavycpumain1_20260916_005128.csv,2026-09-16 00:51:30,2026-09-16 00:51:39,10,Heavy_CPU,37.980000000000004,45.58776151556468,114.3,116,0.8888888888888888,,,,,,66.94,0.5274677451960654,67.5,0.0731,0.2372,0.0,0.0,0,2.6,0,50.6,51,0.0,210.0,210,0.0,375.05000000000007,375.05
heavycpumain1_20260916_005128,heavycpumain1_20260916_005128.csv,2026-09-16 00:51:31,2026-09-16 00:51:40,10,Heavy_CPU,47.75,47.519685979134536,115.1,116,-1.1111111111111112,,,,,,67.03999999999999,0.5295700562196131,67.5,0.07310000000000001,0.25989999999999996,0.0,0.0,0,2.6,0,50.6,51,0.0,210.0,210,0.0,375.05000000000007,375.05
heavycpumain1_20260916_005128,heavycpumain1_20260916_005128.csv,2026-09-16 00:51:32,2026-09-16 00:51:41,10,Heavy_CPU,57.07000000000001,47.73494061539781,114.0,115,1.3333333333333333,,,,,,67.14,0.5103375789067905,67.5,0.0731,0.267,0.0,0.0,0,2.6,0,50.6,51,0.0,210.0,210,0.0,375.05000000000007,375.05
heavycpumain1_20260916_005128,heavycpumain1_20260916_005128.csv,2026-09-16 00:51:33,2026-09-16 00:51:42,10,Heavy_CPU,66.59,45.59745241421572,115.2,115,1.6666666666666667,,,,,,67.24,0.46714261443613014,67.5,0.07310000000000001,0.2522,0.0,0.0,0,2.6,0,50.6,51,0.0,210.0,210,0.0,375.05000000000007,375.05
heavycpumain1_20260916_005128,heavycpumain1_20260916_005128.csv,2026-09-16 00:51:34,2026-09-16 00:51:43,10,Heavy_CPU,76.24,40.71145620911473,116.7,115,0.1111111111111111,,,,,,67.34,0.3921450978627413,67.5,0.0715,0.24609999999999999,0.0,0.0,0,0.0,0,50.6,51,0.1111111111111111,210.0,210,0.0,375.05000000000007,375.05
heavycpumain1_20260916_005128,heavycpumain1_20260916_005128.csv,2026-09-16 00:51:35,2026-09-16 00:51:44,10,Heavy_CPU,85.88,32.10309088615058,116.8,115,-0.4444444444444444,,,,,,67.42999999999999,0.29458068127047704,67.5,0.07150000000000001,0.2577,0.0,0.0,0,0.0,0,50.8,52,0.2222222222222222,210.0,210,0.0,375.05000000000007,375.05
heavycpumain1_20260916_005128,heavycpumain1_20260916_005128.csv,2026-09-16 00:51:36,2026-09-16 00:51:45,10,Heavy_CPU,95.49,14.261872247359392,116.4,115,-1.0,,,,,,67.51,0.05676462121975145,67.4,0.043399999999999994,0.1409,0.0,0.0,0,0.0,0,51.0,52,0.2222222222222222,210.0,210,0.0,375.05000000000007,375.05
heavycpumain1_20260916_005128,heavycpumain1_20260916_005128.csv,2026-09-16 00:51:37,2026-09-16 00:51:46,10,Heavy_CPU,100.0,0.0,115.4,114,-0.3333333333333333,,,,,,67.49,0.05676462121975145,67.4,0.0293,0.1075,0.0,0.0,0,0.0,0,51.2,52,0.2222222222222222,210.0,210,0.0,375.05000000000007,375.05
heavycpumain1_20260916_005128,heavycpumain1_20260916_005128.csv,2026-09-16 00:51:38,2026-09-16 00:51:47,10,Heavy_CPU,100.0,0.0,115.1,114,-0.2222222222222222,,,,,,67.47,0.048304589153962046,67.4,0.0016,0.0876,0.0,0.0,0,0.0,0,51.4,52,0.1111111111111111,210.0,210,0.0,375.05000000000007,375.05
heavycpumain1_20260916_005128,heavycpumain1_20260916_005128.csv,2026-09-16 00:51:39,2026-09-16 00:51:48,10,Heavy_CPU,100.0,0.0,114.9,114,-0.2222222222222222,,,,,,67.46,0.05163977794942929,67.4,0.0016,0.091,0.0,0.0,0,0.0,0,51.5,52,0.1111111111111111,210.0,210,0.0,375.05000000000007,375.05
heavycpumain1_20260916_005128,heavycpumain1_20260916_005128.csv,2026-09-16 00:51:40,2026-09-16 00:51:49,10,Heavy_CPU,100.0,0.0,114.7,114,-0.2222222222222222,,,,,,67.45,0.05270462766947,67.4,0.0016,0.07680000000000001,0.0,0.0,0,0.0,0,51.6,52,0.1111111111111111,210.0,210,0.0,375.05000000000007,375.05
heavycpumain1_20260916_005128,heavycpumain1_20260916_005128.csv,2026-09-16 00:51:41,2026-09-16 00:51:50,10,Heavy_CPU,100.0,0.0,114.5,114,-0.1111111111111111,,,,,,67.44,0.05163977794942929,67.4,0.0016,0.057499999999999996,0.0,0.0,0,0.0,0,51.7,52,0.1111111111111111,210.0,210,0.0,375.05000000000007,375.05
heavycpumain1_20260916_005128,heavycpumain1_20260916_005128.csv,2026-09-16 00:51:42,2026-09-16 00:51:51,10,Heavy_CPU,100.0,0.0,114.4,114,-0.1111111111111111,,,,,,67.42999999999999,0.048304589153962046,67.4,0.0032,0.0897,0.0,0.0,0,0.0,0,51.8,52,0.1111111111111111,210.0,210,0.0,375.05000000000007,375.05
heavycpumain1_20260916_005128,heavycpumain1_20260916_005128.csv,2026-09-16 00:51:43,2026-09-16 00:51:52,10,Heavy_CPU,100.0,0.0,114.3,114,-0.1111111111111111,,,,,,67.42,0.04216370213557599,67.4,0.0032,0.0895,0.0,0.0,0,0.0,0,51.9,52,0.1111111111111111,210.0,210,0.0,375.05000000000007,375.05
heavycpumain1_20260916_005128,heavycpumain1_20260916_005128.csv,2026-09-16 00:51:44,2026-09-16 00:51:53,10,Heavy_CPU,100.0,0.0,114.2,114,-0.1111111111111111,,,,,,67.41,0.03162277660168199,67.4,0.0032,0.08889999999999999,0.0,0.0,0,0.0,0,52.0,52,0.0,210.0,210,0.0,375.05000000000007,375.05
heavycpumain1_20260916_005128,heavycpumain1_20260916_005128.csv,2026-09-16 00:51:45,2026-09-16 00:51:54,10,Heavy_CPU,100.0,0.0,114.1,114,-0.1111111111111111,,,,,,67.4,0.0,67.4,0.0032,0.08660000000000001,0.0,0.0,0,0.0,0,52.0,52,0.0,210.0,210,0.0,375.05000000000007,375.05
heavycpumain1_20260916_005128,heavycpumain1_20260916_005128.csv,2026-09-16 00:51:46,2026-09-16 00:51:55,10,Heavy_CPU,100.0,0.0,114.0,114,0.0,,,,,,67.4,0.0,67.4,0.0032,0.08689999999999999,0.0,0.0,0,0.0,0,52.0,52,0.0,210.0,210,0.0,375.05000000000007,375.05
heavycpumain1_20260916_005128,heavycpumain1_20260916_005128.csv,2026-09-16 00:51:47,2026-09-16 00:51:56,10,Heavy_CPU,100.0,0.0,114.1,115,0.1111111111111111,,,,,,67.4,0.0,67.4,0.0032,0.087,0.0,0.0,0,0.0,0,52.0,52,0.0,210.0,210,0.0,375.05000000000007,375.05
heavycpumain1_20260916_005128,heavycpumain1_20260916_005128.csv,2026-09-16 00:51:48,2026-09-16 00:51:57,10,Heavy_CPU,100.0,0.0,114.1,114,0.0,,,,,,67.4,0.0,67.4,0.0016,0.0868,0.0,0.0,0,0.0,0,52.0,52,0.0,210.0,210,0.0,375.05000000000007,375.05
heavycpumain1_20260916_005128,heavycpumain1_20260916_005128.csv,2026-09-16 00:51:49,2026-09-16 00:51:58,10,Heavy_CPU,100.0,0.0,114.1,114,0.0,,,,,,67.4,0.0,67.4,0.0016,0.08380000000000001,0.0,0.0,0,0.0,0,52.1,53,0.1111111111111111,210.0,210,0.0,375.05000000000007,375.05
heavycpumain1_20260916_005128,heavycpumain1_20260916_005128.csv,2026-09-16 00:51:50,2026-09-16 00:51:59,10,Heavy_CPU,100.0,0.0,114.1,114,0.0,,,,,,67.4,0.0,67.4,0.0016,0.08419999999999998,0.0,0.0,0,0.0,0,52.2,53,0.1111111111111111,210.0,210,0.0,375.05000000000007,375.05
heavycpumain1_20260916_005128,heavycpumain1_20260916_005128.csv,2026-09-16 00:51:51,2026-09-16 00:52:00,10,Heavy_CPU,100.0,0.0,114.1,114,0.0,,,,,,67.4,0.0,67.4,0.014100000000000001,0.1109,0.0,0.0,0,0.0,0,52.3,53,0.1111111111111111,210.0,210,0.0,375.05000000000007,375.05
heavycpumain1_20260916_005128,heavycpumain1_20260916_005128.csv,2026-09-16 00:51:52,2026-09-16 00:52:01,10,Heavy_CPU,100.0,0.0,114.1,114,0.0,,,,,,67.39,0.03162277660168649,67.3,0.0125,0.0689,0.0,0.0,0,0.6,6,52.4,53,0.1111111111111111,210.0,210,0.0,375.05000000000007,375.05
heavycpumain1_20260916_005128,heavycpumain1_20260916_005128.csv,2026-09-16 00:51:53,2026-09-16 00:52:02,10,Heavy_CPU,100.0,0.0,114.1,114,0.0,,,,,,67.38,0.04216370213558199,67.3,0.0125,0.0715,0.0,0.0,0,0.6,0,52.5,53,0.1111111111111111,210.0,210,0.0,375.05000000000007,375.05
heavycpumain1_20260916_005128,heavycpumain1_20260916_005128.csv,2026-09-16 00:51:54,2026-09-16 00:52:03,10,Heavy_CPU,100.0,0.0,114.1,114,0.0,,,,,,67.36999999999999,0.04830458915396891,67.3,0.0125,0.0715,0.0,0.0,0,0.6,0,52.6,53,0.1111111111111111,210.0,210,0.0,375.05000000000007,375.05
heavycpumain1_20260916_005128,heavycpumain1_20260916_005128.csv,2026-09-16 00:51:55,2026-09-16 00:52:04,10,Heavy_CPU,100.0,0.0,114.1,114,0.0,,,,,,67.35999999999999,0.05163977794943662,67.3,0.0184,0.07110000000000001,0.0,0.0,0,0.6,0,52.7,53,0.1111111111111111,210.0,210,0.0,375.05000000000007,375.05
heavycpumain1_20260916_005128,heavycpumain1_20260916_005128.csv,2026-09-16 00:51:56,2026-09-16 00:52:05,10,Heavy_CPU,100.0,0.0,114.0,113,-0.2222222222222222,,,,,,67.35,0.052704627669477484,67.3,0.02,0.0708,0.0,0.0,0,0.6,0,52.8,53,0.1111111111111111,210.0,210,0.0,375.05000000000007,375.05
heavycpumain1_20260916_005128,heavycpumain1_20260916_005128.csv,2026-09-16 00:51:57,2026-09-16 00:52:06,10,Heavy_CPU,100.0,0.0,113.9,114,0.0,,,,,,67.33999999999999,0.051639777949436624,67.3,0.0216,0.08299999999999999,0.0,0.0,0,0.6,0,52.9,53,0.1111111111111111,210.0,210,0.0,375.05000000000007,375.05
heavycpumain1_20260916_005128,heavycpumain1_20260916_005128.csv,2026-09-16 00:51:58,2026-09-16 00:52:07,10,Heavy_CPU,100.0,0.0,113.8,113,-0.1111111111111111,,,,,,67.33,0.04830458915396891,67.3,0.0263,0.11839999999999999,0.0,0.0,0,1.1,5,53.0,53,0.0,210.0,210,0.0,375.05000000000007,375.05
heavycpumain1_20260916_005128,heavycpumain1_20260916_005128.csv,2026-09-16 00:51:59,2026-09-16 00:52:08,10,Heavy_CPU,100.0,0.0,113.7,113,-0.1111111111111111,,,,,,67.31999999999998,0.04216370213558199,67.3,0.0263,0.11800000000000002,0.0,0.0,0,1.1,0,53.0,53,0.0,210.0,210,0.0,375.05000000000007,375.05
heavycpumain1_20260916_005128,heavycpumain1_20260916_005128.csv,2026-09-16 00:52:00,2026-09-16 00:52:09,10,Heavy_CPU,100.0,0.0,113.6,113,-0.1111111111111111,,,,,,67.30999999999999,0.031622776601686484,67.3,0.0263,0.1036,0.0,0.0,0,1.1,0,53.0,53,0.0,210.0,210,0.0,375.05000000000007,375.05
heavycpumain1_20260916_005128,heavycpumain1_20260916_005128.csv,2026-09-16 00:52:01,2026-09-16 00:52:10,10,Heavy_CPU,100.0,0.0,113.5,113,-0.1111111111111111,,,,,,67.29999999999998,1.4979556132593925e-14,67.3,0.015400000000000002,0.0928,0.0,0.0,0,1.1,0,53.0,53,0.0,210.0,210,0.0,375.05000000000007,375.05
heavycpumain1_20260916_005128,heavycpumain1_20260916_005128.csv,2026-09-16 00:52:02,2026-09-16 00:52:11,10,Heavy_CPU,100.0,0.0,113.4,113,-0.1111111111111111,,,,,,67.30999999999999,0.03162277660168649,67.4,0.018500000000000003,0.0933,0.0,0.0,0,0.5,0,53.0,53,0.0,210.0,210,0.0,375.05000000000007,375.05
heavycpumain1_20260916_005128,heavycpumain1_20260916_005128.csv,2026-09-16 00:52:03,2026-09-16 00:52:12,10,Heavy_CPU,100.0,0.0,113.3,113,-0.1111111111111111,,,,,,67.32,0.04216370213558199,67.4,0.0185,0.1006,0.0,0.0,0,0.5,0,53.0,53,0.0,210.0,210,0.0,375.05000000000007,375.05
heavycpumain1_20260916_005128,heavycpumain1_20260916_005128.csv,2026-09-16 00:52:04,2026-09-16 00:52:13,10,Heavy_CPU,100.0,0.0,113.2,113,-0.1111111111111111,,,,,,67.32,0.04216370213558199,67.3,0.0185,0.10149999999999999,0.0,0.0,0,0.5,0,53.0,53,0.0,210.0,210,0.0,375.05000000000007,375.05
heavycpumain1_20260916_005128,heavycpumain1_20260916_005128.csv,2026-09-16 00:52:05,2026-09-16 00:52:14,10,Heavy_CPU,100.0,0.0,113.1,113,0.0,,,,,,67.31999999999998,0.04216370213558199,67.3,0.0126,0.1001,0.0,0.0,0,0.5,0,53.0,53,0.0,210.0,210,0.0,375.05000000000007,375.05
heavycpumain1_20260916_005128,heavycpumain1_20260916_005128.csv,2026-09-16 00:52:06,2026-09-16 00:52:15,10,Heavy_CPU,100.0,0.0,113.1,113,-0.1111111111111111,,,,,,67.31999999999998,0.04216370213558199,67.3,0.0235,0.1378,0.0,0.0,0,0.5,0,53.0,53,0.0,210.0,210,0.0,375.05000000000007,375.05
heavycpumain1_20260916_005128,heavycpumain1_20260916_005128.csv,2026-09-16 00:52:07,2026-09-16 00:52:16,10,Heavy_CPU,100.0,0.0,113.0,113,0.0,,,,,,67.31999999999998,0.04216370213558199,67.3,0.0219,0.1253,0.0,0.0,0,1.9,14,53.0,53,0.0,210.0,210,0.0,375.05000000000007,375.05
heavycpumain1_20260916_005128,heavycpumain1_20260916_005128.csv,2026-09-16 00:52:08,2026-09-16 00:52:17,10,Heavy_CPU,100.0,0.0,113.0,113,0.0,,,,,,67.31999999999998,0.04216370213558199,67.3,0.0172,0.0901,0.0,0.0,0,1.4,0,53.0,53,0.0,210.0,210,0.0,375.05000000000007,375.05
heavycpumain1_20260916_005128,heavycpumain1_20260916_005128.csv,2026-09-16 00:52:09,2026-09-16 00:52:18,10,Heavy_CPU,100.0,0.0,113.1,114,0.1111111111111111,,,,,,67.31999999999998,0.04216370213558199,67.3,0.0172,0.09029999999999999,0.0,0.0,0,1.4,0,53.0,53,0.0,210.0,210,0.0,375.05000000000007,375.05
heavycpumain1_20260916_005128,heavycpumain1_20260916_005128.csv,2026-09-16 00:52:10,2026-09-16 00:52:19,10,Heavy_CPU,100.0,0.0,113.2,114,0.1111111111111111,,,,,,67.31999999999998,0.04216370213558199,67.3,0.0172,0.0871,0.0,0.0,0,4.0,26,53.0,53,0.0,210.0,210,0.0,375.05000000000007,375.05
heavycpumain1_20260916_005128,heavycpumain1_20260916_005128.csv,2026-09-16 00:52:11,2026-09-16 00:52:20,10,Heavy_CPU,100.0,0.0,113.2,113,0.0,,,,,,67.31999999999998,0.04216370213558199,67.3,0.0156,0.06799999999999999,0.0,0.0,0,4.0,0,53.0,53,0.0,210.0,210,0.0,375.05000000000007,375.05
heavycpumain1_20260916_005128,heavycpumain1_20260916_005128.csv,2026-09-16 00:52:12,2026-09-16 00:52:21,10,Heavy_CPU,100.0,0.0,113.3,114,0.1111111111111111,,,,,,67.30999999999999,0.031622776601686484,67.3,0.0125,0.0918,0.0,0.0,0,4.0,0,53.0,53,0.0,210.0,210,0.0,375.05000000000007,375.05
heavycpumain1_20260916_005128,heavycpumain1_20260916_005128.csv,2026-09-16 00:52:13,2026-09-16 00:52:22,10,Heavy_CPU,100.0,0.0,113.4,114,0.1111111111111111,,,,,,67.29999999999998,1.4979556132593925e-14,67.3,0.0125,0.0818,0.0,0.0,0,4.0,0,53.0,53,0.0,210.0,210,0.0,375.05000000000007,375.05
heavycpumain1_20260916_005128,heavycpumain1_20260916_005128.csv,2026-09-16 00:52:14,2026-09-16 00:52:23,10,Heavy_CPU,100.0,0.0,113.4,113,0.0,,,,,,67.29999999999998,1.4979556132593925e-14,67.3,0.0125,0.0809,0.0,0.0,0,4.0,0,53.0,53,0.0,210.0,210,0.0,375.05000000000007,375.05
heavycpumain1_20260916_005128,heavycpumain1_20260916_005128.csv,2026-09-16 00:52:15,2026-09-16 00:52:24,10,Heavy_CPU,100.0,0.0,113.4,113,0.0,,,,,,67.29999999999998,1.4979556132593925e-14,67.3,0.0219,0.10900000000000001,0.0,0.0,0,4.0,0,53.0,53,0.0,210.0,210,0.0,375.05000000000007,375.05
heavycpumain1_20260916_005128,heavycpumain1_20260916_005128.csv,2026-09-16 00:52:16,2026-09-16 00:52:25,10,Heavy_CPU,100.0,0.0,113.4,113,0.0,,,,,,67.29999999999998,1.4979556132593925e-14,67.3,0.0094,0.07160000000000001,0.9,2.8460498941515415,9,4.2,2,53.0,53,0.0,210.0,210,0.0,375.725,381.8
heavycpumain1_20260916_005128,heavycpumain1_20260916_005128.csv,2026-09-16 00:52:17,2026-09-16 00:52:26,10,Heavy_CPU,100.0,0.0,113.4,113,0.0,,,,,,67.29999999999998,1.4979556132593925e-14,67.3,0.0094,0.0719,0.9,2.8460498941515415,0,2.8,0,53.0,53,0.0,210.0,210,0.0,376.40000000000003,381.8
heavycpumain1_20260916_005128,heavycpumain1_20260916_005128.csv,2026-09-16 00:52:18,2026-09-16 00:52:27,10,Heavy_CPU,100.0,0.0,113.4,113,-0.1111111111111111,,,,,,67.29999999999998,1.4979556132593925e-14,67.3,0.0094,0.0865,0.9,2.8460498941515415,0,2.8,0,53.0,53,0.0,210.0,210,0.0,377.07500000000005,381.8
heavycpumain1_20260916_005128,heavycpumain1_20260916_005128.csv,2026-09-16 00:52:19,2026-09-16 00:52:28,10,Heavy_CPU,100.0,0.0,113.3,113,-0.1111111111111111,,,,,,67.28999999999999,0.031622776601681994,67.2,0.0094,0.08660000000000001,0.9,2.8460498941515415,0,2.8,0,53.0,53,0.0,210.0,210,0.0,377.75000000000006,381.8
heavycpumain1_20260916_005128,heavycpumain1_20260916_005128.csv,2026-09-16 00:52:20,2026-09-16 00:52:29,10,Heavy_CPU,100.0,0.0,113.2,113,0.0,,,,,,67.28,0.04216370213557599,67.2,0.0094,0.0869,0.9,2.8460498941515415,0,0.2,0,53.0,53,0.0,210.0,210,0.0,378.42500000000007,381.8
heavycpumain1_20260916_005128,heavycpumain1_20260916_005128.csv,2026-09-16 00:52:21,2026-09-16 00:52:30,10,Heavy_CPU,100.0,0.0,113.2,113,-0.1111111111111111,,,,,,67.27000000000001,0.04830458915396205,67.2,0.0094,0.08700000000000001,0.9,2.8460498941515415,0,0.2,0,53.0,53,0.0,210.0,210,0.0,379.1,381.8
heavycpumain1_20260916_005128,heavycpumain1_20260916_005128.csv,2026-09-16 00:52:22,2026-09-16 00:52:31,10,Heavy_CPU,100.0,0.0,113.1,113,-0.1111111111111111,,,,,,67.27000000000001,0.048304589153962046,67.3,0.0094,0.0838,0.9,2.8460498941515415,0,0.2,0,52.9,52,-0.1111111111111111,210.0,210,0.0,379.77500000000003,381.8
heavycpumain1_20260916_005128,heavycpumain1_20260916_005128.csv,2026-09-16 00:52:23,2026-09-16 00:52:32,10,Heavy_CPU,100.0,0.0,113.0,113,0.0,,,,,,67.26999999999998,0.048304589153962046,67.3,0.0094,0.0959,0.9,2.8460498941515415,0,0.2,0,52.8,52,-0.1111111111111111,210.0,210,0.0,380.45000000000005,381.8
heavycpumain1_20260916_005128,heavycpumain1_20260916_005128.csv,2026-09-16 00:52:24,2026-09-16 00:52:33,10,Heavy_CPU,100.0,0.0,113.0,113,0.0,,,,,,67.26999999999998,0.048304589153962046,67.3,0.0094,0.1135,0.9,2.8460498941515415,0,0.2,0,52.8,53,0.0,210.0,210,0.0,381.12500000000006,381.8
heavycpumain1_20260916_005128,heavycpumain1_20260916_005128.csv,2026-09-16 00:52:25,2026-09-16 00:52:34,10,Heavy_CPU,100.0,0.0,113.0,113,0.0,,,,,,67.27,0.048304589153962046,67.3,0.0,0.0849,0.9,2.8460498941515415,0,0.2,0,52.7,52,-0.1111111111111111,210.0,210,0.0,381.80000000000007,381.8
heavycpumain1_20260916_005128,heavycpumain1_20260916_005128.csv,2026-09-16 00:52:26,2026-09-16 00:52:35,10,Heavy_CPU,100.0,0.0,113.0,113,0.0,,,,,,67.27,0.048304589153962046,67.3,0.0,0.09080000000000002,0.0,0.0,0,0.0,0,52.6,52,-0.1111111111111111,210.0,210,0.0,381.80000000000007,381.8
heavycpumain1_20260916_005128,heavycpumain1_20260916_005128.csv,2026-09-16 00:52:27,2026-09-16 00:52:36,10,Heavy_CPU,100.0,0.0,113.1,114,0.1111111111111111,,,,,,67.25999999999999,0.05163977794942929,67.2,0.0,0.09090000000000001,0.0,0.0,0,0.0,0,52.5,52,-0.1111111111111111,210.0,210,0.0,381.80000000000007,381.8
heavycpumain1_20260916_005128,heavycpumain1_20260916_005128.csv,2026-09-16 00:52:28,2026-09-16 00:52:37,10,Heavy_CPU,100.0,0.0,113.2,114,0.1111111111111111,,,,,,67.25,0.05270462766947,67.2,0.0016,0.09409999999999999,0.0,0.0,0,0.0,0,52.4,52,-0.1111111111111111,210.0,210,0.0,381.80000000000007,381.8
heavycpumain1_20260916_005128,heavycpumain1_20260916_005128.csv,2026-09-16 00:52:29,2026-09-16 00:52:38,10,Heavy_CPU,100.0,0.0,113.2,113,0.0,,,,,,67.25000000000001,0.05270462766947,67.2,0.0016,0.0938,0.0,0.0,0,0.0,0,52.3,52,-0.1111111111111111,210.0,210,0.0,381.80000000000007,381.8
heavycpumain1_20260916_005128,heavycpumain1_20260916_005128.csv,2026-09-16 00:52:30,2026-09-16 00:52:39,10,Heavy_CPU,100.0,0.0,113.3,114,0.1111111111111111,,,,,,67.25000000000001,0.05270462766947,67.2,0.0016,0.0935,0.0,0.0,0,0.0,0,52.2,52,-0.1111111111111111,210.0,210,0.0,381.80000000000007,381.8
heavycpumain1_20260916_005128,heavycpumain1_20260916_005128.csv,2026-09-16 00:52:31,2026-09-16 00:52:40,10,Heavy_CPU,100.0,0.0,113.4,114,0.1111111111111111,,,,,,67.25,0.05270462766947,67.2,0.0047,0.1399,0.0,0.0,0,0.0,0,52.1,52,0.0,210.0,210,0.0,381.80000000000007,381.8
heavycpumain1_20260916_005128,heavycpumain1_20260916_005128.csv,2026-09-16 00:52:32,2026-09-16 00:52:41,10,Heavy_CPU,100.0,0.0,113.5,114,0.1111111111111111,,,,,,67.24000000000001,0.05163977794942929,67.2,0.0047,0.1186,0.0,0.0,0,0.0,0,52.1,52,0.0,210.0,210,0.0,381.80000000000007,381.8
heavycpumain1_20260916_005128,heavycpumain1_20260916_005128.csv,2026-09-16 00:52:33,2026-09-16 00:52:42,10,Heavy_CPU,100.0,0.0,113.6,114,0.1111111111111111,,,,,,67.23000000000002,0.048304589153962046,67.2,0.0047,0.10629999999999999,0.0,0.0,0,0.0,0,52.1,52,-0.1111111111111111,210.0,210,0.0,381.80000000000007,381.8
heavycpumain1_20260916_005128,heavycpumain1_20260916_005128.csv,2026-09-16 00:52:34,2026-09-16 00:52:43,10,Heavy_CPU,100.0,0.0,113.7,114,0.1111111111111111,,,,,,67.22,0.04216370213557599,67.2,0.0047,0.10169999999999998,0.0,0.0,0,0.0,0,52.0,52,0.0,210.0,210,0.0,381.80000000000007,381.8
heavycpumain1_20260916_005128,heavycpumain1_20260916_005128.csv,2026-09-16 00:52:35,2026-09-16 00:52:44,10,Heavy_CPU,100.0,0.0,113.7,113,0.0,,,,,,67.21000000000001,0.031622776601681994,67.2,0.0047,0.08470000000000001,0.0,0.0,0,0.0,0,52.0,52,0.0,210.0,210,0.0,381.80000000000007,381.8
heavycpumain1_20260916_005128,heavycpumain1_20260916_005128.csv,2026-09-16 00:52:36,2026-09-16 00:52:45,10,Heavy_CPU,100.0,0.0,113.7,113,-0.1111111111111111,,,,,,67.20000000000002,1.4979556132593925e-14,67.2,0.0047,0.09309999999999999,0.0,0.0,0,0.0,0,52.0,52,0.0,210.0,210,0.0,381.80000000000007,381.8
heavycpumain1_20260916_005128,heavycpumain1_20260916_005128.csv,2026-09-16 00:52:37,2026-09-16 00:52:46,10,Heavy_CPU,100.0,0.0,113.6,113,-0.1111111111111111,,,,,,67.20000000000002,1.4979556132593925e-14,67.2,0.0047,0.0927,0.0,0.0,0,0.0,0,52.0,52,0.0,210.0,210,0.0,381.80000000000007,381.8
heavycpumain1_20260916_005128,heavycpumain1_20260916_005128.csv,2026-09-16 00:52:38,2026-09-16 00:52:47,10,Heavy_CPU,100.0,0.0,113.6,114,0.1111111111111111,,,,,,67.20000000000002,1.4979556132593925e-14,67.2,0.0031,0.08120000000000001,0.0,0.0,0,0.0,0,52.0,52,0.0,210.0,210,0.0,381.80000000000007,381.8
heavycpumain1_20260916_005128,heavycpumain1_20260916_005128.csv,2026-09-16 00:52:49,2026-09-16 00:52:58,10,Heavy_CPU,100.0,0.0,113.7,114,0.1111111111111111,,,,,,67.13000000000001,0.048304589153968916,67.1,0.0032,0.07250000000000001,0.0,0.0,0,0.0,0,52.0,52,0.0,210.0,210,0.0,381.80000000000007,381.8
heavycpumain1_20260916_005128,heavycpumain1_20260916_005128.csv,2026-09-16 00:52:50,2026-09-16 00:52:59,10,Heavy_CPU,100.0,0.0,113.8,114,0.1111111111111111,,,,,,67.12,0.04216370213558199,67.1,0.0032,0.06989999999999999,0.0,0.0,0,0.0,0,52.0,52,0.0,210.0,210,0.0,381.80000000000007,381.8
heavycpumain1_20260916_005128,heavycpumain1_20260916_005128.csv,2026-09-16 00:52:51,2026-09-16 00:53:00,10,Heavy_CPU,100.0,0.0,113.9,114,0.0,,,,,,67.1,0.04714045207910384,67.0,0.0032,0.06689999999999999,0.0,0.0,0,0.0,0,52.0,52,0.0,210.0,210,0.0,381.80000000000007,381.8
heavycpumain1_20260916_005128,heavycpumain1_20260916_005128.csv,2026-09-16 00:52:52,2026-09-16 00:53:01,10,Heavy_CPU,100.0,0.0,113.9,114,0.1111111111111111,,,,,,67.08,0.04216370213557599,67.0,0.0157,0.10940000000000001,0.0,0.0,0,0.0,0,52.0,52,0.0,210.0,210,0.0,381.80000000000007,381.8
heavycpumain1_20260916_005128,heavycpumain1_20260916_005128.csv,2026-09-16 00:52:53,2026-09-16 00:53:02,10,Heavy_CPU,100.0,0.0,114.0,114,0.0,,,,,,67.07,0.048304589153962046,67.0,0.014100000000000001,0.0961,0.0,0.0,0,0.0,0,52.0,52,0.0,210.0,210,0.0,381.80000000000007,381.8
heavycpumain1_20260916_005128,heavycpumain1_20260916_005128.csv,2026-09-16 00:52:54,2026-09-16 00:53:03,10,Heavy_CPU,100.0,0.0,114.0,114,0.0,,,,,,67.05999999999999,0.05163977794942929,67.0,0.014100000000000001,0.09309999999999999,0.0,0.0,0,0.0,0,52.0,52,0.0,210.0,210,0.0,381.80000000000007,381.8
heavycpumain1_20260916_005128,heavycpumain1_20260916_005128.csv,2026-09-16 00:52:55,2026-09-16 00:53:04,10,Heavy_CPU,100.0,0.0,113.9,113,-0.1111111111111111,,,,,,67.05,0.05270462766947,67.0,0.014100000000000001,0.1006,0.0,0.0,0,0.0,0,52.0,52,0.0,210.0,210,0.0,381.80000000000007,381.8
heavycpumain1_20260916_005128,heavycpumain1_20260916_005128.csv,2026-09-16 00:52:56,2026-09-16 00:53:05,10,Heavy_CPU,100.0,0.0,113.9,114,0.0,,,,,,67.03999999999999,0.05163977794942929,67.0,0.014100000000000001,0.10069999999999998,0.0,0.0,0,0.0,0,52.0,52,0.0,210.0,210,0.0,381.80000000000007,381.8
heavycpumain1_20260916_005128,heavycpumain1_20260916_005128.csv,2026-09-16 00:52:57,2026-09-16 00:53:06,10,Heavy_CPU,100.0,0.0,113.8,113,-0.1111111111111111,,,,,,67.03,0.048304589153962046,67.0,0.014100000000000001,0.1001,0.0,0.0,0,0.0,0,52.0,52,0.0,210.0,210,0.0,381.80000000000007,381.8
heavycpumain1_20260916_005128,heavycpumain1_20260916_005128.csv,2026-09-16 00:52:58,2026-09-16 00:53:07,10,Heavy_CPU,100.0,0.0,113.8,114,0.0,,,,,,67.02000000000001,0.04216370213557599,67.0,0.0125,0.0694,0.0,0.0,0,0.0,0,52.0,52,0.0,210.0,210,0.0,381.80000000000007,381.8
heavycpumain1_20260916_005128,heavycpumain1_20260916_005128.csv,2026-09-16 00:52:59,2026-09-16 00:53:08,10,Heavy_CPU,100.0,0.0,113.8,114,0.0,,,,,,67.01,0.031622776601681994,67.0,0.0125,0.0729,0.0,0.0,0,0.0,0,52.0,52,0.0,210.0,210,0.0,381.80000000000007,381.8
heavycpumain1_20260916_005128,heavycpumain1_20260916_005128.csv,2026-09-16 00:53:00,2026-09-16 00:53:09,10,Heavy_CPU,100.0,0.0,113.8,114,0.0,,,,,,67.0,0.0,67.0,0.0125,0.0843,0.0,0.0,0,0.0,0,52.0,52,0.0,210.0,210,0.0,381.80000000000007,381.8
heavycpumain1_20260916_005128,heavycpumain1_20260916_005128.csv,2026-09-16 00:53:01,2026-09-16 00:53:10,10,Heavy_CPU,100.0,0.0,113.8,114,0.0,,,,,,67.0,0.0,67.0,0.0125,0.10350000000000001,0.0,0.0,0,0.0,0,52.0,52,0.0,210.0,210,0.0,381.80000000000007,381.8
heavycpumain1_20260916_005128,heavycpumain1_20260916_005128.csv,2026-09-16 00:53:02,2026-09-16 00:53:11,10,Heavy_CPU,100.0,0.0,113.7,113,-0.1111111111111111,,,,,,67.0,0.0,67.0,0.0,0.06140000000000001,0.0,0.0,0,0.0,0,52.0,52,0.0,210.0,210,0.0,381.80000000000007,381.8
heavycpumain1_20260916_005128,heavycpumain1_20260916_005128.csv,2026-09-16 00:53:03,2026-09-16 00:53:12,10,Heavy_CPU,100.0,0.0,113.6,113,-0.1111111111111111,,,,,,67.0,0.0,67.0,0.0,0.06180000000000001,0.0,0.0,0,0.0,0,52.0,52,0.0,210.0,210,0.0,381.80000000000007,381.8
heavycpumain1_20260916_005128,heavycpumain1_20260916_005128.csv,2026-09-16 00:53:04,2026-09-16 00:53:13,10,Heavy_CPU,100.0,0.0,113.6,114,0.1111111111111111,,,,,,67.0,0.0,67.0,0.0,0.0615,0.0,0.0,0,0.0,0,52.0,52,0.0,210.0,210,0.0,381.80000000000007,381.8
heavycpumain1_20260916_005128,heavycpumain1_20260916_005128.csv,2026-09-16 00:53:05,2026-09-16 00:53:14,10,Heavy_CPU,100.0,0.0,113.7,114,0.0,,,,,,67.0,0.0,67.0,0.0,0.0843,0.0,0.0,0,0.0,0,52.0,52,0.0,210.0,210,0.0,381.80000000000007,381.8
heavycpumain1_20260916_005128,heavycpumain1_20260916_005128.csv,2026-09-16 00:53:06,2026-09-16 00:53:15,10,Heavy_CPU,100.0,0.0,113.6,113,0.0,,,,,,67.0,0.0,67.0,0.0,0.08530000000000001,0.0,0.0,0,0.0,0,52.0,52,0.0,210.0,210,0.0,381.80000000000007,381.8
heavycpumain1_20260916_005128,heavycpumain1_20260916_005128.csv,2026-09-16 00:53:07,2026-09-16 00:53:16,10,Heavy_CPU,100.0,0.0,113.6,113,-0.1111111111111111,,,,,,67.0,0.0,67.0,0.0125,0.12410000000000002,0.0,0.0,0,0.0,0,52.0,52,0.0,210.0,210,0.0,381.80000000000007,381.8
heavycpumain1_20260916_005128,heavycpumain1_20260916_005128.csv,2026-09-16 00:53:08,2026-09-16 00:53:17,10,Heavy_CPU,100.0,0.0,113.5,113,-0.1111111111111111,,,,,,67.0,0.0,67.0,0.0125,0.1238,0.0,0.0,0,0.7,7,52.0,52,0.0,210.0,210,0.0,381.80000000000007,381.8
heavycpumain1_20260916_005128,heavycpumain1_20260916_005128.csv,2026-09-16 00:53:09,2026-09-16 00:53:18,10,Heavy_CPU,100.0,0.0,113.4,113,-0.1111111111111111,,,,,,67.0,0.0,67.0,0.014100000000000001,0.12469999999999999,0.0,0.0,0,0.7,0,52.0,52,0.0,210.0,210,0.0,381.80000000000007,381.8
heavycpumain1_20260916_005128,heavycpumain1_20260916_005128.csv,2026-09-16 00:53:10,2026-09-16 00:53:19,10,Heavy_CPU,100.0,0.0,113.3,113,-0.1111111111111111,,,,,,67.0,0.0,67.0,0.014100000000000001,0.10569999999999999,0.0,0.0,0,0.7,0,52.0,52,0.0,210.0,210,0.0,381.80000000000007,381.8
heavycpumain1_20260916_005128,heavycpumain1_20260916_005128.csv,2026-09-16 00:53:11,2026-09-16 00:53:20,10,Heavy_CPU,100.0,0.0,113.3,114,0.1111111111111111,,,,,,66.99,0.031622776601681994,66.9,0.014100000000000001,0.10540000000000001,0.0,0.0,0,0.7,0,52.0,52,0.0,210.0,210,0.0,381.80000000000007,381.8
heavycpumain1_20260916_005128,heavycpumain1_20260916_005128.csv,2026-09-16 00:53:12,2026-09-16 00:53:21,10,Heavy_CPU,100.0,0.0,113.3,113,0.0,,,,,,66.97999999999999,0.04216370213557599,66.9,0.014100000000000001,0.13,0.0,0.0,0,0.7,0,52.0,52,0.0,210.0,210,0.0,381.80000000000007,381.8
heavycpumain1_20260916_005128,heavycpumain1_20260916_005128.csv,2026-09-16 00:53:13,2026-09-16 00:53:22,10,Heavy_CPU,100.0,0.0,113.3,113,-0.1111111111111111,,,,,,66.97,0.048304589153962046,66.9,0.246,0.1407,0.0,0.0,0,0.7,0,52.0,52,0.0,210.0,210,0.0,381.80000000000007,381.8
heavycpumain1_20260916_005128,heavycpumain1_20260916_005128.csv,2026-09-16 00:53:14,2026-09-16 00:53:23,10,Heavy_CPU,100.0,0.0,113.2,113,-0.1111111111111111,,,,,,66.96,0.05163977794942929,66.9,0.246,0.14079999999999998,0.0,0.0,0,0.7,0,52.0,52,0.0,210.0,210,0.0,381.80000000000007,381.8
heavycpumain1_20260916_005128,heavycpumain1_20260916_005128.csv,2026-09-16 00:53:15,2026-09-16 00:53:24,10,Heavy_CPU,100.0,0.0,113.1,113,0.0,,,,,,66.95,0.05270462766947,66.9,0.246,0.1001,0.0,0.0,0,0.7,0,52.0,52,0.0,210.0,210,0.0,381.80000000000007,381.8
heavycpumain1_20260916_005128,heavycpumain1_20260916_005128.csv,2026-09-16 00:53:16,2026-09-16 00:53:25,10,Heavy_CPU,100.0,0.0,113.1,113,0.0,,,,,,66.92,0.09189365834726669,66.7,0.246,0.1109,0.0,0.0,0,0.7,0,52.0,52,0.0,210.0,210,0.0,381.80000000000007,381.8
heavycpumain1_20260916_005128,heavycpumain1_20260916_005128.csv,2026-09-16 00:53:17,2026-09-16 00:53:26,10,Heavy_CPU,100.0,0.0,113.1,113,0.0,,,,,,66.89000000000001,0.11005049346146038,66.7,0.23349999999999999,0.0723,0.0,0.0,0,0.7,0,52.0,52,0.0,210.0,210,0.0,381.80000000000007,381.8
heavycpumain1_20260916_005128,heavycpumain1_20260916_005128.csv,2026-09-16 00:53:18,2026-09-16 00:53:27,10,Heavy_CPU,100.0,0.0,113.1,113,0.0,,,,,,66.86000000000001,0.11737877907772651,66.7,0.23349999999999999,0.0725,0.0,0.0,0,0.0,0,52.0,52,0.0,210.0,210,0.0,381.80000000000007,381.8
heavycpumain1_20260916_005128,heavycpumain1_20260916_005128.csv,2026-09-16 00:53:19,2026-09-16 00:53:28,10,Heavy_CPU,100.0,0.0,113.1,113,0.0,,,,,,66.83000000000001,0.11595018087284106,66.7,0.2319,0.06810000000000001,0.0,0.0,0,0.0,0,52.0,52,0.0,210.0,210,0.0,381.80000000000007,381.8
heavycpumain1_20260916_005128,heavycpumain1_20260916_005128.csv,2026-09-16 00:53:20,2026-09-16 00:53:29,10,Heavy_CPU,100.0,0.0,113.1,113,-0.1111111111111111,,,,,,66.80000000000001,0.10540925533894747,66.7,0.2319,0.06820000000000001,0.0,0.0,0,0.0,0,52.0,52,0.0,210.0,210,0.0,381.80000000000007,381.8
heavycpumain1_20260916_005128,heavycpumain1_20260916_005128.csv,2026-09-16 00:53:21,2026-09-16 00:53:30,10,Heavy_CPU,100.0,0.0,113.0,113,0.0,,,,,,66.78000000000002,0.10327955589886592,66.7,0.23349999999999999,0.0862,0.0,0.0,0,0.0,0,52.0,52,0.0,210.0,210,0.0,381.80000000000007,381.8
heavycpumain1_20260916_005128,heavycpumain1_20260916_005128.csv,2026-09-16 00:53:22,2026-09-16 00:53:31,10,Heavy_CPU,100.0,0.0,113.1,114,0.1111111111111111,,,,,,66.76000000000002,0.09660917830793096,66.7,0.23349999999999999,0.061399999999999996,0.0,0.0,0,0.0,0,52.0,52,0.0,210.0,210,0.0,381.80000000000007,381.8
heavycpumain1_20260916_005128,heavycpumain1_20260916_005128.csv,2026-09-16 00:53:23,2026-09-16 00:53:32,10,Heavy_CPU,100.0,0.0,113.2,114,0.1111111111111111,,,,,,66.74000000000001,0.08432740427115798,66.7,0.0016,0.0503,0.0,0.0,0,0.0,0,52.0,52,0.0,210.0,210,0.0,381.80000000000007,381.8
heavycpumain1_20260916_005128,heavycpumain1_20260916_005128.csv,2026-09-16 00:53:24,2026-09-16 00:53:33,10,Heavy_CPU,100.0,0.0,113.3,114,0.1111111111111111,,,,,,66.72,0.06324555320336848,66.7,0.0016,0.0618,0.0,0.0,0,0.0,0,52.0,52,0.0,210.0,210,0.0,381.80000000000007,381.8
heavycpumain1_20260916_005128,heavycpumain1_20260916_005128.csv,2026-09-16 00:53:25,2026-09-16 00:53:34,10,Heavy_CPU,100.0,0.0,113.3,113,0.0,,,,,,66.70000000000002,1.4979556132593925e-14,66.7,0.0016,0.062,0.0,0.0,0,0.0,0,52.0,52,0.0,210.0,210,0.0,381.80000000000007,381.8
heavycpumain1_20260916_005128,heavycpumain1_20260916_005128.csv,2026-09-16 00:53:26,2026-09-16 00:53:35,10,Heavy_CPU,100.0,0.0,113.3,113,0.0,,,,,,66.70000000000002,1.4979556132593925e-14,66.7,0.0016,0.065,0.0,0.0,0,0.0,0,52.0,52,0.0,210.0,210,0.0,381.80000000000007,381.8
heavycpumain1_20260916_005128,heavycpumain1_20260916_005128.csv,2026-09-16 00:53:27,2026-09-16 00:53:36,10,Heavy_CPU,100.0,0.0,113.3,113,0.0,,,,,,66.70000000000002,1.4979556132593925e-14,66.7,0.0016,0.073,0.0,0.0,0,0.0,0,52.0,52,0.0,210.0,210,0.0,381.80000000000007,381.8
heavycpumain1_20260916_005128,heavycpumain1_20260916_005128.csv,2026-09-16 00:53:28,2026-09-16 00:53:37,10,Heavy_CPU,100.0,0.0,113.4,114,0.1111111111111111,,,,,,66.70000000000002,1.4979556132593925e-14,66.7,0.0016,0.0731,0.0,0.0,0,0.0,0,52.0,52,0.0,210.0,210,0.0,381.80000000000007,381.8
heavycpumain1_20260916_005128,heavycpumain1_20260916_005128.csv,2026-09-16 00:53:29,2026-09-16 00:53:38,10,Heavy_CPU,100.0,0.0,113.4,113,0.0,,,,,,66.70000000000002,1.4979556132593925e-14,66.7,0.0016,0.07339999999999999,0.0,0.0,0,0.0,0,52.0,52,0.0,210.0,210,0.0,381.80000000000007,381.8
heavycpumain1_20260916_005128,heavycpumain1_20260916_005128.csv,2026-09-16 00:53:30,2026-09-16 00:53:39,10,Heavy_CPU,100.0,0.0,113.4,113,0.0,,,,,,66.70000000000002,1.4979556132593925e-14,66.7,0.0016,0.0735,0.0,0.0,0,0.0,0,52.0,52,0.0,210.0,210,0.0,381.80000000000007,381.8
heavycpumain1_20260916_005128,heavycpumain1_20260916_005128.csv,2026-09-16 00:53:31,2026-09-16 00:53:40,10,Heavy_CPU,100.0,0.0,113.4,113,-0.1111111111111111,,,,,,66.70000000000002,1.4979556132593925e-14,66.7,0.0,0.055099999999999996,0.0,0.0,0,0.0,0,52.0,52,0.0,210.0,210,0.0,381.80000000000007,381.8
heavycpumain1_20260916_005128,heavycpumain1_20260916_005128.csv,2026-09-16 00:53:32,2026-09-16 00:53:41,10,Heavy_CPU,100.0,0.0,113.3,113,-0.1111111111111111,,,,,,66.70000000000002,1.4979556132593925e-14,66.7,0.0,0.055200000000000006,0.0,0.0,0,0.0,0,52.0,52,0.0,210.0,210,0.0,381.80000000000007,381.8
heavycpumain1_20260916_005128,heavycpumain1_20260916_005128.csv,2026-09-16 00:53:33,2026-09-16 00:53:42,10,Heavy_CPU,100.0,0.0,113.2,113,-0.1111111111111111,,,,,,66.70000000000002,1.4979556132593925e-14,66.7,0.0,0.0556,0.0,0.0,0,0.0,0,52.0,52,0.0,210.0,210,0.0,381.80000000000007,381.8
heavycpumain1_20260916_005128,heavycpumain1_20260916_005128.csv,2026-09-16 00:53:34,2026-09-16 00:53:43,10,Heavy_CPU,100.0,0.0,113.1,113,0.0,,,,,,66.70000000000002,1.4979556132593925e-14,66.7,0.0,0.0449,0.0,0.0,0,0.0,0,52.0,52,0.0,210.0,210,0.0,381.80000000000007,381.8
heavycpumain1_20260916_005128,heavycpumain1_20260916_005128.csv,2026-09-16 00:53:35,2026-09-16 00:53:44,10,Heavy_CPU,100.0,0.0,113.1,113,0.0,,,,,,66.70000000000002,1.4979556132593925e-14,66.7,0.0,0.0708,0.0,0.0,0,0.0,0,52.0,52,0.0,210.0,210,0.0,381.80000000000007,381.8
heavycpumain1_20260916_005128,heavycpumain1_20260916_005128.csv,2026-09-16 00:53:36,2026-09-16 00:53:45,10,Heavy_CPU,100.0,0.0,113.1,113,0.0,,,,,,66.70000000000002,1.4979556132593925e-14,66.7,0.0125,0.08680000000000002,0.0,0.0,0,0.0,0,52.0,52,0.0,210.0,210,0.0,381.80000000000007,381.8
heavycpumain1_20260916_005128,heavycpumain1_20260916_005128.csv,2026-09-16 00:53:37,2026-09-16 00:53:46,10,Heavy_CPU,100.0,0.0,113.2,114,0.0,,,,,,66.70000000000002,1.4979556132593925e-14,66.7,0.0125,0.10390000000000002,0.0,0.0,0,0.0,0,52.0,52,0.0,210.0,210,0.0,381.80000000000007,381.8
heavycpumain1_20260916_005128,heavycpumain1_20260916_005128.csv,2026-09-16 00:53:38,2026-09-16 00:53:47,10,Heavy_CPU,100.0,0.0,113.1,113,0.0,,,,,,66.70000000000002,1.4979556132593925e-14,66.7,0.0125,0.1036,0.0,0.0,0,0.0,0,52.0,52,0.0,210.0,210,0.0,381.80000000000007,381.8
heavycpumain1_20260916_005128,heavycpumain1_20260916_005128.csv,2026-09-16 00:53:39,2026-09-16 00:53:48,10,Heavy_CPU,100.0,0.0,113.1,113,0.0,,,,,,66.70000000000002,1.4979556132593925e-14,66.7,0.0125,0.10350000000000001,0.0,0.0,0,0.0,0,52.0,52,0.0,210.0,210,0.0,381.80000000000007,381.8
heavycpumain1_20260916_005128,heavycpumain1_20260916_005128.csv,2026-09-16 00:53:40,2026-09-16 00:53:49,10,Heavy_CPU,100.0,0.0,113.1,113,0.0,,,,,,66.70000000000002,1.4979556132593925e-14,66.7,0.8045,0.1325,0.0,0.0,0,0.0,0,52.0,52,0.0,210.0,210,0.0,381.80000000000007,381.8
heavycpumain1_20260916_005128,heavycpumain1_20260916_005128.csv,2026-09-16 00:53:41,2026-09-16 00:53:50,10,Heavy_CPU,100.0,0.0,113.1,113,0.0,,,,,,66.70000000000002,1.4979556132593925e-14,66.7,0.8045,0.1271,0.0,0.0,0,0.0,0,52.0,52,0.0,210.0,210,0.0,381.80000000000007,381.8
heavycpumain1_20260916_005128,heavycpumain1_20260916_005128.csv,2026-09-16 00:53:42,2026-09-16 00:53:51,10,Heavy_CPU,100.0,0.0,113.1,113,0.0,,,,,,66.69000000000001,0.03162277660168649,66.6,0.8045,0.12679999999999997,0.0,0.0,0,0.0,0,52.0,52,0.0,210.0,210,0.0,381.80000000000007,381.8
heavycpumain1_20260916_005128,heavycpumain1_20260916_005128.csv,2026-09-16 00:53:43,2026-09-16 00:53:52,10,Heavy_CPU,100.0,0.0,113.1,113,0.0,,,,,,66.68,0.04216370213558199,66.6,0.8045,0.1265,0.0,0.0,0,0.0,0,52.0,52,0.0,210.0,210,0.0,381.80000000000007,381.8
heavycpumain1_20260916_005128,heavycpumain1_20260916_005128.csv,2026-09-16 00:53:44,2026-09-16 00:53:53,10,Heavy_CPU,100.0,0.0,113.2,114,0.1111111111111111,,,,,,66.67,0.048304589153968916,66.6,0.8061,0.14359999999999998,0.0,0.0,0,0.0,0,52.0,52,0.0,210.0,210,0.0,381.80000000000007,381.8
heavycpumain1_20260916_005128,heavycpumain1_20260916_005128.csv,2026-09-16 00:53:45,2026-09-16 00:53:54,10,Heavy_CPU,100.0,0.0,113.3,114,0.1111111111111111,,,,,,66.66000000000001,0.05163977794943663,66.6,0.8061,0.11749999999999998,0.0,0.0,0,0.0,0,52.0,52,0.0,210.0,210,0.0,381.80000000000007,381.8
heavycpumain1_20260916_005128,heavycpumain1_20260916_005128.csv,2026-09-16 00:53:46,2026-09-16 00:53:55,10,Heavy_CPU,100.0,0.0,113.4,114,0.0,,,,,,66.65,0.052704627669477484,66.6,0.7936,0.0969,0.0,0.0,0,0.0,0,52.0,52,0.0,210.0,210,0.0,381.80000000000007,381.8
heavycpumain1_20260916_005128,heavycpumain1_20260916_005128.csv,2026-09-16 00:53:47,2026-09-16 00:53:56,10,Heavy_CPU,100.0,0.0,113.3,113,0.0,,,,,,66.64000000000001,0.05163977794943663,66.6,0.7938,0.0895,0.0,0.0,0,0.0,0,52.0,52,0.0,210.0,210,0.0,381.80000000000007,381.8
heavycpumain1_20260916_005128,heavycpumain1_20260916_005128.csv,2026-09-16 00:53:48,2026-09-16 00:53:57,10,Heavy_CPU,100.0,0.0,113.3,113,0.0,,,,,,66.63000000000001,0.048304589153968916,66.6,0.7938,0.0896,0.0,0.0,0,0.0,0,52.0,52,0.0,210.0,210,0.0,381.80000000000007,381.8
heavycpumain1_20260916_005128,heavycpumain1_20260916_005128.csv,2026-09-16 00:53:49,2026-09-16 00:53:58,10,Heavy_CPU,100.0,0.0,113.3,113,0.0,,,,,,66.62,0.04216370213558199,66.6,0.7938,0.0895,0.0,0.0,0,0.0,0,52.0,52,0.0,210.0,210,0.0,381.80000000000007,381.8
heavycpumain1_20260916_005128,heavycpumain1_20260916_005128.csv,2026-09-16 00:53:50,2026-09-16 00:53:59,10,Heavy_CPU,100.0,0.0,113.3,113,0.0,,,,,,66.61,0.031622776601686484,66.6,0.0018000000000000002,0.0602,0.0,0.0,0,0.0,0,52.0,52,0.0,210.0,210,0.0,381.80000000000007,381.8
heavycpumain1_20260916_005128,heavycpumain1_20260916_005128.csv,2026-09-16 00:53:51,2026-09-16 00:54:00,10,Heavy_CPU,100.0,0.0,113.3,113,0.0,,,,,,66.6,0.0,66.6,0.0018000000000000002,0.06459999999999999,0.0,0.0,0,0.0,0,52.0,52,0.0,210.0,210,0.0,381.80000000000007,381.8
heavycpumain1_20260916_005128,heavycpumain1_20260916_005128.csv,2026-09-16 00:53:52,2026-09-16 00:54:01,10,Heavy_CPU,100.0,0.0,113.3,113,0.0,,,,,,66.6,0.0,66.6,0.0018000000000000002,0.0648,0.0,0.0,0,0.0,0,52.0,52,0.0,210.0,210,0.0,381.80000000000007,381.8
heavycpumain1_20260916_005128,heavycpumain1_20260916_005128.csv,2026-09-16 00:53:53,2026-09-16 00:54:02,10,Heavy_CPU,100.0,0.0,113.3,113,-0.1111111111111111,,,,,,66.6,0.0,66.6,0.0018000000000000002,0.06470000000000001,0.0,0.0,0,0.0,0,52.0,52,0.0,210.0,210,0.0,381.80000000000007,381.8
heavycpumain1_20260916_005128,heavycpumain1_20260916_005128.csv,2026-09-16 00:53:54,2026-09-16 00:54:03,10,Heavy_CPU,100.0,0.0,113.2,113,-0.1111111111111111,,,,,,66.6,0.0,66.6,0.0346,0.1546,0.0,0.0,0,0.0,0,52.0,52,0.0,210.0,210,0.0,381.80000000000007,381.8
heavycpumain1_20260916_005128,heavycpumain1_20260916_005128.csv,2026-09-16 00:53:55,2026-09-16 00:54:04,10,Heavy_CPU,100.0,0.0,113.1,113,-0.1111111111111111,,,,,,66.61,0.03162277660168649,66.7,0.0346,0.15599999999999997,0.0,0.0,0,4.3,43,52.0,52,0.0,210.0,210,0.0,381.80000000000007,381.8
heavycpumain1_20260916_005128,heavycpumain1_20260916_005128.csv,2026-09-16 00:53:56,2026-09-16 00:54:05,10,Heavy_CPU,100.0,0.0,113.0,113,0.0,,,,,,66.62,0.04216370213558199,66.7,0.0346,0.1586,0.0,0.0,0,4.3,0,52.0,52,0.0,210.0,210,0.0,381.80000000000007,381.8
heavycpumain1_20260916_005128,heavycpumain1_20260916_005128.csv,2026-09-16 00:53:57,2026-09-16 00:54:06,10,Heavy_CPU,100.0,0.0,113.0,113,0.0,,,,,,66.63000000000001,0.04830458915396891,66.7,0.0344,0.1407,0.0,0.0,0,4.3,0,52.0,52,0.0,210.0,210,0.0,381.80000000000007,381.8
heavycpumain1_20260916_005128,heavycpumain1_20260916_005128.csv,2026-09-16 00:53:58,2026-09-16 00:54:07,10,Heavy_CPU,100.0,0.0,113.0,113,0.0,,,,,,66.64000000000001,0.05163977794943662,66.7,0.0344,0.1408,0.0,0.0,0,5.3,10,52.0,52,0.0,210.0,210,0.0,381.80000000000007,381.8
heavycpumain1_20260916_005128,heavycpumain1_20260916_005128.csv,2026-09-16 00:53:59,2026-09-16 00:54:08,10,Heavy_CPU,100.0,0.0,113.0,113,0.0,,,,,,66.65,0.052704627669477484,66.7,0.0344,0.14099999999999996,0.0,0.0,0,5.3,0,52.0,52,0.0,210.0,210,0.0,381.80000000000007,381.8
heavycpumain1_20260916_005128,heavycpumain1_20260916_005128.csv,2026-09-16 00:54:00,2026-09-16 00:54:09,10,Heavy_CPU,100.0,0.0,113.0,113,0.0,,,,,,66.67,0.067494855771058,66.8,0.0344,0.1416,0.0,0.0,0,5.3,0,52.0,52,0.0,210.0,210,0.0,381.80000000000007,381.8
heavycpumain1_20260916_005128,heavycpumain1_20260916_005128.csv,2026-09-16 00:54:01,2026-09-16 00:54:10,10,Heavy_CPU,100.0,0.0,113.0,113,0.0,,,,,,66.68999999999998,0.07378647873726377,66.8,0.0344,0.12379999999999998,0.0,0.0,0,5.3,0,52.0,52,0.0,210.0,210,0.0,381.80000000000007,381.8
heavycpumain1_20260916_005128,heavycpumain1_20260916_005128.csv,2026-09-16 00:54:02,2026-09-16 00:54:11,10,Heavy_CPU,100.0,0.0,113.0,113,0.0,,,,,,66.71,0.0737864787372627,66.8,0.0344,0.1454,0.0,0.0,0,5.3,0,52.0,52,0.0,210.0,210,0.0,381.80000000000007,381.8
heavycpumain1_20260916_005128,heavycpumain1_20260916_005128.csv,2026-09-16 00:54:03,2026-09-16 00:54:12,10,Heavy_CPU,100.0,0.0,113.0,113,0.0,,,,,,66.72999999999999,0.06749485577105449,66.8,0.0344,0.14569999999999997,0.0,0.0,0,5.3,0,52.0,52,0.0,210.0,210,0.0,381.80000000000007,381.8
heavycpumain1_20260916_005128,heavycpumain1_20260916_005128.csv,2026-09-16 00:54:04,2026-09-16 00:54:13,10,Heavy_CPU,100.0,0.0,113.0,113,0.0,,,,,,66.75,0.05270462766947,66.8,0.0,0.0381,0.0,0.0,0,5.8,5,52.0,52,0.0,210.0,210,0.0,381.80000000000007,381.8
heavycpumain1_20260916_005128,heavycpumain1_20260916_005128.csv,2026-09-16 00:54:05,2026-09-16 00:54:14,10,Heavy_CPU,100.0,0.0,113.0,113,0.0,,,,,,66.75999999999999,0.05163977794942929,66.8,0.0,0.0366,0.0,0.0,0,1.5,0,52.0,52,0.0,210.0,210,0.0,381.80000000000007,381.8
heavycpumain1_20260916_005128,heavycpumain1_20260916_005128.csv,2026-09-16 00:54:06,2026-09-16 00:54:15,10,Heavy_CPU,100.0,0.0,113.0,113,0.0,,,,,,66.76999999999998,0.048304589153962046,66.8,0.0125,0.08549999999999999,0.0,0.0,0,1.5,0,52.0,52,0.0,210.0,210,0.0,381.80000000000007,381.8
heavycpumain1_20260916_005128,heavycpumain1_20260916_005128.csv,2026-09-16 00:54:07,2026-09-16 00:54:16,10,Heavy_CPU,100.0,0.0,113.0,113,0.0,,,,,,66.78,0.04216370213557599,66.8,0.0125,0.091,0.0,0.0,0,1.5,0,52.0,52,0.0,210.0,210,0.0,381.80000000000007,381.8
heavycpumain1_20260916_005128,heavycpumain1_20260916_005128.csv,2026-09-16 00:54:08,2026-09-16 00:54:17,10,Heavy_CPU,100.0,0.0,113.0,113,0.0,,,,,,66.78999999999999,0.031622776601681994,66.8,0.0125,0.0912,0.0,0.0,0,0.5,0,52.0,52,0.0,210.0,210,0.0,381.80000000000007,381.8
heavycpumain1_20260916_005128,heavycpumain1_20260916_005128.csv,2026-09-16 00:54:09,2026-09-16 00:54:18,10,Heavy_CPU,100.0,0.0,113.0,113,0.0,,,,,,66.79999999999998,1.4979556132593925e-14,66.8,0.0125,0.09090000000000001,0.0,0.0,0,0.5,0,52.0,52,0.0,210.0,210,0.0,381.80000000000007,381.8
heavycpumain1_20260916_005128,heavycpumain1_20260916_005128.csv,2026-09-16 00:54:10,2026-09-16 00:54:19,10,Heavy_CPU,100.0,0.0,113.0,113,0.0,,,,,,66.79999999999998,1.4979556132593925e-14,66.8,0.0125,0.11240000000000001,0.0,0.0,0,0.5,0,52.0,52,0.0,210.0,210,0.0,381.80000000000007,381.8
heavycpumain1_20260916_005128,heavycpumain1_20260916_005128.csv,2026-09-16 00:54:11,2026-09-16 00:54:20,10,Heavy_CPU,100.0,0.0,113.1,114,0.1111111111111111,,,,,,66.79999999999998,1.4979556132593925e-14,66.8,0.0125,0.11280000000000001,0.0,0.0,0,0.5,0,52.0,52,0.0,210.0,210,0.0,381.80000000000007,381.8
heavycpumain1_20260916_005128,heavycpumain1_20260916_005128.csv,2026-09-16 00:54:12,2026-09-16 00:54:21,10,Heavy_CPU,100.0,0.0,113.2,114,0.1111111111111111,,,,,,66.79999999999998,1.4979556132593925e-14,66.8,0.0125,0.1008,0.0,0.0,0,0.5,0,52.0,52,0.0,210.0,210,0.0,381.80000000000007,381.8
heavycpumain1_20260916_005128,heavycpumain1_20260916_005128.csv,2026-09-16 00:54:13,2026-09-16 00:54:22,10,Heavy_CPU,100.0,0.0,113.3,114,0.1111111111111111,,,,,,66.79999999999998,1.4979556132593925e-14,66.8,0.0125,0.1005,0.0,0.0,0,0.5,0,52.0,52,0.0,210.0,210,0.0,381.80000000000007,381.8
heavycpumain1_20260916_005128,heavycpumain1_20260916_005128.csv,2026-09-16 00:54:14,2026-09-16 00:54:23,10,Heavy_CPU,100.0,0.0,113.4,114,0.1111111111111111,,,,,,66.79999999999998,1.4979556132593925e-14,66.8,0.0125,0.1002,0.0,0.0,0,0.0,0,52.0,52,0.0,210.0,210,0.0,381.80000000000007,381.8
heavycpumain1_20260916_005128,heavycpumain1_20260916_005128.csv,2026-09-16 00:54:15,2026-09-16 00:54:24,10,Heavy_CPU,100.0,0.0,113.5,114,0.1111111111111111,,,,,,66.79999999999998,1.4979556132593925e-14,66.8,0.0125,0.11510000000000001,0.0,0.0,0,0.0,0,52.0,52,0.0,210.0,210,0.0,381.80000000000007,381.8
heavycpumain1_20260916_005128,heavycpumain1_20260916_005128.csv,2026-09-16 00:54:16,2026-09-16 00:54:25,10,Heavy_CPU,100.0,0.0,113.6,114,0.1111111111111111,,,,,,66.79999999999998,1.4979556132593925e-14,66.8,0.0,0.0531,0.0,0.0,0,0.0,0,52.0,52,0.0,210.0,210,0.0,381.80000000000007,381.8
heavycpumain1_20260916_005128,heavycpumain1_20260916_005128.csv,2026-09-16 00:54:17,2026-09-16 00:54:26,10,Heavy_CPU,100.0,0.0,113.7,114,0.1111111111111111,,,,,,66.79999999999998,1.4979556132593925e-14,66.8,0.0,0.0477,0.0,0.0,0,0.0,0,52.0,52,0.0,210.0,210,0.0,381.80000000000007,381.8
heavycpumain1_20260916_005128,heavycpumain1_20260916_005128.csv,2026-09-16 00:54:18,2026-09-16 00:54:27,10,Heavy_CPU,100.0,0.0,113.8,114,0.1111111111111111,,,,,,66.79999999999998,1.4979556132593925e-14,66.8,0.0,0.05639999999999999,0.0,0.0,0,0.0,0,52.0,52,0.0,210.0,210,0.0,381.80000000000007,381.8
heavycpumain1_20260916_005128,heavycpumain1_20260916_005128.csv,2026-09-16 00:54:19,2026-09-16 00:54:28,10,Heavy_CPU,100.0,0.0,113.9,114,0.1111111111111111,,,,,,66.79999999999998,1.4979556132593925e-14,66.8,0.0,0.056499999999999995,0.0,0.0,0,0.0,0,52.0,52,0.0,210.0,210,0.0,381.80000000000007,381.8
heavycpumain1_20260916_005128,heavycpumain1_20260916_005128.csv,2026-09-16 00:54:20,2026-09-16 00:54:29,10,Heavy_CPU,100.0,0.0,114.0,114,0.0,,,,,,66.79999999999998,1.4979556132593925e-14,66.8,0.0,0.0344,0.0,0.0,0,0.0,0,52.0,52,0.0,210.0,210,0.0,381.80000000000007,381.8
heavycpumain1_20260916_005128,heavycpumain1_20260916_005128.csv,2026-09-16 00:54:21,2026-09-16 00:54:30,10,Heavy_CPU,100.0,0.0,114.0,114,0.0,,,,,,66.79999999999998,1.4979556132593925e-14,66.8,0.0125,0.07239999999999999,0.0,0.0,0,0.0,0,52.0,52,0.0,210.0,210,0.0,381.80000000000007,381.8
heavycpumain1_20260916_005128,heavycpumain1_20260916_005128.csv,2026-09-16 00:54:22,2026-09-16 00:54:31,10,Heavy_CPU,100.0,0.0,114.0,114,0.0,,,,,,66.79999999999998,1.4979556132593925e-14,66.8,0.0125,0.0663,0.0,0.0,0,0.0,0,52.0,52,0.0,210.0,210,0.0,381.80000000000007,381.8
heavycpumain1_20260916_005128,heavycpumain1_20260916_005128.csv,2026-09-16 00:54:23,2026-09-16 00:54:32,10,Heavy_CPU,100.0,0.0,114.0,114,0.0,,,,,,66.79999999999998,1.4979556132593925e-14,66.8,0.0125,0.0758,0.0,0.0,0,0.0,0,52.0,52,0.0,210.0,210,0.0,381.80000000000007,381.8
heavycpumain1_20260916_005128,heavycpumain1_20260916_005128.csv,2026-09-16 00:54:24,2026-09-16 00:54:33,10,Heavy_CPU,100.0,0.0,114.0,114,0.0,,,,,,66.79999999999998,1.4979556132593925e-14,66.8,0.0125,0.0758,0.0,0.0,0,0.0,0,52.0,52,0.0,210.0,210,0.0,381.80000000000007,381.8
heavycpumain1_20260916_005128,heavycpumain1_20260916_005128.csv,2026-09-16 00:54:25,2026-09-16 00:54:34,10,Heavy_CPU,100.0,0.0,114.0,114,0.0,,,,,,66.79999999999998,1.4979556132593925e-14,66.8,0.0125,0.0849,0.0,0.0,0,0.0,0,52.0,52,0.0,210.0,210,0.0,381.80000000000007,381.8
heavycpumain1_20260916_005128,heavycpumain1_20260916_005128.csv,2026-09-16 00:54:26,2026-09-16 00:54:35,10,Heavy_CPU,100.0,0.0,114.0,114,0.0,,,,,,66.79999999999998,1.4979556132593925e-14,66.8,0.0125,0.11379999999999998,0.0,0.0,0,0.0,0,52.0,52,0.0,210.0,210,0.0,381.80000000000007,381.8
heavycpumain1_20260916_005128,heavycpumain1_20260916_005128.csv,2026-09-16 00:54:27,2026-09-16 00:54:36,10,Heavy_CPU,100.0,0.0,114.0,114,0.0,,,,,,66.79999999999998,1.4979556132593925e-14,66.8,0.0125,0.1137,0.0,0.0,0,0.0,0,52.0,52,0.0,210.0,210,0.0,381.80000000000007,381.8
heavycpumain1_20260916_005128,heavycpumain1_20260916_005128.csv,2026-09-16 00:54:28,2026-09-16 00:54:37,10,Heavy_CPU,100.0,0.0,114.0,114,0.0,,,,,,66.79999999999998,1.4979556132593925e-14,66.8,0.0125,0.1122,0.0,0.0,0,0.0,0,52.0,52,0.0,210.0,210,0.0,381.80000000000007,381.8
heavycpumain1_20260916_005128,heavycpumain1_20260916_005128.csv,2026-09-16 00:54:29,2026-09-16 00:54:38,10,Heavy_CPU,100.0,0.0,114.0,114,0.0,,,,,,66.79999999999998,1.4979556132593925e-14,66.8,0.0125,0.1123,0.0,0.0,0,0.0,0,52.0,52,0.0,210.0,210,0.0,381.80000000000007,381.8
heavycpumain1_20260916_005128,heavycpumain1_20260916_005128.csv,2026-09-16 00:54:30,2026-09-16 00:54:39,10,Heavy_CPU,100.0,0.0,114.0,114,0.0,,,,,,66.79999999999998,1.4979556132593925e-14,66.8,0.0125,0.1125,0.0,0.0,0,0.0,0,52.0,52,0.0,210.0,210,0.0,381.80000000000007,381.8
heavycpumain1_20260916_005128,heavycpumain1_20260916_005128.csv,2026-09-16 00:54:31,2026-09-16 00:54:40,10,Heavy_CPU,100.0,0.0,114.0,114,0.0,,,,,,66.79999999999998,1.4979556132593925e-14,66.8,0.0,0.0803,0.0,0.0,0,0.0,0,52.0,52,0.0,210.0,210,0.0,381.80000000000007,381.8
heavycpumain1_20260916_005128,heavycpumain1_20260916_005128.csv,2026-09-16 00:54:32,2026-09-16 00:54:41,10,Heavy_CPU,100.0,0.0,114.0,114,0.0,,,,,,66.79999999999998,1.4979556132593925e-14,66.8,0.0,0.07679999999999998,0.0,0.0,0,0.0,0,52.0,52,0.0,210.0,210,0.0,381.80000000000007,381.8
heavycpumain1_20260916_005128,heavycpumain1_20260916_005128.csv,2026-09-16 00:54:33,2026-09-16 00:54:42,10,Heavy_CPU,100.0,0.0,114.0,114,0.0,,,,,,66.79999999999998,1.4979556132593925e-14,66.8,0.0,0.086,0.0,0.0,0,0.0,0,52.0,52,0.0,210.0,210,0.0,381.80000000000007,381.8
heavycpumain1_20260916_005128,heavycpumain1_20260916_005128.csv,2026-09-16 00:54:34,2026-09-16 00:54:43,10,Heavy_CPU,100.0,0.0,114.0,114,0.0,,,,,,66.79999999999998,1.4979556132593925e-14,66.8,0.0,0.09639999999999999,0.0,0.0,0,0.0,0,52.0,52,0.0,210.0,210,0.0,381.80000000000007,381.8
heavycpumain1_20260916_005128,heavycpumain1_20260916_005128.csv,2026-09-16 00:54:35,2026-09-16 00:54:44,10,Heavy_CPU,100.0,0.0,114.0,114,0.0,,,,,,66.79999999999998,1.4979556132593925e-14,66.8,0.0,0.08099999999999999,0.0,0.0,0,0.0,0,52.0,52,0.0,210.0,210,0.0,381.80000000000007,381.8
heavycpumain1_20260916_005128,heavycpumain1_20260916_005128.csv,2026-09-16 00:54:36,2026-09-16 00:54:45,10,Heavy_CPU,100.0,0.0,114.0,114,0.0,,,,,,66.79999999999998,1.4979556132593925e-14,66.8,0.0125,0.09630000000000001,0.0,0.0,0,0.0,0,52.0,52,0.0,210.0,210,0.0,381.80000000000007,381.8
heavycpumain1_20260916_005128,heavycpumain1_20260916_005128.csv,2026-09-16 00:54:37,2026-09-16 00:54:46,10,Heavy_CPU,100.0,0.0,114.0,114,0.0,,,,,,66.79999999999998,1.4979556132593925e-14,66.8,0.0125,0.09690000000000001,0.0,0.0,0,0.0,0,52.0,52,0.0,210.0,210,0.0,381.80000000000007,381.8
heavycpumain1_20260916_005128,heavycpumain1_20260916_005128.csv,2026-09-16 00:54:38,2026-09-16 00:54:47,10,Heavy_CPU,100.0,0.0,114.0,114,0.0,,,,,,66.79999999999998,1.4979556132593925e-14,66.8,0.0125,0.0967,0.0,0.0,0,0.0,0,52.0,52,0.0,210.0,210,0.0,381.80000000000007,381.8
heavycpumain1_20260916_005128,heavycpumain1_20260916_005128.csv,2026-09-16 00:54:39,2026-09-16 00:54:48,10,Heavy_CPU,100.0,0.0,114.0,114,0.0,,,,,,66.79999999999998,1.4979556132593925e-14,66.8,0.0125,0.0965,0.0,0.0,0,0.0,0,52.0,52,0.0,210.0,210,0.0,381.80000000000007,381.8
heavycpumain1_20260916_005128,heavycpumain1_20260916_005128.csv,2026-09-16 00:54:40,2026-09-16 00:54:49,10,Heavy_CPU,100.0,0.0,114.0,114,0.0,,,,,,66.79999999999998,1.4979556132593925e-14,66.8,0.0125,0.1002,0.0,0.0,0,0.0,0,52.0,52,0.0,210.0,210,0.0,381.80000000000007,381.8
heavycpumain1_20260916_005128,heavycpumain1_20260916_005128.csv,2026-09-16 00:54:41,2026-09-16 00:54:50,10,Heavy_CPU,100.0,0.0,114.0,114,0.0,,,,,,66.80999999999999,0.03162277660168649,66.9,0.014100000000000001,0.12290000000000001,0.0,0.0,0,0.0,0,52.0,52,0.0,210.0,210,0.0,381.80000000000007,381.8
heavycpumain1_20260916_005128,heavycpumain1_20260916_005128.csv,2026-09-16 00:54:42,2026-09-16 00:54:51,10,Heavy_CPU,100.0,0.0,114.0,114,0.0,,,,,,66.82,0.04216370213558199,66.9,0.014100000000000001,0.12739999999999999,0.0,0.0,0,0.0,0,52.0,52,0.0,210.0,210,0.0,381.80000000000007,381.8
heavycpumain1_20260916_005128,heavycpumain1_20260916_005128.csv,2026-09-16 00:54:43,2026-09-16 00:54:52,10,Heavy_CPU,100.0,0.0,114.0,114,0.0,,,,,,66.83,0.048304589153968916,66.9,0.014100000000000001,0.1285,0.0,0.0,0,0.0,0,52.0,52,0.0,210.0,210,0.0,381.80000000000007,381.8
heavycpumain1_20260916_005128,heavycpumain1_20260916_005128.csv,2026-09-16 00:54:44,2026-09-16 00:54:53,10,Heavy_CPU,100.0,0.0,114.0,114,0.0,,,,,,66.83999999999999,0.05163977794943663,66.9,0.014100000000000001,0.11949999999999998,0.0,0.0,0,0.0,0,52.0,52,0.0,210.0,210,0.0,381.80000000000007,381.8
heavycpumain1_20260916_005128,heavycpumain1_20260916_005128.csv,2026-09-16 00:54:45,2026-09-16 00:54:54,10,Heavy_CPU,100.0,0.0,114.0,114,0.0,,,,,,66.85,0.052704627669477484,66.9,0.020700000000000003,0.1379,0.0,0.0,0,0.0,0,52.0,52,0.0,210.0,210,0.0,381.80000000000007,381.8
heavycpumain1_20260916_005128,heavycpumain1_20260916_005128.csv,2026-09-16 00:54:46,2026-09-16 00:54:55,10,Heavy_CPU,100.0,0.0,114.0,114,0.0,,,,,,66.85999999999999,0.05163977794943663,66.9,0.0082,0.0937,0.0,0.0,0,0.0,0,52.0,52,0.0,210.0,210,0.0,381.80000000000007,381.8
heavycpumain1_20260916_005128,heavycpumain1_20260916_005128.csv,2026-09-16 00:54:47,2026-09-16 00:54:56,10,Heavy_CPU,100.0,0.0,114.0,114,0.0,,,,,,66.86999999999999,0.048304589153968916,66.9,0.0082,0.10700000000000001,0.0,0.0,0,0.4,4,52.0,52,0.0,210.0,210,0.0,381.80000000000007,381.8
heavycpumain1_20260916_005128,heavycpumain1_20260916_005128.csv,2026-09-16 00:54:48,2026-09-16 00:54:57,10,Heavy_CPU,100.0,0.0,113.9,113,-0.1111111111111111,,,,,,66.88,0.04216370213558199,66.9,0.0082,0.0998,0.0,0.0,0,0.4,0,52.0,52,0.0,210.0,210,0.0,381.80000000000007,381.8
heavycpumain1_20260916_005128,heavycpumain1_20260916_005128.csv,2026-09-16 00:54:49,2026-09-16 00:54:58,10,Heavy_CPU,100.0,0.0,113.8,113,-0.1111111111111111,,,,,,66.89,0.031622776601686484,66.9,0.0082,0.0998,0.0,0.0,0,0.4,0,52.0,52,0.0,210.0,210,0.0,381.80000000000007,381.8
heavycpumain1_20260916_005128,heavycpumain1_20260916_005128.csv,2026-09-16 00:54:50,2026-09-16 00:54:59,10,Heavy_CPU,100.0,0.0,113.7,113,-0.1111111111111111,,,,,,66.9,0.0,66.9,0.0082,0.09590000000000001,0.0,0.0,0,0.4,0,52.0,52,0.0,210.0,210,0.0,381.80000000000007,381.8
heavycpumain1_20260916_005128,heavycpumain1_20260916_005128.csv,2026-09-16 00:54:51,2026-09-16 00:55:00,10,Heavy_CPU,100.0,0.0,113.6,113,-0.1111111111111111,,,,,,66.9,0.0,66.9,0.0066,0.0671,0.0,0.0,0,0.4,0,52.0,52,0.0,210.0,210,0.0,381.80000000000007,381.8
heavycpumain1_20260916_005128,heavycpumain1_20260916_005128.csv,2026-09-16 00:54:52,2026-09-16 00:55:01,10,Heavy_CPU,100.0,0.0,113.5,113,-0.1111111111111111,,,,,,66.9,0.0,66.9,0.0066,0.07930000000000001,0.0,0.0,0,0.4,0,52.0,52,0.0,210.0,210,0.0,381.80000000000007,381.8
heavycpumain1_20260916_005128,heavycpumain1_20260916_005128.csv,2026-09-16 00:54:53,2026-09-16 00:55:02,10,Heavy_CPU,100.0,0.0,113.4,113,-0.1111111111111111,,,,,,66.9,0.0,66.9,0.0066,0.06190000000000001,0.0,0.0,0,0.4,0,52.0,52,0.0,210.0,210,0.0,381.80000000000007,381.8
heavycpumain1_20260916_005128,heavycpumain1_20260916_005128.csv,2026-09-16 00:54:54,2026-09-16 00:55:03,10,Heavy_CPU,100.0,0.0,113.4,114,0.0,,,,,,66.91,0.031622776601681994,67.0,0.0066,0.06050000000000001,0.0,0.0,0,0.4,0,52.0,52,0.0,210.0,210,0.0,381.80000000000007,381.8
heavycpumain1_20260916_005128,heavycpumain1_20260916_005128.csv,2026-09-16 00:54:55,2026-09-16 00:55:04,10,Heavy_CPU,100.0,0.0,113.3,113,-0.1111111111111111,,,,,,66.92,0.04216370213557599,67.0,0.0035000000000000005,0.0349,0.0,0.0,0,0.4,0,52.0,52,0.0,210.0,210,0.0,381.80000000000007,381.8
heavycpumain1_20260916_005128,heavycpumain1_20260916_005128.csv,2026-09-16 00:54:56,2026-09-16 00:55:05,10,Heavy_CPU,100.0,0.0,113.2,113,-0.1111111111111111,,,,,,66.93,0.048304589153962046,67.0,0.0083,0.0948,0.0,0.0,0,0.4,0,52.0,52,0.0,210.0,210,0.0,381.80000000000007,381.8
heavycpumain1_20260916_005128,heavycpumain1_20260916_005128.csv,2026-09-16 00:54:57,2026-09-16 00:55:06,10,Heavy_CPU,100.0,0.0,113.1,113,0.0,,,,,,66.94000000000001,0.05163977794942929,67.0,0.0083,0.0914,0.0,0.0,0,0.0,0,52.0,52,0.0,210.0,210,0.0,381.80000000000007,381.8
heavycpumain1_20260916_005128,heavycpumain1_20260916_005128.csv,2026-09-16 00:54:58,2026-09-16 00:55:07,10,Heavy_CPU,100.0,0.0,113.1,113,0.0,,,,,,66.95,0.05270462766947,67.0,0.013000000000000001,0.1052,0.0,0.0,0,0.0,0,52.0,52,0.0,210.0,210,0.0,381.80000000000007,381.8
heavycpumain1_20260916_005128,heavycpumain1_20260916_005128.csv,2026-09-16 00:54:59,2026-09-16 00:55:08,10,Heavy_CPU,100.0,0.0,113.1,113,0.0,,,,,,66.96000000000001,0.05163977794942929,67.0,0.025500000000000002,0.15360000000000001,0.0,0.0,0,0.0,0,52.0,52,0.0,210.0,210,0.0,381.80000000000007,381.8
heavycpumain1_20260916_005128,heavycpumain1_20260916_005128.csv,2026-09-16 00:55:00,2026-09-16 00:55:09,10,Heavy_CPU,100.0,0.0,113.1,113,0.0,,,,,,66.97,0.048304589153962046,67.0,0.025500000000000002,0.1538,0.0,0.0,0,0.0,0,52.0,52,0.0,210.0,210,0.0,381.80000000000007,381.8
heavycpumain1_20260916_005128,heavycpumain1_20260916_005128.csv,2026-09-16 00:55:01,2026-09-16 00:55:10,10,Heavy_CPU,100.0,0.0,113.1,113,0.0,,,,,,66.97999999999999,0.04216370213557599,67.0,0.025500000000000002,0.1537,0.0,0.0,0,0.0,0,52.0,52,0.0,210.0,210,0.0,381.80000000000007,381.8
heavycpumain1_20260916_005128,heavycpumain1_20260916_005128.csv,2026-09-16 00:55:02,2026-09-16 00:55:11,10,Heavy_CPU,100.0,0.0,113.1,113,0.0,,,,,,67.0,0.04714045207910049,67.1,0.025500000000000002,0.1581,0.0,0.0,0,0.0,0,52.0,52,0.0,210.0,210,0.0,381.80000000000007,381.8
heavycpumain1_20260916_005128,heavycpumain1_20260916_005128.csv,2026-09-16 00:55:03,2026-09-16 00:55:12,10,Heavy_CPU,100.0,0.0,113.2,114,0.0,,,,,,67.02000000000001,0.04216370213557599,67.1,0.025500000000000002,0.15589999999999998,0.0,0.0,0,0.0,0,52.0,52,0.0,210.0,210,0.0,381.80000000000007,381.8
heavycpumain1_20260916_005128,heavycpumain1_20260916_005128.csv,2026-09-16 00:55:04,2026-09-16 00:55:13,10,Heavy_CPU,100.0,0.0,113.1,113,0.0,,,,,,67.03,0.048304589153962046,67.1,0.025500000000000002,0.1621,0.0,0.0,0,0.0,0,52.0,52,0.0,210.0,210,0.0,381.80000000000007,381.8
heavycpumain1_20260916_005128,heavycpumain1_20260916_005128.csv,2026-09-16 00:55:05,2026-09-16 00:55:14,10,Heavy_CPU,100.0,0.0,113.1,113,0.0,,,,,,67.04,0.05163977794942929,67.1,0.022,0.1607,0.0,0.0,0,0.0,0,52.0,52,0.0,210.0,210,0.0,381.80000000000007,381.8
heavycpumain1_20260916_005128,heavycpumain1_20260916_005128.csv,2026-09-16 00:55:06,2026-09-16 00:55:15,10,Heavy_CPU,100.0,0.0,113.2,114,0.1111111111111111,,,,,,67.05,0.05270462766947,67.1,0.029699999999999997,0.1276,0.0,0.0,0,0.0,0,52.0,52,0.0,210.0,210,0.0,381.80000000000007,381.8
heavycpumain1_20260916_005128,heavycpumain1_20260916_005128.csv,2026-09-16 00:55:07,2026-09-16 00:55:16,10,Heavy_CPU,100.0,0.0,113.3,114,0.1111111111111111,,,,,,67.03999999999999,0.06992058987800613,66.9,0.029699999999999997,0.1397,0.0,0.0,0,0.0,0,52.0,52,0.0,210.0,210,0.0,381.42500000000007,378.05
heavycpumain1_20260916_005128,heavycpumain1_20260916_005128.csv,2026-09-16 00:55:08,2026-09-16 00:55:17,10,Heavy_CPU,100.0,0.0,113.3,113,0.0,,,,,,67.03,0.08232726023485178,66.9,0.025,0.1265,0.0,0.0,0,0.0,0,52.0,52,0.0,210.0,210,0.0,381.05000000000007,378.05
heavycpumain1_20260916_005128,heavycpumain1_20260916_005128.csv,2026-09-16 00:55:09,2026-09-16 00:55:18,10,Heavy_CPU,100.0,0.0,113.3,113,0.0,,,,,,67.02,0.09189365834726292,66.9,0.0125,0.0781,0.0,0.0,0,0.0,0,52.0,52,0.0,210.0,210,0.0,380.67500000000007,378.05
heavycpumain1_20260916_005128,heavycpumain1_20260916_005128.csv,2026-09-16 00:55:10,2026-09-16 00:55:19,10,Heavy_CPU,100.0,0.0,113.3,113,0.0,,,,,,67.00999999999999,0.09944289260116967,66.9,0.0125,0.07980000000000001,0.0,0.0,0,0.0,0,52.0,52,0.0,210.0,210,0.0,380.30000000000007,378.05
heavycpumain1_20260916_005128,heavycpumain1_20260916_005128.csv,2026-09-16 00:55:11,2026-09-16 00:55:20,10,Heavy_CPU,100.0,0.0,113.3,113,0.0,,,,,,67.0,0.10540925533894,66.9,0.0125,0.1102,0.0,0.0,0,0.0,0,52.0,52,0.0,210.0,210,0.0,379.92500000000007,378.05
heavycpumain1_20260916_005128,heavycpumain1_20260916_005128.csv,2026-09-16 00:55:12,2026-09-16 00:55:21,10,Heavy_CPU,100.0,0.0,113.3,113,-0.1111111111111111,,,,,,66.97999999999999,0.10327955589885858,66.9,0.0125,0.0963,0.0,0.0,0,0.0,0,52.0,52,0.0,210.0,210,0.0,379.55000000000007,378.05
heavycpumain1_20260916_005128,heavycpumain1_20260916_005128.csv,2026-09-16 00:55:13,2026-09-16 00:55:22,10,Heavy_CPU,100.0,0.0,113.2,113,0.0,,,,,,66.96,0.09660917830792409,66.9,0.0125,0.09609999999999999,0.0,0.0,0,0.0,0,52.0,52,0.0,210.0,210,0.0,379.17500000000007,378.05
heavycpumain1_20260916_005128,heavycpumain1_20260916_005128.csv,2026-09-16 00:55:14,2026-09-16 00:55:23,10,Heavy_CPU,100.0,0.0,113.2,113,0.0,,,,,,66.94,0.08432740427115198,66.9,0.0125,0.0902,0.0,0.0,0,0.0,0,52.0,52,0.0,210.0,210,0.0,378.80000000000007,378.05
heavycpumain1_20260916_005128,heavycpumain1_20260916_005128.csv,2026-09-16 00:55:15,2026-09-16 00:55:24,10,Heavy_CPU,100.0,0.0,113.2,113,-0.1111111111111111,,,,,,66.92,0.06324555320336399,66.9,0.0125,0.1123,0.0,0.0,0,0.0,0,52.0,52,0.0,210.0,210,0.0,378.42500000000007,378.05
heavycpumain1_20260916_005128,heavycpumain1_20260916_005128.csv,2026-09-16 00:55:16,2026-09-16 00:55:25,10,Heavy_CPU,100.0,0.0,113.1,113,-0.1111111111111111,,,,,,66.9,0.0,66.9,0.0,0.08549999999999999,0.0,0.0,0,0.0,0,52.0,52,0.0,210.0,210,0.0,378.05000000000007,378.05
heavycpumain1_20260916_005128,heavycpumain1_20260916_005128.csv,2026-09-16 00:55:17,2026-09-16 00:55:26,10,Heavy_CPU,100.0,0.0,113.0,113,0.0,,,,,,66.89,0.03162277660168649,66.8,0.0,0.07680000000000001,0.0,0.0,0,0.0,0,52.0,52,0.0,210.0,210,0.0,378.05000000000007,378.05
heavycpumain1_20260916_005128,heavycpumain1_20260916_005128.csv,2026-09-16 00:55:18,2026-09-16 00:55:27,10,Heavy_CPU,100.0,0.0,113.0,113,0.0,,,,,,66.88,0.04216370213558199,66.8,0.0,0.0764,0.0,0.0,0,0.0,0,52.0,52,0.0,210.0,210,0.0,378.05000000000007,378.05
heavycpumain1_20260916_005128,heavycpumain1_20260916_005128.csv,2026-09-16 00:55:19,2026-09-16 00:55:28,10,Heavy_CPU,100.0,0.0,113.0,113,0.0,,,,,,66.86999999999999,0.04830458915396891,66.8,0.0,0.07680000000000001,0.0,0.0,0,0.0,0,52.0,52,0.0,210.0,210,0.0,378.05000000000007,378.05
heavycpumain1_20260916_005128,heavycpumain1_20260916_005128.csv,2026-09-16 00:55:20,2026-09-16 00:55:29,10,Heavy_CPU,100.0,0.0,113.0,113,0.0,,,,,,66.85999999999999,0.05163977794943662,66.8,0.0,0.0749,0.0,0.0,0,0.0,0,52.0,52,0.0,210.0,210,0.0,378.05000000000007,378.05
heavycpumain1_20260916_005128,heavycpumain1_20260916_005128.csv,2026-09-16 00:55:21,2026-09-16 00:55:30,10,Heavy_CPU,100.0,0.0,113.0,113,0.0,,,,,,66.85,0.052704627669477484,66.8,0.0,0.0449,0.0,0.0,0,0.0,0,52.0,52,0.0,210.0,210,0.0,378.05000000000007,378.05
heavycpumain1_20260916_005128,heavycpumain1_20260916_005128.csv,2026-09-16 00:55:22,2026-09-16 00:55:31,10,Heavy_CPU,100.0,0.0,113.0,113,0.0,,,,,,66.83999999999999,0.051639777949436624,66.8,0.0,0.0375,0.0,0.0,0,0.0,0,52.0,52,0.0,210.0,210,0.0,378.05000000000007,378.05
heavycpumain1_20260916_005128,heavycpumain1_20260916_005128.csv,2026-09-16 00:55:23,2026-09-16 00:55:32,10,Heavy_CPU,100.0,0.0,113.0,113,0.0,,,,,,66.83,0.04830458915396891,66.8,0.0,0.0571,0.0,0.0,0,0.0,0,52.0,52,0.0,210.0,210,0.0,378.05000000000007,378.05
heavycpumain1_20260916_005128,heavycpumain1_20260916_005128.csv,2026-09-16 00:55:24,2026-09-16 00:55:33,10,Heavy_CPU,100.0,0.0,113.0,113,0.0,,,,,,66.82999999999998,0.048304589153968916,66.9,0.0,0.06970000000000001,0.0,0.0,0,0.0,0,52.0,52,0.0,210.0,210,0.0,378.05000000000007,378.05
heavycpumain1_20260916_005128,heavycpumain1_20260916_005128.csv,2026-09-16 00:55:25,2026-09-16 00:55:34,10,Heavy_CPU,100.0,0.0,113.0,113,0.0,,,,,,66.83,0.048304589153968916,66.9,0.0,0.047700000000000006,0.0,0.0,0,0.0,0,52.0,52,0.0,210.0,210,0.0,378.05000000000007,378.05
heavycpumain1_20260916_005128,heavycpumain1_20260916_005128.csv,2026-09-16 00:55:26,2026-09-16 00:55:35,10,Heavy_CPU,100.0,0.0,113.0,113,0.0,,,,,,66.83,0.048304589153968916,66.9,0.0,0.0623,0.0,0.0,0,0.0,0,52.0,52,0.0,210.0,210,0.0,378.05000000000007,378.05
heavycpumain1_20260916_005128,heavycpumain1_20260916_005128.csv,2026-09-16 00:55:27,2026-09-16 00:55:36,10,Heavy_CPU,100.0,0.0,113.0,113,0.0,,,,,,66.83999999999999,0.05163977794943663,66.9,0.0,0.0485,0.0,0.0,0,0.0,0,52.0,52,0.0,210.0,210,0.0,378.05000000000007,378.05
heavycpumain1_20260916_005128,heavycpumain1_20260916_005128.csv,2026-09-16 00:55:28,2026-09-16 00:55:37,10,Heavy_CPU,100.0,0.0,113.0,113,0.0,,,,,,66.85,0.052704627669477484,66.9,0.0,0.0481,0.0,0.0,0,0.0,0,52.0,52,0.0,210.0,210,0.0,378.05000000000007,378.05
heavycpumain1_20260916_005128,heavycpumain1_20260916_005128.csv,2026-09-16 00:55:29,2026-09-16 00:55:38,10,Heavy_CPU,100.0,0.0,113.0,113,0.0,,,,,,66.85999999999999,0.05163977794943663,66.9,0.0,0.065,0.0,0.0,0,0.0,0,52.0,52,0.0,210.0,210,0.0,378.05000000000007,378.05
heavycpumain1_20260916_005128,heavycpumain1_20260916_005128.csv,2026-09-16 00:55:30,2026-09-16 00:55:39,10,Heavy_CPU,100.0,0.0,113.0,113,0.0,,,,,,66.86999999999999,0.048304589153968916,66.9,0.0,0.06509999999999999,0.0,0.0,0,0.0,0,52.0,52,0.0,210.0,210,0.0,378.05000000000007,378.05
heavycpumain1_20260916_005128,heavycpumain1_20260916_005128.csv,2026-09-16 00:55:31,2026-09-16 00:55:40,10,Heavy_CPU,100.0,0.0,113.0,113,0.0,,,,,,66.88,0.04216370213558199,66.9,0.0,0.0894,0.0,0.0,0,0.0,0,52.0,52,0.0,210.0,210,0.0,378.05000000000007,378.05
heavycpumain1_20260916_005128,heavycpumain1_20260916_005128.csv,2026-09-16 00:55:32,2026-09-16 00:55:41,10,Heavy_CPU,100.0,0.0,113.0,113,0.0,,,,,,66.89,0.031622776601686484,66.9,0.0016,0.10030000000000001,0.0,0.0,0,0.0,0,52.0,52,0.0,210.0,210,0.0,378.05000000000007,378.05
heavycpumain1_20260916_005128,heavycpumain1_20260916_005128.csv,2026-09-16 00:55:33,2026-09-16 00:55:42,10,Heavy_CPU,100.0,0.0,113.0,113,0.0,,,,,,66.91,0.031622776601681994,67.0,0.0063,0.1477,0.0,0.0,0,0.0,0,52.0,52,0.0,210.0,210,0.0,378.05000000000007,378.05
heavycpumain1_20260916_005128,heavycpumain1_20260916_005128.csv,2026-09-16 00:55:34,2026-09-16 00:55:43,10,Heavy_CPU,100.0,0.0,113.0,113,0.0,,,,,,66.91,0.031622776601681994,66.9,0.0063,0.1427,0.0,0.0,0,0.0,0,52.0,52,0.0,210.0,210,0.0,378.05000000000007,378.05
heavycpumain1_20260916_005128,heavycpumain1_20260916_005128.csv,2026-09-16 00:55:35,2026-09-16 00:55:44,10,Heavy_CPU,100.0,0.0,113.0,113,0.0,,,,,,66.91,0.03162277660168199,66.9,0.0063,0.1496,0.0,0.0,0,0.0,0,52.0,52,0.0,210.0,210,0.0,378.05000000000007,378.05
heavycpumain1_20260916_005128,heavycpumain1_20260916_005128.csv,2026-09-16 00:55:36,2026-09-16 00:55:45,10,Heavy_CPU,100.0,0.0,113.0,113,0.0,,,,,,66.92,0.04216370213557599,67.0,0.011,0.153,0.0,0.0,0,0.0,0,52.0,52,0.0,210.0,210,0.0,378.05000000000007,378.05
heavycpumain1_20260916_005128,heavycpumain1_20260916_005128.csv,2026-09-16 00:55:37,2026-09-16 00:55:46,10,Heavy_CPU,100.0,0.0,113.0,113,0.0,,,,,,66.93,0.048304589153962046,67.0,0.011,0.15309999999999999,0.0,0.0,0,0.0,0,52.0,52,0.0,210.0,210,0.0,378.05000000000007,378.05
heavycpumain1_20260916_005128,heavycpumain1_20260916_005128.csv,2026-09-16 00:55:38,2026-09-16 00:55:47,10,Heavy_CPU,100.0,0.0,113.0,113,0.0,,,,,,66.94000000000001,0.05163977794942929,67.0,0.011,0.1533,0.0,0.0,0,0.0,0,52.0,52,0.0,210.0,210,0.0,377.63700000000006,373.92
heavycpumain1_20260916_005128,heavycpumain1_20260916_005128.csv,2026-09-16 00:55:39,2026-09-16 00:55:48,10,Heavy_CPU,100.0,0.0,113.0,113,0.0,,,,,,66.95,0.05270462766947,67.0,0.011,0.14650000000000002,0.0,0.0,0,0.0,0,52.0,52,0.0,210.0,210,0.0,377.22400000000005,373.92
heavycpumain1_20260916_005128,heavycpumain1_20260916_005128.csv,2026-09-16 00:55:40,2026-09-16 00:55:49,10,Heavy_CPU,100.0,0.0,113.0,113,0.0,,,,,,66.96000000000001,0.05163977794942929,67.0,0.011,0.1466,0.0,0.0,0,0.0,0,52.0,52,0.0,210.0,210,0.0,376.81100000000004,373.92
heavycpumain1_20260916_005128,heavycpumain1_20260916_005128.csv,2026-09-16 00:55:41,2026-09-16 00:55:50,10,Heavy_CPU,100.0,0.0,113.0,113,0.0,,,,,,66.97,0.048304589153962046,67.0,0.011,0.1222,0.0,0.0,0,0.0,0,52.0,52,0.0,210.0,210,0.0,376.398,373.92
heavycpumain1_20260916_005128,heavycpumain1_20260916_005128.csv,2026-09-16 00:55:42,2026-09-16 00:55:51,10,Heavy_CPU,100.0,0.0,113.0,113,0.0,,,,,,66.97999999999999,0.04216370213557599,67.0,0.0094,0.11199999999999999,0.0,0.0,0,0.0,0,52.0,52,0.0,210.0,210,0.0,375.985,373.92
heavycpumain1_20260916_005128,heavycpumain1_20260916_005128.csv,2026-09-16 00:55:43,2026-09-16 00:55:52,10,Heavy_CPU,100.0,0.0,113.0,113,0.0,,,,,,66.97999999999999,0.04216370213557599,67.0,0.0047,0.045,0.0,0.0,0,0.0,0,52.0,52,0.0,210.0,210,0.0,375.572,373.92
heavycpumain1_20260916_005128,heavycpumain1_20260916_005128.csv,2026-09-16 00:55:44,2026-09-16 00:55:53,10,Heavy_CPU,100.0,0.0,113.0,113,0.0,,,,,,66.99,0.031622776601681994,67.0,0.0047,0.05689999999999999,0.0,0.0,0,0.0,0,52.0,52,0.0,210.0,210,0.0,375.159,373.92
heavycpumain1_20260916_005128,heavycpumain1_20260916_005128.csv,2026-09-16 00:55:45,2026-09-16 00:55:54,10,Heavy_CPU,100.0,0.0,113.0,113,0.0,,,,,,67.0,0.0,67.0,0.0047,0.0514,0.0,0.0,0,0.0,0,52.0,52,0.0,210.0,210,0.0,374.746,373.92
heavycpumain1_20260916_005128,heavycpumain1_20260916_005128.csv,2026-09-16 00:55:46,2026-09-16 00:55:55,10,Heavy_CPU,100.0,0.0,113.0,113,0.0,,,,,,67.0,0.0,67.0,0.0,0.0517,0.0,0.0,0,0.0,0,52.0,52,0.0,210.0,210,0.0,374.33299999999997,373.92
heavycpumain1_20260916_005128,heavycpumain1_20260916_005128.csv,2026-09-16 00:55:47,2026-09-16 00:55:56,10,Heavy_CPU,100.0,0.0,113.0,113,0.0,,,,,,67.0,0.0,67.0,0.0,0.051500000000000004,0.0,0.0,0,0.0,0,52.0,52,0.0,210.0,210,0.0,373.92,373.92
heavycpumain1_20260916_005128,heavycpumain1_20260916_005128.csv,2026-09-16 00:55:48,2026-09-16 00:55:57,10,Heavy_CPU,100.0,0.0,113.0,113,0.0,,,,,,67.0,0.0,67.0,0.0,0.0906,0.0,0.0,0,0.0,0,52.0,52,0.0,210.0,210,0.0,373.92,373.92
heavycpumain1_20260916_005128,heavycpumain1_20260916_005128.csv,2026-09-16 00:55:49,2026-09-16 00:55:58,10,Heavy_CPU,100.0,0.0,113.0,113,0.0,,,,,,67.0,0.0,67.0,0.0,0.09290000000000001,0.0,0.0,0,0.0,0,52.0,52,0.0,210.0,210,0.0,373.92,373.92
heavycpumain1_20260916_005128,heavycpumain1_20260916_005128.csv,2026-09-16 00:55:50,2026-09-16 00:55:59,10,Heavy_CPU,100.0,0.0,113.0,113,0.0,,,,,,67.0,0.0,67.0,0.0,0.1021,0.0,0.0,0,0.0,0,52.0,52,0.0,210.0,210,0.0,373.92,373.92
heavycpumain1_20260916_005128,heavycpumain1_20260916_005128.csv,2026-09-16 00:55:51,2026-09-16 00:56:00,10,Heavy_CPU,100.0,0.0,113.0,113,0.0,,,,,,67.0,0.0,67.0,0.0,0.1022,0.0,0.0,0,0.0,0,52.0,52,0.0,210.0,210,0.0,373.92,373.92
heavycpumain1_20260916_005128,heavycpumain1_20260916_005128.csv,2026-09-16 00:55:52,2026-09-16 00:56:01,10,Heavy_CPU,100.0,0.0,113.0,113,0.0,,,,,,67.0,0.0,67.0,0.0,0.10190000000000002,0.0,0.0,0,0.0,0,52.0,52,0.0,210.0,210,0.0,373.92,373.92
heavycpumain1_20260916_005128,heavycpumain1_20260916_005128.csv,2026-09-16 00:55:53,2026-09-16 00:56:02,10,Heavy_CPU,100.0,0.0,113.0,113,0.0,,,,,,67.0,0.0,67.0,0.0,0.10250000000000001,0.0,0.0,0,0.0,0,52.0,52,0.0,210.0,210,0.0,373.92,373.92
heavycpumain1_20260916_005128,heavycpumain1_20260916_005128.csv,2026-09-16 00:55:54,2026-09-16 00:56:03,10,Heavy_CPU,100.0,0.0,113.0,113,0.0,,,,,,67.0,0.0,67.0,0.0,0.0827,0.0,0.0,0,3.3,33,52.0,52,0.0,210.0,210,0.0,373.92,373.92
heavycpumain1_20260916_005128,heavycpumain1_20260916_005128.csv,2026-09-16 00:55:55,2026-09-16 00:56:04,10,Heavy_CPU,100.0,0.0,113.0,113,0.0,,,,,,67.0,0.0,67.0,0.0,0.0988,0.0,0.0,0,3.3,0,52.0,52,0.0,210.0,210,0.0,373.92,373.92
heavycpumain1_20260916_005128,heavycpumain1_20260916_005128.csv,2026-09-16 00:55:56,2026-09-16 00:56:05,10,Heavy_CPU,100.0,0.0,113.0,113,0.0,,,,,,67.0,0.0,67.0,0.0,0.093,0.0,0.0,0,3.3,0,52.0,52,0.0,210.0,210,0.0,373.92,373.92
heavycpumain1_20260916_005128,heavycpumain1_20260916_005128.csv,2026-09-16 00:55:57,2026-09-16 00:56:06,10,Heavy_CPU,100.0,0.0,113.0,113,0.0,,,,,,67.0,0.0,67.0,0.0,0.093,0.0,0.0,0,3.3,0,52.0,52,0.0,210.0,210,0.0,373.92,373.92
heavycpumain1_20260916_005128,heavycpumain1_20260916_005128.csv,2026-09-16 00:55:58,2026-09-16 00:56:07,10,Heavy_CPU,100.0,0.0,113.0,113,0.0,,,,,,67.0,0.0,67.0,0.0,0.053700000000000005,0.0,0.0,0,3.3,0,52.0,52,0.0,210.0,210,0.0,373.92,373.92
heavycpumain1_20260916_005128,heavycpumain1_20260916_005128.csv,2026-09-16 00:55:59,2026-09-16 00:56:08,10,Heavy_CPU,100.0,0.0,113.0,113,0.0,,,,,,67.0,0.0,67.0,0.0,0.040999999999999995,0.0,0.0,0,3.3,0,52.0,52,0.0,210.0,210,0.0,373.92,373.92
heavycpumain1_20260916_005128,heavycpumain1_20260916_005128.csv,2026-09-16 00:56:00,2026-09-16 00:56:09,10,Heavy_CPU,100.0,0.0,113.0,113,0.0,,,,,,67.0,0.0,67.0,0.0,0.0626,0.0,0.0,0,3.3,0,52.0,52,0.0,210.0,210,0.0,373.92,373.92
heavycpumain1_20260916_005128,heavycpumain1_20260916_005128.csv,2026-09-16 00:56:01,2026-09-16 00:56:10,10,Heavy_CPU,100.0,0.0,113.0,113,0.0,,,,,,67.02000000000001,0.06324555320336848,67.2,0.0,0.0623,0.0,0.0,0,3.3,0,52.0,52,0.0,210.0,210,0.0,373.92,373.92
heavycpumain1_20260916_005128,heavycpumain1_20260916_005128.csv,2026-09-16 00:56:02,2026-09-16 00:56:11,10,Heavy_CPU,100.0,0.0,113.0,113,0.0,,,,,,67.04,0.08432740427115798,67.2,0.0,0.0619,0.0,0.0,0,3.3,0,52.0,52,0.0,210.0,210,0.0,373.92,373.92
heavycpumain1_20260916_005128,heavycpumain1_20260916_005128.csv,2026-09-16 00:56:03,2026-09-16 00:56:12,10,Heavy_CPU,100.0,0.0,113.0,113,0.0,,,,,,67.09,0.1663329993316624,67.5,0.0,0.0618,0.0,0.0,0,3.3,0,52.0,52,0.0,210.0,210,0.0,373.92,373.92
heavycpumain1_20260916_005128,heavycpumain1_20260916_005128.csv,2026-09-16 00:56:04,2026-09-16 00:56:13,10,Heavy_CPU,100.0,0.0,113.0,113,0.0,,,,,,67.14,0.2065591117977291,67.5,0.0016,0.0871,0.0,0.0,0,0.3,3,52.0,52,0.0,210.0,210,0.0,373.92,373.92
heavycpumain1_20260916_005128,heavycpumain1_20260916_005128.csv,2026-09-16 00:56:05,2026-09-16 00:56:14,10,Heavy_CPU,100.0,0.0,113.0,113,0.0,,,,,,67.19,0.22827858224351913,67.5,0.0016,0.0884,0.0,0.0,0,0.3,0,52.0,52,0.0,210.0,210,0.0,373.92,373.92
heavycpumain1_20260916_005128,heavycpumain1_20260916_005128.csv,2026-09-16 00:56:06,2026-09-16 00:56:15,10,Heavy_CPU,100.0,0.0,113.0,113,0.0,,,,,,67.22999999999999,0.2263232692902398,67.4,0.014100000000000001,0.11300000000000002,0.0,0.0,0,0.3,0,52.0,52,0.0,210.0,210,0.0,373.92,373.92
heavycpumain1_20260916_005128,heavycpumain1_20260916_005128.csv,2026-09-16 00:56:07,2026-09-16 00:56:16,10,Heavy_CPU,100.0,0.0,113.0,113,0.0,,,,,,67.27,0.21628170930011167,67.4,0.014100000000000001,0.1132,0.0,0.0,0,0.3,0,52.0,52,0.0,210.0,210,0.0,373.92,373.92
heavycpumain1_20260916_005128,heavycpumain1_20260916_005128.csv,2026-09-16 00:56:08,2026-09-16 00:56:17,10,Heavy_CPU,100.0,0.0,113.0,113,0.0,,,,,,67.30999999999999,0.19692073983655958,67.4,0.014100000000000001,0.12280000000000002,0.0,0.0,0,0.3,0,52.0,52,0.0,210.0,210,0.0,373.92,373.92
heavycpumain1_20260916_005128,heavycpumain1_20260916_005128.csv,2026-09-16 00:56:09,2026-09-16 00:56:18,10,Heavy_CPU,100.0,0.0,113.0,113,0.0,,,,,,67.35,0.16499158227686128,67.4,0.014100000000000001,0.1227,0.0,0.0,0,0.5,2,52.0,52,0.0,210.0,210,0.0,373.92,373.92
heavycpumain1_20260916_005128,heavycpumain1_20260916_005128.csv,2026-09-16 00:56:10,2026-09-16 00:56:19,10,Heavy_CPU,100.0,0.0,113.0,113,0.0,,,,,,67.39,0.11005049346146038,67.4,0.014100000000000001,0.09190000000000001,0.0,0.0,0,0.5,0,52.0,52,0.0,210.0,210,0.0,373.92,373.92
heavycpumain1_20260916_005128,heavycpumain1_20260916_005128.csv,2026-09-16 00:56:11,2026-09-16 00:56:20,10,Heavy_CPU,100.0,0.0,113.0,113,0.0,,,,,,67.39999999999999,0.094280904158206,67.3,0.014100000000000001,0.1045,0.0,0.0,0,0.5,0,52.0,52,0.0,210.0,210,0.0,373.92,373.92
heavycpumain1_20260916_005128,heavycpumain1_20260916_005128.csv,2026-09-16 00:56:12,2026-09-16 00:56:21,10,Heavy_CPU,100.0,0.0,113.0,113,0.0,,,,,,67.4,0.094280904158206,67.2,0.014100000000000001,0.10469999999999999,0.0,0.0,0,0.5,0,52.0,52,0.0,210.0,210,0.0,373.92,373.92
heavycpumain1_20260916_005128,heavycpumain1_20260916_005128.csv,2026-09-16 00:56:13,2026-09-16 00:56:22,10,Heavy_CPU,100.0,0.0,112.9,112,-0.1111111111111111,,,,,,67.37,0.1059349905471381,67.2,0.014100000000000001,0.1042,0.0,0.0,0,0.5,0,52.0,52,0.0,210.0,210,0.0,373.92,373.92
heavycpumain1_20260916_005128,heavycpumain1_20260916_005128.csv,2026-09-16 00:56:14,2026-09-16 00:56:23,10,Heavy_CPU,100.0,0.0,112.8,112,-0.1111111111111111,,,,,,67.34,0.10749676997731464,67.2,0.0125,0.0799,0.0,0.0,0,0.2,0,52.0,52,0.0,210.0,210,0.0,373.92,373.92
heavycpumain1_20260916_005128,heavycpumain1_20260916_005128.csv,2026-09-16 00:56:15,2026-09-16 00:56:24,10,Heavy_CPU,100.0,0.0,112.8,113,0.0,,,,,,67.31000000000002,0.09944289260117681,67.2,0.0156,0.0844,0.0,0.0,0,0.2,0,52.0,52,0.0,210.0,210,0.0,373.92,373.92
heavycpumain1_20260916_005128,heavycpumain1_20260916_005128.csv,2026-09-16 00:56:16,2026-09-16 00:56:25,10,Heavy_CPU,100.0,0.0,112.7,112,-0.1111111111111111,,,,,,67.29,0.09944289260117666,67.2,0.0031,0.053500000000000006,0.0,0.0,0,0.2,0,52.0,52,0.0,210.0,210,0.0,373.92,373.92
heavycpumain1_20260916_005128,heavycpumain1_20260916_005128.csv,2026-09-16 00:56:17,2026-09-16 00:56:26,10,Heavy_CPU,100.0,0.0,112.6,112,-0.1111111111111111,,,,,,67.27000000000001,0.09486832980505247,67.2,0.0078,0.07239999999999999,0.0,0.0,0,0.2,0,52.0,52,0.0,210.0,210,0.0,373.92,373.92
heavycpumain1_20260916_005128,heavycpumain1_20260916_005128.csv,2026-09-16 00:56:18,2026-09-16 00:56:27,10,Heavy_CPU,100.0,0.0,112.5,112,-0.1111111111111111,,,,,,67.25000000000001,0.08498365855988049,67.2,0.0094,0.0748,0.0,0.0,0,0.2,0,52.0,52,0.0,210.0,210,0.0,373.92,373.92
heavycpumain1_20260916_005128,heavycpumain1_20260916_005128.csv,2026-09-16 00:56:19,2026-09-16 00:56:28,10,Heavy_CPU,100.0,0.0,112.5,113,0.0,,,,,,67.23000000000002,0.06749485577105542,67.2,0.0094,0.0751,0.0,0.0,0,0.0,0,52.0,52,0.0,210.0,210,0.0,373.92,373.92
heavycpumain1_20260916_005128,heavycpumain1_20260916_005128.csv,2026-09-16 00:56:20,2026-09-16 00:56:29,10,Heavy_CPU,100.0,0.0,112.4,112,-0.1111111111111111,,,,,,67.21000000000001,0.031622776601681994,67.2,0.0094,0.09659999999999999,0.0,0.0,0,0.0,0,52.0,52,0.0,210.0,210,0.0,373.92,373.92
heavycpumain1_20260916_005128,heavycpumain1_20260916_005128.csv,2026-09-16 00:56:21,2026-09-16 00:56:30,10,Heavy_CPU,100.0,0.0,112.4,113,0.0,,,,,,67.20000000000002,1.4979556132593925e-14,67.2,0.0219,0.187,0.0,0.0,0,0.0,0,52.0,52,0.0,210.0,210,0.0,373.92,373.92
heavycpumain1_20260916_005128,heavycpumain1_20260916_005128.csv,2026-09-16 00:56:22,2026-09-16 00:56:31,10,Heavy_CPU,100.0,0.0,112.3,112,0.0,,,,,,67.20000000000002,1.4979556132593925e-14,67.2,0.0219,0.18719999999999998,0.0,0.0,0,0.0,0,52.0,52,0.0,210.0,210,0.0,373.92,373.92
heavycpumain1_20260916_005128,heavycpumain1_20260916_005128.csv,2026-09-16 00:56:23,2026-09-16 00:56:32,10,Heavy_CPU,100.0,0.0,112.4,113,0.1111111111111111,,,,,,67.21000000000001,0.031622776601681994,67.3,0.022300000000000004,0.1876,0.0,0.0,0,0.0,0,52.0,52,0.0,210.0,210,0.0,373.92,373.92
heavycpumain1_20260916_005128,heavycpumain1_20260916_005128.csv,2026-09-16 00:56:24,2026-09-16 00:56:33,10,Heavy_CPU,100.0,0.0,112.5,113,0.0,,,,,,67.22,0.04216370213557599,67.3,0.1254,0.5235000000000001,0.0,0.0,0,0.0,0,52.0,52,0.0,210.0,210,0.0,373.92,373.92
heavycpumain1_20260916_005128,heavycpumain1_20260916_005128.csv,2026-09-16 00:56:25,2026-09-16 00:56:34,10,Heavy_CPU,100.0,0.0,112.5,113,0.1111111111111111,,,,,,67.22,0.04216370213557599,67.2,0.3629,2.2285,0.0,0.0,0,0.0,0,52.0,52,0.0,210.0,210,0.0,373.92,373.92
heavycpumain1_20260916_005128,heavycpumain1_20260916_005128.csv,2026-09-16 00:56:26,2026-09-16 00:56:35,10,Heavy_CPU,100.0,0.0,112.6,113,0.1111111111111111,,,,,,67.22,0.04216370213557599,67.2,0.3691,2.2426,0.0,0.0,0,0.0,0,52.0,52,0.0,210.0,210,0.0,373.92,373.92
heavycpumain1_20260916_005128,heavycpumain1_20260916_005128.csv,2026-09-16 00:56:27,2026-09-16 00:56:36,10,Heavy_CPU,100.0,0.0,112.7,113,0.1111111111111111,,,,,,67.22,0.04216370213557599,67.2,0.3644,2.2238999999999995,0.0,0.0,0,0.0,0,52.0,52,0.0,210.0,210,0.0,373.92,373.92
heavycpumain1_20260916_005128,heavycpumain1_20260916_005128.csv,2026-09-16 00:56:28,2026-09-16 00:56:37,10,Heavy_CPU,100.0,0.0,112.8,113,0.0,,,,,,67.22,0.04216370213557599,67.2,0.3628,2.2119,0.0,0.0,0,0.0,0,52.0,52,0.0,210.0,210,0.0,373.92,373.92
heavycpumain1_20260916_005128,heavycpumain1_20260916_005128.csv,2026-09-16 00:56:29,2026-09-16 00:56:38,10,Heavy_CPU,100.0,0.0,112.8,113,0.1111111111111111,,,,,,67.22,0.04216370213557599,67.2,0.3628,2.212,0.0,0.0,0,0.0,0,52.0,52,0.0,210.0,210,0.0,373.92,373.92
heavycpumain1_20260916_005128,heavycpumain1_20260916_005128.csv,2026-09-16 00:56:30,2026-09-16 00:56:39,10,Heavy_CPU,100.0,0.0,112.9,113,0.0,,,,,,67.22,0.04216370213557599,67.2,0.3628,2.1903,0.0,0.0,0,0.0,0,52.0,52,0.0,210.0,210,0.0,373.92,373.92
heavycpumain1_20260916_005128,heavycpumain1_20260916_005128.csv,2026-09-16 00:56:31,2026-09-16 00:56:40,10,Heavy_CPU,100.0,0.0,112.9,113,0.1111111111111111,,,,,,67.22,0.04216370213557599,67.2,0.3565,2.1207999999999996,0.0,0.0,0,0.0,0,52.0,52,0.0,210.0,210,0.0,373.92,373.92
heavycpumain1_20260916_005128,heavycpumain1_20260916_005128.csv,2026-09-16 00:56:32,2026-09-16 00:56:41,10,Heavy_CPU,100.0,0.0,113.0,113,0.0,,,,,,67.22,0.04216370213557599,67.2,0.3565,2.1266,0.0,0.0,0,0.0,0,52.0,52,0.0,210.0,210,0.0,373.92,373.92
heavycpumain1_20260916_005128,heavycpumain1_20260916_005128.csv,2026-09-16 00:56:33,2026-09-16 00:56:42,10,Heavy_CPU,100.0,0.0,113.0,113,0.0,,,,,,67.20000000000002,0.047140452079103834,67.1,0.35609999999999997,2.1263,0.0,0.0,0,0.0,0,52.0,52,0.0,210.0,210,0.0,373.92,373.92
heavycpumain1_20260916_005128,heavycpumain1_20260916_005128.csv,2026-09-16 00:56:34,2026-09-16 00:56:43,10,Heavy_CPU,100.0,0.0,113.0,113,0.0,,,,,,67.18,0.04216370213558199,67.1,0.253,1.8062,0.0,0.0,0,0.0,0,52.0,52,0.0,210.0,210,0.0,373.92,373.92
heavycpumain1_20260916_005128,heavycpumain1_20260916_005128.csv,2026-09-16 00:56:35,2026-09-16 00:56:44,10,Heavy_CPU,100.0,0.0,113.0,113,0.0,,,,,,67.17,0.048304589153968916,67.1,0.0124,0.09260000000000002,0.0,0.0,0,0.0,0,52.0,52,0.0,210.0,210,0.0,373.92,373.92
heavycpumain1_20260916_005128,heavycpumain1_20260916_005128.csv,2026-09-16 00:56:36,2026-09-16 00:56:45,10,Heavy_CPU,100.0,0.0,113.0,113,0.0,,,,,,67.16000000000001,0.05163977794943663,67.1,0.0187,0.09890000000000002,0.0,0.0,0,0.0,0,52.0,52,0.0,210.0,210,0.0,373.92,373.92
heavycpumain1_20260916_005128,heavycpumain1_20260916_005128.csv,2026-09-16 00:56:37,2026-09-16 00:56:46,10,Heavy_CPU,100.0,0.0,113.0,113,0.0,,,,,,67.15,0.052704627669477484,67.1,0.040600000000000004,0.1778,0.0,0.0,0,0.0,0,52.0,52,0.0,210.0,210,0.0,373.92,373.92
heavycpumain1_20260916_005128,heavycpumain1_20260916_005128.csv,2026-09-16 00:56:38,2026-09-16 00:56:47,10,Heavy_CPU,100.0,0.0,113.0,113,0.0,,,,,,67.14000000000001,0.05163977794943663,67.1,0.040600000000000004,0.1779,0.0,0.0,0,0.0,0,52.0,52,0.0,210.0,210,0.0,373.92,373.92
heavycpumain1_20260916_005128,heavycpumain1_20260916_005128.csv,2026-09-16 00:56:39,2026-09-16 00:56:48,10,Heavy_CPU,100.0,0.0,113.0,113,0.0,,,,,,67.13000000000001,0.048304589153968916,67.1,0.0406,0.1776,0.0,0.0,0,0.0,0,52.0,52,0.0,210.0,210,0.0,373.92,373.92
heavycpumain1_20260916_005128,heavycpumain1_20260916_005128.csv,2026-09-16 00:56:40,2026-09-16 00:56:49,10,Heavy_CPU,100.0,0.0,113.0,113,0.0,,,,,,67.12,0.04216370213558199,67.1,0.0406,0.17760000000000004,0.0,0.0,0,0.0,0,52.0,52,0.0,210.0,210,0.0,373.92,373.92
heavycpumain1_20260916_005128,heavycpumain1_20260916_005128.csv,2026-09-16 00:56:41,2026-09-16 00:56:50,10,Heavy_CPU,100.0,0.0,113.0,113,0.0,,,,,,67.11,0.031622776601686484,67.1,0.0344,0.14420000000000002,0.0,0.0,0,0.0,0,52.0,52,0.0,210.0,210,0.0,373.92,373.92
heavycpumain1_20260916_005128,heavycpumain1_20260916_005128.csv,2026-09-16 00:56:42,2026-09-16 00:56:51,10,Heavy_CPU,100.0,0.0,113.0,113,0.0,,,,,,67.1,0.0,67.1,0.0344,0.1612,0.0,0.0,0,0.0,0,52.0,52,0.0,210.0,210,0.0,373.92,373.92
heavycpumain1_20260916_005128,heavycpumain1_20260916_005128.csv,2026-09-16 00:56:43,2026-09-16 00:56:52,10,Heavy_CPU,100.0,0.0,113.0,113,0.0,,,,,,67.1,0.0,67.1,0.0344,0.16110000000000002,0.0,0.0,0,0.0,0,52.0,52,0.0,210.0,210,0.0,373.92,373.92
heavycpumain1_20260916_005128,heavycpumain1_20260916_005128.csv,2026-09-16 00:56:44,2026-09-16 00:56:53,10,Heavy_CPU,100.0,0.0,113.0,113,0.0,,,,,,67.1,0.0,67.1,0.0344,0.14450000000000002,0.0,0.0,0,0.0,0,52.0,52,0.0,210.0,210,0.0,373.92,373.92
heavycpumain1_20260916_005128,heavycpumain1_20260916_005128.csv,2026-09-16 00:56:45,2026-09-16 00:56:54,10,Heavy_CPU,100.0,0.0,113.0,113,0.0,,,,,,67.1,0.0,67.1,0.0344,0.12990000000000002,0.0,0.0,0,0.0,0,52.0,52,0.0,210.0,210,0.0,373.92,373.92
heavycpumain1_20260916_005128,heavycpumain1_20260916_005128.csv,2026-09-16 00:56:46,2026-09-16 00:56:55,10,Heavy_CPU,100.0,0.0,113.0,113,0.0,,,,,,67.1,0.0,67.1,0.0219,0.10350000000000001,0.0,0.0,0,0.0,0,52.0,52,0.0,210.0,210,0.0,373.92,373.92
heavycpumain1_20260916_005128,heavycpumain1_20260916_005128.csv,2026-09-16 00:56:47,2026-09-16 00:56:56,10,Heavy_CPU,100.0,0.0,113.0,113,0.0,,,,,,67.1,0.0,67.1,0.0,0.0551,0.0,0.0,0,0.0,0,52.0,52,0.0,210.0,210,0.0,373.92,373.92
heavycpumain1_20260916_005128,heavycpumain1_20260916_005128.csv,2026-09-16 00:56:48,2026-09-16 00:56:57,10,Heavy_CPU,100.0,0.0,113.0,113,0.0,,,,,,67.1,0.0,67.1,0.0,0.055600000000000004,0.0,0.0,0,0.0,0,52.0,52,0.0,210.0,210,0.0,373.92,373.92
heavycpumain1_20260916_005128,heavycpumain1_20260916_005128.csv,2026-09-16 00:56:49,2026-09-16 00:56:58,10,Heavy_CPU,100.0,0.0,113.0,113,0.0,,,,,,67.1,0.0,67.1,0.0,0.0558,0.0,0.0,0,0.0,0,52.0,52,0.0,210.0,210,0.0,373.92,373.92
heavycpumain1_20260916_005128,heavycpumain1_20260916_005128.csv,2026-09-16 00:56:50,2026-09-16 00:56:59,10,Heavy_CPU,100.0,0.0,113.0,113,0.0,,,,,,67.1,0.0,67.1,0.0,0.07170000000000001,0.0,0.0,0,0.0,0,52.0,52,0.0,210.0,210,0.0,373.92,373.92
heavycpumain1_20260916_005128,heavycpumain1_20260916_005128.csv,2026-09-16 00:56:51,2026-09-16 00:57:00,10,Heavy_CPU,100.0,0.0,113.0,113,0.0,,,,,,67.1,0.0,67.1,0.0125,0.0981,0.0,0.0,0,0.0,0,52.0,52,0.0,210.0,210,0.0,373.92,373.92
heavycpumain1_20260916_005128,heavycpumain1_20260916_005128.csv,2026-09-16 00:56:52,2026-09-16 00:57:01,10,Heavy_CPU,100.0,0.0,113.0,113,0.0,,,,,,67.1,0.0,67.1,0.0125,0.0838,0.0,0.0,0,0.0,0,52.0,52,0.0,210.0,210,0.0,373.92,373.92
heavycpumain1_20260916_005128,heavycpumain1_20260916_005128.csv,2026-09-16 00:56:53,2026-09-16 00:57:02,10,Heavy_CPU,100.0,0.0,113.0,113,0.0,,,,,,67.1,0.0,67.1,0.0125,0.10640000000000001,0.0,0.0,0,0.0,0,52.0,52,0.0,210.0,210,0.0,373.92,373.92
heavycpumain1_20260916_005128,heavycpumain1_20260916_005128.csv,2026-09-16 00:56:54,2026-09-16 00:57:03,10,Heavy_CPU,100.0,0.0,113.0,113,0.0,,,,,,67.1,0.0,67.1,0.0125,0.1065,0.0,0.0,0,0.0,0,52.0,52,0.0,210.0,210,0.0,373.92,373.92
heavycpumain1_20260916_005128,heavycpumain1_20260916_005128.csv,2026-09-16 00:56:55,2026-09-16 00:57:04,10,Heavy_CPU,100.0,0.0,113.0,113,0.0,,,,,,67.1,0.0,67.1,0.0125,0.10629999999999999,0.0,0.0,0,0.0,0,52.0,52,0.0,210.0,210,0.0,373.92,373.92
idlemain1_20260916_002402,idlemain1_20260916_002402.csv,2026-09-16 00:24:03,2026-09-16 00:24:12,10,Stable,1.17,1.0263744172788236,117.5,122,0.8888888888888888,,,,,,48.379999999999995,0.04216370213557899,48.4,0.032100000000000004,0.0334,0.0,0.0,0,0.0,0,51.9,52,0.0,210.0,210,0.0,194.86000000000004,194.86
idlemain1_20260916_002402,idlemain1_20260916_002402.csv,2026-09-16 00:24:04,2026-09-16 00:24:13,10,Stable,1.1,1.0624918300339485,117.7,116,0.5555555555555556,,,,,,48.39,0.03162277660168424,48.4,0.032100000000000004,0.0334,0.0,0.0,0,0.0,0,51.9,52,0.1111111111111111,210.0,210,0.0,194.86000000000004,194.86
idlemain1_20260916_002402,idlemain1_20260916_002402.csv,2026-09-16 00:24:05,2026-09-16 00:24:14,10,Stable,1.0900000000000003,1.070254383053134,118.2,116,-1.7777777777777777,,,,,,48.39999999999999,7.489778066296963e-15,48.4,0.0274,0.0337,0.0,0.0,0,0.0,0,52.0,52,0.0,210.0,210,0.0,194.86000000000004,194.86
idlemain1_20260916_002402,idlemain1_20260916_002402.csv,2026-09-16 00:24:06,2026-09-16 00:24:15,10,Stable,0.9100000000000001,1.0126423082433622,116.3,113,-0.3333333333333333,,,,,,48.39999999999999,7.489778066296963e-15,48.4,0.0016,0.0339,0.0,0.0,0,0.0,0,52.0,52,0.0,210.0,210,0.0,194.86000000000004,194.86
idlemain1_20260916_002402,idlemain1_20260916_002402.csv,2026-09-16 00:24:07,2026-09-16 00:24:16,10,Stable,0.9100000000000001,1.0126423082433622,116.1,114,-0.1111111111111111,,,,,,48.39999999999999,7.489778066296963e-15,48.4,0.0047,0.153,0.0,0.0,0,0.0,0,52.0,52,0.0,210.0,210,0.0,194.86000000000004,194.86
idlemain1_20260916_002402,idlemain1_20260916_002402.csv,2026-09-16 00:24:08,2026-09-16 00:24:17,10,Stable,0.9500000000000002,0.9800793618659437,115.4,108,-0.5555555555555556,,,,,,48.39999999999999,7.489778066296963e-15,48.4,0.0047,0.1537,0.0,0.0,0,0.0,0,52.0,52,0.0,210.0,210,0.0,194.86000000000004,194.86
idlemain1_20260916_002402,idlemain1_20260916_002402.csv,2026-09-16 00:24:09,2026-09-16 00:24:18,10,Stable,0.9200000000000002,0.9930872178324631,115.6,115,0.3333333333333333,,,,,,48.39999999999999,7.489778066296963e-15,48.4,0.0047,0.15299999999999997,0.0,0.0,0,0.0,0,52.0,52,0.0,210.0,210,0.0,194.86000000000004,194.86
idlemain1_20260916_002402,idlemain1_20260916_002402.csv,2026-09-16 00:24:10,2026-09-16 00:24:19,10,Stable,0.8700000000000001,1.0285372569279583,115.7,113,-0.6666666666666666,,,,,,48.39999999999999,7.489778066296963e-15,48.4,0.0047,0.15319999999999998,0.0,0.0,0,0.0,0,52.0,52,0.0,210.0,210,0.0,194.86000000000004,194.86
idlemain1_20260916_002402,idlemain1_20260916_002402.csv,2026-09-16 00:24:11,2026-09-16 00:24:20,10,Stable,0.76,1.0479609831583532,115.2,114,-0.7777777777777778,,,,,,48.39999999999999,7.489778066296963e-15,48.4,0.0047,0.1533,0.0,0.0,0,0.0,0,52.0,52,0.0,210.0,210,0.0,194.86000000000004,194.86
idlemain1_20260916_002402,idlemain1_20260916_002402.csv,2026-09-16 00:24:12,2026-09-16 00:24:21,10,Stable,0.6099999999999999,0.8999382694879071,114.3,112,-1.1111111111111112,,,,,,48.39999999999999,7.489778066296963e-15,48.4,0.0047,0.1567,0.0,0.0,0,0.0,0,52.0,52,0.0,210.0,210,0.0,194.86000000000004,194.86
idlemain1_20260916_002402,idlemain1_20260916_002402.csv,2026-09-16 00:24:13,2026-09-16 00:24:22,10,Stable,0.31,0.22335820757001273,113.3,112,-0.4444444444444444,,,,,,48.39999999999999,7.489778066296963e-15,48.4,0.0031,0.1568,0.0,0.0,0,0.0,0,52.0,52,0.0,210.0,210,0.0,194.86000000000004,194.86
idlemain1_20260916_002402,idlemain1_20260916_002402.csv,2026-09-16 00:24:14,2026-09-16 00:24:23,10,Stable,0.29000000000000004,0.2330951164939612,112.9,112,-0.4444444444444444,,,,,,48.39999999999999,7.489778066296963e-15,48.4,0.0031,0.18359999999999999,0.0,0.0,0,0.0,0,52.0,52,0.0,210.0,210,0.0,194.86000000000004,194.86
idlemain1_20260916_002402,idlemain1_20260916_002402.csv,2026-09-16 00:24:15,2026-09-16 00:24:24,10,Stable,0.29,0.23309511649396117,112.1,108,-0.5555555555555556,,,,,,48.39999999999999,7.489778066296963e-15,48.4,0.0031,0.1825,0.0,0.0,0,0.0,0,52.0,52,0.0,210.0,210,0.0,194.86000000000004,194.86
idlemain1_20260916_002402,idlemain1_20260916_002402.csv,2026-09-16 00:24:16,2026-09-16 00:24:25,10,Stable,0.3,0.24037008503093263,112.0,112,-0.2222222222222222,,,,,,48.39999999999999,7.489778066296963e-15,48.4,0.0031,0.18259999999999998,0.0,0.0,0,1.1,11,52.0,52,0.0,210.0,210,0.0,194.86000000000004,194.86
idlemain1_20260916_002402,idlemain1_20260916_002402.csv,2026-09-16 00:24:17,2026-09-16 00:24:26,10,Stable,0.3,0.24037008503093263,111.8,112,0.4444444444444444,,,,,,48.39999999999999,7.489778066296963e-15,48.4,0.0,0.0634,0.0,0.0,0,1.1,0,52.0,52,0.0,210.0,210,0.0,194.86000000000004,194.86
idlemain1_20260916_002402,idlemain1_20260916_002402.csv,2026-09-16 00:24:18,2026-09-16 00:24:27,10,Stable,0.26999999999999996,0.24517567397911058,112.2,112,-0.3333333333333333,,,,,,48.39999999999999,7.489778066296963e-15,48.4,0.0,0.0613,0.0,0.0,0,1.1,0,52.0,52,0.0,210.0,210,0.0,194.86000000000004,194.86
idlemain1_20260916_002402,idlemain1_20260916_002402.csv,2026-09-16 00:24:19,2026-09-16 00:24:28,10,Stable,0.28,0.25298221281347033,112.2,115,0.2222222222222222,,,,,,48.39999999999999,7.489778066296963e-15,48.4,0.0,0.0611,0.0,0.0,0,1.1,0,52.0,52,0.0,210.0,210,0.0,194.86000000000004,194.86
idlemain1_20260916_002402,idlemain1_20260916_002402.csv,2026-09-16 00:24:20,2026-09-16 00:24:29,10,Stable,0.31,0.23309511649396117,112.1,112,-0.2222222222222222,,,,,,48.39999999999999,7.489778066296963e-15,48.4,0.0,0.0612,0.0,0.0,0,1.1,0,52.0,52,0.0,210.0,210,0.0,194.86000000000004,194.86
idlemain1_20260916_002402,idlemain1_20260916_002402.csv,2026-09-16 00:24:21,2026-09-16 00:24:30,10,Stable,0.35,0.22730302828309762,112.3,116,0.4444444444444444,,,,,,48.39999999999999,7.489778066296963e-15,48.4,0.0,0.0715,0.0,0.0,0,1.1,0,52.0,52,0.0,210.0,210,0.0,194.86000000000004,194.86
idlemain1_20260916_002402,idlemain1_20260916_002402.csv,2026-09-16 00:24:22,2026-09-16 00:24:31,10,Stable,0.34,0.20655911179772887,113.0,119,0.7777777777777778,,,,,,48.39999999999999,7.489778066296963e-15,48.4,0.0289,0.0551,0.0,0.0,0,1.1,0,52.0,52,0.0,210.0,210,0.0,194.86000000000004,194.86
idlemain1_20260916_002402,idlemain1_20260916_002402.csv,2026-09-16 00:24:23,2026-09-16 00:24:32,10,Stable,0.36,0.18973665961010278,113.0,112,0.0,,,,,,48.39999999999999,7.489778066296963e-15,48.4,0.0289,0.0658,0.0,0.0,0,1.1,0,52.0,52,0.0,210.0,210,0.0,194.86000000000004,194.86
idlemain1_20260916_002402,idlemain1_20260916_002402.csv,2026-09-16 00:24:24,2026-09-16 00:24:33,10,Stable,0.38,0.16865480854231357,112.8,110,0.2222222222222222,,,,,,48.39999999999999,7.489778066296963e-15,48.4,0.0336,0.0625,0.0,0.0,0,1.1,0,52.0,52,0.0,210.0,210,0.0,194.86000000000004,194.86
idlemain1_20260916_002402,idlemain1_20260916_002402.csv,2026-09-16 00:24:25,2026-09-16 00:24:34,10,Stable,0.43,0.2110818693198342,113.2,112,0.0,,,,,,48.39999999999999,7.489778066296963e-15,48.4,0.0336,0.063,0.0,0.0,0,1.1,0,52.0,52,0.0,210.0,210,0.0,194.86000000000004,194.86
idlemain1_20260916_002402,idlemain1_20260916_002402.csv,2026-09-16 00:24:26,2026-09-16 00:24:35,10,Stable,0.43999999999999995,0.21705094128132943,113.1,111,-0.1111111111111111,,,,,,48.39999999999999,7.489778066296963e-15,48.4,0.039799999999999995,0.0772,0.0,0.0,0,0.0,0,52.0,52,0.0,210.0,210,0.0,194.86000000000004,194.86
idlemain1_20260916_002402,idlemain1_20260916_002402.csv,2026-09-16 00:24:27,2026-09-16 00:24:36,10,Stable,0.45,0.21213203435596426,113.3,114,0.2222222222222222,,,,,,48.39999999999999,7.489778066296963e-15,48.4,0.039799999999999995,0.0769,0.0,0.0,0,0.0,0,52.0,52,0.0,210.0,210,0.0,194.86000000000004,194.86
idlemain1_20260916_002402,idlemain1_20260916_002402.csv,2026-09-16 00:24:28,2026-09-16 00:24:37,10,Stable,0.52,0.19888578520235065,113.2,111,-0.4444444444444444,,,,,,48.39999999999999,7.489778066296963e-15,48.4,0.039799999999999995,0.0847,0.0,0.0,0,0.0,0,52.0,52,0.0,210.0,210,0.0,194.86000000000004,194.86
idlemain1_20260916_002402,idlemain1_20260916_002402.csv,2026-09-16 00:24:29,2026-09-16 00:24:38,10,Stable,0.52,0.19888578520235065,112.6,109,-0.3333333333333333,,,,,,48.39999999999999,7.489778066296963e-15,48.4,0.039799999999999995,0.0847,0.0,0.0,0,0.0,0,52.0,52,0.0,210.0,210,0.0,194.86000000000004,194.86
idlemain1_20260916_002402,idlemain1_20260916_002402.csv,2026-09-16 00:24:30,2026-09-16 00:24:39,10,Stable,0.5,0.23094010767585033,112.9,115,-0.1111111111111111,,,,,,48.39999999999999,7.489778066296963e-15,48.4,0.039799999999999995,0.0844,0.0,0.0,0,0.0,0,52.0,52,0.0,210.0,210,0.0,194.86000000000004,194.86
idlemain1_20260916_002402,idlemain1_20260916_002402.csv,2026-09-16 00:24:31,2026-09-16 00:24:40,10,Stable,0.45999999999999996,0.26331223544175336,112.6,113,-0.6666666666666666,,,,,,48.39999999999999,7.489778066296963e-15,48.4,0.046,0.088,0.0,0.0,0,0.0,0,52.0,52,0.0,210.0,210,0.0,194.86000000000004,194.86
idlemain1_20260916_002402,idlemain1_20260916_002402.csv,2026-09-16 00:24:32,2026-09-16 00:24:41,10,Stable,0.4,0.27080128015453203,111.9,112,0.0,,,,,,48.39,0.03162277660168424,48.3,0.017099999999999997,0.0864,0.0,0.0,0,0.0,0,52.0,52,0.0,210.0,210,0.0,194.86000000000004,194.86
idlemain1_20260916_002402,idlemain1_20260916_002402.csv,2026-09-16 00:24:33,2026-09-16 00:24:42,10,Stable,0.42000000000000004,0.2699794230842212,111.9,112,0.2222222222222222,,,,,,48.38,0.04216370213557899,48.3,0.017099999999999997,0.09430000000000001,0.0,0.0,0,0.0,0,52.0,52,0.0,210.0,210,0.0,194.86000000000004,194.86
idlemain1_20260916_002402,idlemain1_20260916_002402.csv,2026-09-16 00:24:34,2026-09-16 00:24:43,10,Stable,0.43000000000000005,0.266874918683308,111.9,110,-0.2222222222222222,,,,,,48.370000000000005,0.04830458915396548,48.3,0.0124,0.0751,0.0,0.0,0,0.0,0,52.0,52,0.0,210.0,210,0.0,194.86000000000004,194.86
idlemain1_20260916_002402,idlemain1_20260916_002402.csv,2026-09-16 00:24:35,2026-09-16 00:24:44,10,Stable,0.38999999999999996,0.23309511649396117,112.2,115,0.4444444444444444,,,,,,48.36,0.05163977794943296,48.3,0.0124,0.0897,0.0,0.0,0,0.0,0,52.0,52,0.0,210.0,210,0.0,194.86000000000004,194.86
idlemain1_20260916_002402,idlemain1_20260916_002402.csv,2026-09-16 00:24:36,2026-09-16 00:24:45,10,Stable,0.36,0.22211108331943577,112.7,116,0.2222222222222222,,,,,,48.35,0.05270462766947374,48.3,0.0062,0.0753,0.0,0.0,0,0.0,0,52.0,52,0.0,210.0,210,0.0,194.86000000000004,194.86
idlemain1_20260916_002402,idlemain1_20260916_002402.csv,2026-09-16 00:24:37,2026-09-16 00:24:46,10,Stable,0.35,0.2223610677354389,112.3,110,-0.1111111111111111,,,,,,48.339999999999996,0.05163977794943296,48.3,0.0062,0.0856,0.0,0.0,0,0.0,0,52.0,52,0.0,210.0,210,0.0,194.86000000000004,194.86
idlemain1_20260916_002402,idlemain1_20260916_002402.csv,2026-09-16 00:24:38,2026-09-16 00:24:47,10,Stable,0.3,0.15634719199411432,112.2,110,0.1111111111111111,,,,,,48.33,0.04830458915396548,48.3,0.0062,0.0627,0.0,0.0,0,0.0,0,52.0,52,0.0,210.0,210,0.0,194.86000000000004,194.86
idlemain1_20260916_002402,idlemain1_20260916_002402.csv,2026-09-16 00:24:39,2026-09-16 00:24:48,10,Stable,0.32,0.19321835661585918,112.9,116,0.1111111111111111,,,,,,48.32,0.04216370213557899,48.3,0.0062,0.0746,0.0,0.0,0,0.0,0,52.0,52,0.0,210.0,210,0.0,194.86000000000004,194.86
idlemain1_20260916_002402,idlemain1_20260916_002402.csv,2026-09-16 00:24:40,2026-09-16 00:24:49,10,Stable,0.35,0.17795130420052185,113.2,118,0.5555555555555556,,,,,,48.31,0.03162277660168424,48.3,0.0109,0.0964,0.0,0.0,0,0.0,0,52.0,52,0.0,210.0,210,0.0,194.86000000000004,194.86
idlemain1_20260916_002402,idlemain1_20260916_002402.csv,2026-09-16 00:24:41,2026-09-16 00:24:50,10,Stable,0.37,0.15670212364724212,113.4,115,0.3333333333333333,,,,,,48.3,0.0,48.3,0.0047,0.0824,0.0,0.0,0,0.0,0,52.0,52,0.0,210.0,210,0.0,194.86000000000004,194.86
idlemain1_20260916_002402,idlemain1_20260916_002402.csv,2026-09-16 00:24:42,2026-09-16 00:24:51,10,Stable,0.41,0.1286683937707919,113.5,113,0.1111111111111111,,,,,,48.3,0.0,48.3,0.0109,0.1008,0.0,0.0,0,0.0,0,52.0,52,0.0,210.0,210,0.0,194.86000000000004,194.86
idlemain1_20260916_002402,idlemain1_20260916_002402.csv,2026-09-16 00:24:43,2026-09-16 00:24:52,10,Stable,0.41,0.1286683937707919,114.2,119,1.0,,,,,,48.3,0.0,48.3,0.0109,0.11149999999999997,0.0,0.0,0,0.0,0,52.0,52,0.0,210.0,210,0.0,194.86000000000004,194.86
idlemain1_20260916_002402,idlemain1_20260916_002402.csv,2026-09-16 00:24:44,2026-09-16 00:24:53,10,Stable,0.4,0.13333333333333333,114.0,108,-0.7777777777777778,,,,,,48.3,0.0,48.3,0.0109,0.1101,0.0,0.0,0,0.0,0,52.0,52,0.0,210.0,210,0.0,194.86000000000004,194.86
idlemain1_20260916_002402,idlemain1_20260916_002402.csv,2026-09-16 00:24:45,2026-09-16 00:24:54,10,Stable,0.41,0.13703203194062977,113.4,109,-0.7777777777777778,,,,,,48.3,0.0,48.3,0.0109,0.1001,0.0,0.0,0,0.0,0,52.0,52,0.0,210.0,210,0.0,194.86000000000004,194.86
idlemain1_20260916_002402,idlemain1_20260916_002402.csv,2026-09-16 00:24:46,2026-09-16 00:24:55,10,Stable,0.47000000000000003,0.20027758514399735,113.4,116,0.6666666666666666,,,,,,48.3,0.0,48.3,0.0109,0.101,0.0,0.0,0,0.3,3,52.0,52,0.0,210.0,210,0.0,194.86000000000004,194.86
idlemain1_20260916_002402,idlemain1_20260916_002402.csv,2026-09-16 00:24:47,2026-09-16 00:24:56,10,Stable,0.56,0.29514591494904874,113.7,113,0.3333333333333333,,,,,,48.3,0.0,48.3,0.0109,0.0928,0.0,0.0,0,0.3,0,52.0,52,0.0,210.0,210,0.0,194.86000000000004,194.86
idlemain1_20260916_002402,idlemain1_20260916_002402.csv,2026-09-16 00:24:48,2026-09-16 00:24:57,10,Stable,0.54,0.3204163957519444,113.9,112,-0.4444444444444444,,,,,,48.3,0.0,48.3,0.0109,0.093,0.0,0.0,0,0.3,0,52.0,52,0.0,210.0,210,0.0,194.86000000000004,194.86
idlemain1_20260916_002402,idlemain1_20260916_002402.csv,2026-09-16 00:24:49,2026-09-16 00:24:58,10,Stable,0.5,0.3231786571610886,113.1,108,-1.1111111111111112,,,,,,48.3,0.0,48.3,0.0109,0.08109999999999999,0.0,0.0,0,0.3,0,52.0,52,0.0,210.0,210,0.0,194.86000000000004,194.86
idlemain1_20260916_002402,idlemain1_20260916_002402.csv,2026-09-16 00:24:50,2026-09-16 00:24:59,10,Stable,0.47000000000000003,0.34657049948186747,112.2,109,-0.6666666666666666,,,,,,48.3,0.0,48.3,0.0062,0.0881,0.0,0.0,0,0.3,0,52.0,52,0.0,210.0,210,0.0,194.86000000000004,194.86
idlemain1_20260916_002402,idlemain1_20260916_002402.csv,2026-09-16 00:24:51,2026-09-16 00:25:00,10,Stable,0.48999999999999994,0.3414023367751831,111.4,107,-0.6666666666666666,,,,,,48.309999999999995,0.03162277660168424,48.4,0.0062,0.08829999999999999,0.0,0.0,0,0.3,0,52.0,52,0.0,210.0,210,0.0,194.86000000000004,194.86
idlemain1_20260916_002402,idlemain1_20260916_002402.csv,2026-09-16 00:24:52,2026-09-16 00:25:01,10,Stable,0.47000000000000003,0.34657049948186747,111.4,113,-0.6666666666666666,,,,,,48.309999999999995,0.03162277660168424,48.3,0.0,0.0721,0.0,0.0,0,0.3,0,52.0,52,0.0,210.0,210,0.0,194.86000000000004,194.86
idlemain1_20260916_002402,idlemain1_20260916_002402.csv,2026-09-16 00:24:53,2026-09-16 00:25:02,10,Stable,0.6900000000000001,0.7866242926440664,110.7,112,0.4444444444444444,,,,,,48.31,0.03162277660168424,48.3,0.0,0.0426,0.0,0.0,0,0.3,0,52.0,52,0.0,210.0,210,0.0,194.86000000000004,194.86
idlemain1_20260916_002402,idlemain1_20260916_002402.csv,2026-09-16 00:24:54,2026-09-16 00:25:03,10,Stable,0.7000000000000001,0.7817359599705717,111.2,113,0.4444444444444444,,,,,,48.31,0.03162277660168424,48.3,0.0,0.0408,0.0,0.0,0,0.3,0,52.0,52,0.0,210.0,210,0.0,194.86000000000004,194.86
idlemain1_20260916_002402,idlemain1_20260916_002402.csv,2026-09-16 00:24:55,2026-09-16 00:25:04,10,Stable,0.6799999999999999,0.7899367063252601,111.4,111,-0.5555555555555556,,,,,,48.31,0.03162277660168424,48.3,0.0,0.05669999999999999,0.0,0.0,0,0.3,0,52.0,52,0.0,210.0,210,0.0,194.86000000000004,194.86
idlemain1_20260916_002402,idlemain1_20260916_002402.csv,2026-09-16 00:24:56,2026-09-16 00:25:05,10,Stable,0.6300000000000001,0.7902882737049537,111.4,116,0.3333333333333333,,,,,,48.31,0.03162277660168424,48.3,0.0047,0.0836,0.0,0.0,0,0.0,0,52.0,52,0.0,210.0,210,0.0,194.86000000000004,194.86
idlemain1_20260916_002402,idlemain1_20260916_002402.csv,2026-09-16 00:24:57,2026-09-16 00:25:06,10,Stable,0.5800000000000001,0.765651501808899,111.8,117,0.5555555555555556,,,,,,48.31,0.03162277660168424,48.3,0.0047,0.0815,0.0,0.0,0,0.0,0,52.0,52,0.0,210.0,210,0.0,194.86000000000004,194.86
idlemain1_20260916_002402,idlemain1_20260916_002402.csv,2026-09-16 00:24:58,2026-09-16 00:25:07,10,Stable,0.64,0.7471427053931678,111.7,111,0.3333333333333333,,,,,,48.31,0.03162277660168424,48.3,0.0047,0.08159999999999999,0.0,0.0,0,0.0,0,52.0,52,0.0,210.0,210,0.0,194.86000000000004,194.86
idlemain1_20260916_002402,idlemain1_20260916_002402.csv,2026-09-16 00:24:59,2026-09-16 00:25:08,10,Stable,0.66,0.7396695959082752,112.1,112,0.3333333333333333,,,,,,48.31,0.03162277660168424,48.3,0.0047,0.0819,0.0,0.0,0,0.0,0,52.0,52,0.0,210.0,210,0.0,194.86000000000004,194.86
idlemain1_20260916_002402,idlemain1_20260916_002402.csv,2026-09-16 00:25:00,2026-09-16 00:25:09,10,Stable,0.71,0.7140650452787121,112.8,116,1.0,,,,,,48.31,0.03162277660168424,48.3,0.0047,0.0722,0.0,0.0,0,0.0,0,52.0,52,0.0,210.0,210,0.0,194.86000000000004,194.86
idlemain1_20260916_002402,idlemain1_20260916_002402.csv,2026-09-16 00:25:01,2026-09-16 00:25:10,10,Stable,0.6599999999999999,0.747142705393168,113.3,112,-0.1111111111111111,,,,,,48.3,0.0,48.3,0.0047,0.07350000000000001,0.0,0.0,0,0.0,0,52.0,52,0.0,210.0,210,0.0,194.86000000000004,194.86
idlemain1_20260916_002402,idlemain1_20260916_002402.csv,2026-09-16 00:25:02,2026-09-16 00:25:11,10,Stable,0.7,0.7363574011458174,113.0,110,-0.2222222222222222,,,,,,48.3,0.0,48.3,0.0047,0.07170000000000001,0.0,0.0,0,0.0,0,52.0,52,0.0,210.0,210,0.0,194.86000000000004,194.86
idlemain1_20260916_002402,idlemain1_20260916_002402.csv,2026-09-16 00:25:03,2026-09-16 00:25:12,10,Stable,0.45999999999999996,0.22705848487901867,113.0,112,-0.1111111111111111,,,,,,48.3,0.0,48.3,0.0047,0.07210000000000001,0.0,0.0,0,0.0,0,52.0,52,0.0,210.0,210,0.0,194.86000000000004,194.86
idlemain1_20260916_002402,idlemain1_20260916_002402.csv,2026-09-16 00:25:04,2026-09-16 00:25:13,10,Stable,0.5399999999999999,0.3238655413730965,112.8,111,0.0,,,,,,48.3,0.0,48.3,0.0047,0.071,0.0,0.0,0,0.0,0,52.1,53,0.1111111111111111,210.0,210,0.0,194.86000000000004,194.86
idlemain1_20260916_002402,idlemain1_20260916_002402.csv,2026-09-16 00:25:05,2026-09-16 00:25:14,10,Stable,0.55,0.3171049598406741,113.0,113,-0.3333333333333333,,,,,,48.3,0.0,48.3,0.063,0.0504,0.0,0.0,0,0.0,0,52.1,52,0.0,210.0,210,0.0,194.86000000000004,194.86
idlemain1_20260916_002402,idlemain1_20260916_002402.csv,2026-09-16 00:25:06,2026-09-16 00:25:15,10,Stable,0.5800000000000001,0.3155242550986462,113.3,119,0.2222222222222222,,,,,,48.309999999999995,0.03162277660168424,48.4,0.11810000000000001,0.042,0.0,0.0,0,0.0,0,52.2,53,0.1111111111111111,210.0,210,0.0,194.86000000000004,194.86
idlemain1_20260916_002402,idlemain1_20260916_002402.csv,2026-09-16 00:25:07,2026-09-16 00:25:16,10,Stable,0.52,0.3457680661303984,112.9,113,0.2222222222222222,,,,,,48.309999999999995,0.03162277660168424,48.3,0.1189,0.042,0.0,0.0,0,0.0,0,52.2,52,0.0,210.0,210,0.0,194.86000000000004,194.86
idlemain1_20260916_002402,idlemain1_20260916_002402.csv,2026-09-16 00:25:08,2026-09-16 00:25:17,10,Stable,0.48,0.34576806613039834,113.1,113,0.1111111111111111,,,,,,48.32,0.042163702135579,48.4,0.1189,0.0417,0.0,0.0,0,0.0,0,52.2,52,0.0,210.0,210,0.0,194.86000000000004,194.86
idlemain1_20260916_002402,idlemain1_20260916_002402.csv,2026-09-16 00:25:09,2026-09-16 00:25:18,10,Stable,0.43,0.37727090178455763,113.0,111,-0.5555555555555556,,,,,,48.33,0.04830458915396548,48.4,0.1189,0.0415,0.0,0.0,0,0.0,0,52.2,52,0.0,210.0,210,0.0,194.86000000000004,194.86
idlemain1_20260916_002402,idlemain1_20260916_002402.csv,2026-09-16 00:25:10,2026-09-16 00:25:19,10,Stable,0.43,0.37727090178455763,112.6,112,0.0,,,,,,48.33999999999999,0.05163977794943296,48.4,0.1189,0.0225,0.0,0.0,0,0.0,0,52.2,52,0.0,210.0,210,0.0,194.86000000000004,194.86
idlemain1_20260916_002402,idlemain1_20260916_002402.csv,2026-09-16 00:25:11,2026-09-16 00:25:20,10,Stable,0.47000000000000003,0.34657049948186747,112.7,113,0.3333333333333333,,,,,,48.349999999999994,0.05270462766947374,48.4,0.1189,0.043300000000000005,0.0,0.0,0,0.0,0,52.2,52,0.0,210.0,210,0.0,194.86000000000004,194.86
idlemain1_20260916_002402,idlemain1_20260916_002402.csv,2026-09-16 00:25:12,2026-09-16 00:25:21,10,Stable,0.44000000000000006,0.33730961708462714,113.0,113,0.1111111111111111,,,,,,48.35999999999999,0.05163977794943296,48.4,0.1189,0.04290000000000001,0.0,0.0,0,0.0,0,52.3,53,0.1111111111111111,210.0,210,0.0,194.86000000000004,194.86
idlemain1_20260916_002402,idlemain1_20260916_002402.csv,2026-09-16 00:25:13,2026-09-16 00:25:22,10,Stable,0.53,0.4083843505544474,113.4,116,0.5555555555555556,,,,,,48.36999999999999,0.04830458915396548,48.4,0.1236,0.0843,0.0,0.0,0,0.0,0,52.4,53,0.0,210.0,210,0.0,194.86000000000004,194.86
idlemain1_20260916_002402,idlemain1_20260916_002402.csv,2026-09-16 00:25:14,2026-09-16 00:25:23,10,Stable,0.5,0.3620926830400072,113.6,113,0.0,,,,,,48.379999999999995,0.04216370213557899,48.4,0.1236,0.0864,0.0,0.0,0,0.0,0,52.3,52,0.0,210.0,210,0.0,194.86000000000004,194.86
idlemain1_20260916_002402,idlemain1_20260916_002402.csv,2026-09-16 00:25:15,2026-09-16 00:25:24,10,Stable,0.49000000000000005,0.36651512019742555,113.8,115,-0.4444444444444444,,,,,,48.39,0.03162277660168424,48.4,0.0653,0.086,0.0,0.0,0,0.0,0,52.3,52,-0.1111111111111111,210.0,210,0.0,194.86000000000004,194.86
idlemain1_20260916_002402,idlemain1_20260916_002402.csv,2026-09-16 00:25:16,2026-09-16 00:25:25,10,Stable,0.4600000000000001,0.3596294389136314,113.1,112,-0.1111111111111111,,,,,,48.39,0.03162277660168424,48.4,0.0055,0.08420000000000001,0.0,0.0,0,0.0,0,52.3,53,0.1111111111111111,210.0,210,0.0,194.86000000000004,194.86
idlemain1_20260916_002402,idlemain1_20260916_002402.csv,2026-09-16 00:25:17,2026-09-16 00:25:26,10,Stable,0.45999999999999996,0.35962943891363136,113.0,112,-0.1111111111111111,,,,,,48.39999999999999,7.489778066296963e-15,48.4,0.0063,0.08810000000000001,0.0,0.0,0,0.0,0,52.3,52,0.0,210.0,210,0.0,194.86000000000004,194.86
idlemain1_20260916_002402,idlemain1_20260916_002402.csv,2026-09-16 00:25:18,2026-09-16 00:25:27,10,Stable,0.5199999999999999,0.37947331922020555,113.1,114,0.3333333333333333,,,,,,48.39999999999999,7.489778066296963e-15,48.4,0.0063,0.0883,0.0,0.0,0,0.0,0,52.3,52,0.0,210.0,210,0.0,194.86000000000004,194.86
idlemain1_20260916_002402,idlemain1_20260916_002402.csv,2026-09-16 00:25:19,2026-09-16 00:25:28,10,Stable,0.55,0.34399612400917157,113.6,116,0.4444444444444444,,,,,,48.39999999999999,7.489778066296963e-15,48.4,0.0063,0.0882,0.0,0.0,0,0.0,0,52.4,53,0.1111111111111111,210.0,210,0.0,194.86000000000004,194.86
idlemain1_20260916_002402,idlemain1_20260916_002402.csv,2026-09-16 00:25:20,2026-09-16 00:25:29,10,Stable,0.49000000000000005,0.3842742076521226,113.5,111,-0.2222222222222222,,,,,,48.39999999999999,7.489778066296963e-15,48.4,0.0063,0.0883,0.0,0.0,0,0.0,0,52.5,53,0.1111111111111111,210.0,210,0.0,194.86000000000004,194.86
idlemain1_20260916_002402,idlemain1_20260916_002402.csv,2026-09-16 00:25:21,2026-09-16 00:25:30,10,Stable,0.45999999999999996,0.4033195589934446,113.7,115,0.2222222222222222,,,,,,48.39999999999999,7.489778066296963e-15,48.4,0.0063,0.0665,0.0,0.0,0,0.0,0,52.5,52,-0.1111111111111111,210.0,210,0.0,194.86000000000004,194.86
idlemain1_20260916_002402,idlemain1_20260916_002402.csv,2026-09-16 00:25:22,2026-09-16 00:25:31,10,Stable,0.41999999999999993,0.4289522117905444,113.4,110,-0.6666666666666666,,,,,,48.39999999999999,7.489778066296963e-15,48.4,0.0063,0.08580000000000002,0.0,0.0,0,0.0,0,52.5,53,0.0,210.0,210,0.0,194.86000000000004,194.86
idlemain1_20260916_002402,idlemain1_20260916_002402.csv,2026-09-16 00:25:23,2026-09-16 00:25:32,10,Stable,0.33999999999999997,0.3306559138036599,112.9,111,-0.2222222222222222,,,,,,48.39999999999999,7.489778066296963e-15,48.4,0.0016,0.044,0.0,0.0,0,0.0,0,52.5,53,0.1111111111111111,210.0,210,0.0,194.86000000000004,194.86
idlemain1_20260916_002402,idlemain1_20260916_002402.csv,2026-09-16 00:25:24,2026-09-16 00:25:33,10,Stable,0.26,0.2716206504995115,113.1,115,0.0,,,,,,48.39999999999999,7.489778066296963e-15,48.4,0.0016,0.042100000000000005,0.0,0.0,0,0.0,0,52.5,52,0.0,210.0,210,0.0,194.86000000000004,194.86
idlemain1_20260916_002402,idlemain1_20260916_002402.csv,2026-09-16 00:25:25,2026-09-16 00:25:34,10,Stable,0.5,0.8192137151629673,115.1,135,2.5555555555555554,,,,,,48.39999999999999,7.489778066296963e-15,48.4,0.0016,0.042300000000000004,0.0,0.0,0,0.0,0,52.6,53,0.0,210.0,210,0.0,194.86000000000004,194.86
idlemain1_20260916_002402,idlemain1_20260916_002402.csv,2026-09-16 00:25:26,2026-09-16 00:25:35,10,Stable,0.4699999999999999,0.82872056676408,115.1,112,0.0,,,,,,48.39999999999999,7.489778066296963e-15,48.4,0.0079,0.0391,0.0,0.0,0,0.0,0,52.6,53,0.1111111111111111,210.0,210,0.0,194.86000000000004,194.86
idlemain1_20260916_002402,idlemain1_20260916_002402.csv,2026-09-16 00:25:27,2026-09-16 00:25:36,10,Stable,0.48999999999999994,0.8211780156174017,114.9,110,-0.4444444444444444,,,,,,48.39999999999999,7.489778066296963e-15,48.4,0.0063,0.055499999999999994,0.0,0.0,0,0.0,0,52.6,52,0.0,210.0,210,0.0,194.86000000000004,194.86
idlemain1_20260916_002402,idlemain1_20260916_002402.csv,2026-09-16 00:25:28,2026-09-16 00:25:37,10,Stable,0.44000000000000006,0.8085652588244056,114.8,113,-0.3333333333333333,,,,,,48.39999999999999,7.489778066296963e-15,48.4,0.0063,0.05569999999999999,0.0,0.0,0,0.0,0,52.7,53,0.0,210.0,210,0.0,194.86000000000004,194.86
idlemain1_20260916_002402,idlemain1_20260916_002402.csv,2026-09-16 00:25:29,2026-09-16 00:25:38,10,Stable,0.42000000000000004,0.8148619514985347,114.6,114,0.3333333333333333,,,,,,48.39999999999999,7.489778066296963e-15,48.4,0.011,0.0818,0.0,0.0,0,0.0,0,52.7,53,0.0,210.0,210,0.0,194.86000000000004,194.86
idlemain1_20260916_002402,idlemain1_20260916_002402.csv,2026-09-16 00:25:30,2026-09-16 00:25:39,10,Stable,0.47999999999999987,0.8024961059095552,114.2,107,-0.8888888888888888,,,,,,48.39999999999999,7.489778066296963e-15,48.4,0.011,0.08159999999999999,0.0,0.0,0,0.0,0,52.7,53,0.1111111111111111,210.0,210,0.0,194.86000000000004,194.86
idlemain1_20260916_002402,idlemain1_20260916_002402.csv,2026-09-16 00:25:31,2026-09-16 00:25:40,10,Stable,0.48,0.8024961059095552,114.2,115,0.5555555555555556,,,,,,48.39999999999999,7.489778066296963e-15,48.4,0.011,0.08130000000000001,0.0,0.0,0,0.0,0,52.8,53,0.0,210.0,210,0.0,194.86000000000004,194.86
idlemain1_20260916_002402,idlemain1_20260916_002402.csv,2026-09-16 00:25:32,2026-09-16 00:25:41,10,Stable,0.52,0.7857056276579247,114.9,117,0.6666666666666666,,,,,,48.39999999999999,7.489778066296963e-15,48.4,0.011,0.0623,0.0,0.0,0,0.0,0,52.8,53,0.0,210.0,210,0.0,194.86000000000004,194.86
idlemain1_20260916_002402,idlemain1_20260916_002402.csv,2026-09-16 00:25:33,2026-09-16 00:25:42,10,Stable,0.5700000000000001,0.7930952023559341,114.9,111,-0.4444444444444444,,,,,,48.39999999999999,7.489778066296963e-15,48.4,0.011,0.0784,0.0,0.0,0,0.0,0,52.8,53,0.1111111111111111,210.0,210,0.0,194.86000000000004,194.86
idlemain1_20260916_002402,idlemain1_20260916_002402.csv,2026-09-16 00:25:34,2026-09-16 00:25:43,10,Stable,0.5700000000000001,0.7930952023559341,115.0,116,-2.111111111111111,,,,,,48.39999999999999,7.489778066296963e-15,48.4,0.011,0.0782,0.0,0.0,0,0.0,0,52.9,53,0.0,210.0,210,0.0,194.86000000000004,194.86
idlemain1_20260916_002402,idlemain1_20260916_002402.csv,2026-09-16 00:25:35,2026-09-16 00:25:44,10,Stable,0.32999999999999996,0.26267851073127396,112.6,111,-0.1111111111111111,,,,,,48.39999999999999,7.489778066296963e-15,48.4,0.011,0.0981,0.0,0.0,0,1.1,11,52.9,53,0.0,210.0,210,0.0,194.86000000000004,194.86
idlemain1_20260916_002402,idlemain1_20260916_002402.csv,2026-09-16 00:25:36,2026-09-16 00:25:45,10,Stable,0.35,0.25055493963954845,112.5,111,0.1111111111111111,,,,,,48.39999999999999,7.489778066296963e-15,48.4,0.0168,0.084,0.0,0.0,0,1.1,0,52.9,53,0.1111111111111111,210.0,210,0.0,194.86000000000004,194.86
idlemain1_20260916_002402,idlemain1_20260916_002402.csv,2026-09-16 00:25:37,2026-09-16 00:25:46,10,Stable,0.35,0.25055493963954845,112.5,110,-0.3333333333333333,,,,,,48.39999999999999,7.489778066296963e-15,48.4,0.0168,0.0641,0.0,0.0,0,1.1,0,53.0,53,0.0,210.0,210,0.0,194.86000000000004,194.86
idlemain1_20260916_002402,idlemain1_20260916_002402.csv,2026-09-16 00:25:38,2026-09-16 00:25:47,10,Stable,0.33999999999999997,0.2503331114069145,112.3,111,-0.3333333333333333,,,,,,48.39999999999999,7.489778066296963e-15,48.4,0.0168,0.0758,0.0,0.0,0,1.1,0,53.0,53,0.0,210.0,210,0.0,194.86000000000004,194.86
idlemain1_20260916_002402,idlemain1_20260916_002402.csv,2026-09-16 00:25:39,2026-09-16 00:25:48,10,Stable,0.39,0.2469817807045694,112.9,120,1.4444444444444444,,,,,,48.39999999999999,7.489778066296963e-15,48.4,0.0121,0.0501,0.0,0.0,0,1.1,0,53.0,53,0.0,210.0,210,0.0,194.86000000000004,194.86
idlemain1_20260916_002402,idlemain1_20260916_002402.csv,2026-09-16 00:25:40,2026-09-16 00:25:49,10,Stable,0.54,0.596657355607052,114.7,125,1.1111111111111112,,,,,,48.42999999999999,0.09486832980505273,48.7,0.0152,0.0543,0.0,0.0,0,1.1,0,52.9,52,-0.1111111111111111,210.0,210,0.0,194.86000000000004,194.86
idlemain1_20260916_002402,idlemain1_20260916_002402.csv,2026-09-16 00:25:41,2026-09-16 00:25:50,10,Stable,0.7500000000000001,0.7691987172809551,114.8,116,-0.1111111111111111,,,,,,48.44,0.09660917830793096,48.5,0.0152,0.054000000000000006,0.0,0.0,0,1.1,0,52.9,53,0.0,210.0,210,0.0,194.86000000000004,194.86
idlemain1_20260916_002402,idlemain1_20260916_002402.csv,2026-09-16 00:25:42,2026-09-16 00:25:51,10,Stable,0.72,0.78993670632526,114.3,112,0.1111111111111111,,,,,,48.45,0.09718253158075638,48.5,0.5152,0.06889999999999999,0.0,0.0,0,1.1,0,52.9,53,0.0,210.0,210,0.0,194.86000000000004,194.86
idlemain1_20260916_002402,idlemain1_20260916_002402.csv,2026-09-16 00:25:43,2026-09-16 00:25:52,10,Stable,0.66,0.7974960814950754,114.8,116,0.0,,,,,,48.46,0.09660917830793096,48.5,0.5152,0.0626,0.0,0.0,0,1.1,0,52.9,53,0.0,210.0,210,0.0,194.86000000000004,194.86
idlemain1_20260916_002402,idlemain1_20260916_002402.csv,2026-09-16 00:25:44,2026-09-16 00:25:53,10,Stable,0.6599999999999999,0.7974960814950756,114.7,115,0.4444444444444444,,,,,,48.47,0.09486832980505272,48.5,0.5151999999999999,0.0638,0.0,0.0,0,1.1,0,52.9,53,0.0,210.0,210,0.0,194.86000000000004,194.86
idlemain1_20260916_002402,idlemain1_20260916_002402.csv,2026-09-16 00:25:45,2026-09-16 00:25:54,10,Stable,0.64,0.8099382692526635,115.2,116,0.5555555555555556,,,,,,48.48,0.09189365834726944,48.5,0.5151999999999999,0.0437,0.0,0.0,0,0.0,0,52.9,53,0.0,210.0,210,0.0,194.86000000000004,194.86
idlemain1_20260916_002402,idlemain1_20260916_002402.csv,2026-09-16 00:25:46,2026-09-16 00:25:55,10,Stable,0.6199999999999999,0.8216514535440872,115.0,109,-0.1111111111111111,,,,,,48.489999999999995,0.08755950357709257,48.5,0.5062,0.0658,0.0,0.0,0,0.0,0,52.9,53,0.0,210.0,210,0.0,194.86000000000004,194.86
idlemain1_20260916_002402,idlemain1_20260916_002402.csv,2026-09-16 00:25:47,2026-09-16 00:25:56,10,Stable,0.6,0.8326663997864531,114.8,108,-0.3333333333333333,,,,,,48.5,0.08164965809277376,48.5,0.5062,0.0655,0.0,0.0,0,0.0,0,52.9,53,0.0,210.0,210,0.0,194.86000000000004,194.86
idlemain1_20260916_002402,idlemain1_20260916_002402.csv,2026-09-16 00:25:48,2026-09-16 00:25:57,10,Stable,0.61,0.8292566952799759,115.0,113,-0.7777777777777778,,,,,,48.510000000000005,0.07378647873726323,48.5,0.5062,0.053500000000000006,0.0,0.0,0,0.0,0,52.9,53,0.0,210.0,210,0.0,194.86000000000004,194.86
idlemain1_20260916_002402,idlemain1_20260916_002402.csv,2026-09-16 00:25:49,2026-09-16 00:25:58,10,Stable,0.6000000000000002,0.8299933065325823,114.2,112,-1.4444444444444444,,,,,,48.519999999999996,0.06324555320336848,48.5,0.5062,0.064,0.0,0.0,0,0.0,0,52.9,53,0.1111111111111111,210.0,210,0.0,194.86000000000004,194.86
idlemain1_20260916_002402,idlemain1_20260916_002402.csv,2026-09-16 00:25:50,2026-09-16 00:25:59,10,Stable,0.47000000000000003,0.6515792780280506,112.7,110,-0.6666666666666666,,,,,,48.5,0.0,48.5,0.5031,0.06699999999999999,0.0,0.0,0,0.0,0,53.0,53,0.0,210.0,210,0.0,194.86000000000004,194.86
idlemain1_20260916_002402,idlemain1_20260916_002402.csv,2026-09-16 00:25:51,2026-09-16 00:26:00,10,Stable,0.29,0.23781411975649291,112.2,111,-0.1111111111111111,,,,,,48.5,0.0,48.5,0.5031,0.0675,0.0,0.0,0,0.0,0,53.0,53,0.0,210.0,210,0.0,194.86000000000004,194.86
idlemain1_20260916_002402,idlemain1_20260916_002402.csv,2026-09-16 00:25:52,2026-09-16 00:26:01,10,Stable,0.31,0.22827858224351907,112.3,113,-0.3333333333333333,,,,,,48.5,0.0,48.5,0.031200000000000006,0.053200000000000004,0.0,0.0,0,0.0,0,53.0,53,0.0,210.0,210,0.0,194.86000000000004,194.86
idlemain1_20260916_002402,idlemain1_20260916_002402.csv,2026-09-16 00:25:53,2026-09-16 00:26:02,10,Stable,0.31999999999999995,0.2299758441421379,112.0,113,-0.2222222222222222,,,,,,48.5,0.0,48.5,0.031200000000000006,0.04340000000000001,0.0,0.0,0,0.0,0,53.0,53,0.0,210.0,210,0.0,194.86000000000004,194.86
idlemain1_20260916_002402,idlemain1_20260916_002402.csv,2026-09-16 00:25:54,2026-09-16 00:26:03,10,Stable,0.35,0.2173067468400883,111.5,110,-0.6666666666666666,,,,,,48.5,0.0,48.5,0.031200000000000006,0.0631,0.0,0.0,0,0.0,0,53.0,53,0.0,210.0,210,0.0,194.86000000000004,194.86
idlemain1_20260916_002402,idlemain1_20260916_002402.csv,2026-09-16 00:25:55,2026-09-16 00:26:04,10,Stable,0.37,0.2002775851439974,110.9,110,0.1111111111111111,,,,,,48.5,0.0,48.5,0.03280000000000001,0.075,0.0,0.0,0,0.0,0,53.0,53,0.0,210.0,210,0.0,194.86000000000004,194.86
idlemain1_20260916_002402,idlemain1_20260916_002402.csv,2026-09-16 00:25:56,2026-09-16 00:26:05,10,Stable,0.39999999999999997,0.17638342073763938,111.0,110,0.2222222222222222,,,,,,48.5,0.0,48.5,0.029700000000000004,0.05249999999999999,0.0,0.0,0,0.0,0,53.0,53,0.0,210.0,210,0.0,194.86000000000004,194.86
idlemain1_20260916_002402,idlemain1_20260916_002402.csv,2026-09-16 00:25:57,2026-09-16 00:26:06,10,Stable,0.47000000000000003,0.18287822299126938,111.6,114,0.1111111111111111,,,,,,48.5,0.0,48.5,0.029700000000000004,0.0674,0.0,0.0,0,0.0,0,53.0,53,0.0,210.0,210,0.0,194.86000000000004,194.86
idlemain1_20260916_002402,idlemain1_20260916_002402.csv,2026-09-16 00:25:58,2026-09-16 00:26:07,10,Stable,0.53,0.24517567397911058,111.6,113,0.1111111111111111,,,,,,48.5,0.0,48.5,0.029700000000000004,0.06749999999999999,0.0,0.0,0,0.0,0,53.0,53,0.0,210.0,210,0.0,194.86000000000004,194.86
idlemain1_20260916_002402,idlemain1_20260916_002402.csv,2026-09-16 00:25:59,2026-09-16 00:26:08,10,Stable,0.54,0.24585451886114368,111.8,114,0.4444444444444444,,,,,,48.5,0.0,48.5,0.029700000000000004,0.0635,0.0,0.0,0,0.0,0,53.0,53,0.0,210.0,210,0.0,194.86000000000004,194.86
idlemain1_20260916_002402,idlemain1_20260916_002402.csv,2026-09-16 00:26:00,2026-09-16 00:26:09,10,Stable,0.5399999999999999,0.24585451886114368,112.1,113,0.2222222222222222,,,,,,48.5,0.0,48.5,0.029700000000000004,0.056299999999999996,0.0,0.0,0,0.0,0,53.0,53,0.0,210.0,210,0.0,194.86000000000004,194.86
idlemain1_20260916_002402,idlemain1_20260916_002402.csv,2026-09-16 00:26:01,2026-09-16 00:26:10,10,Stable,0.51,0.2806737924669451,112.1,111,-0.2222222222222222,,,,,,48.5,0.0,48.5,0.029700000000000004,0.055999999999999994,0.0,0.0,0,0.0,0,53.0,53,0.0,210.0,210,0.0,194.86000000000004,194.86
idlemain1_20260916_002402,idlemain1_20260916_002402.csv,2026-09-16 00:26:02,2026-09-16 00:26:11,10,Stable,0.52,0.27406406388125953,111.9,111,-0.2222222222222222,,,,,,48.5,0.0,48.5,0.0063,0.08559999999999998,0.0,0.0,0,0.0,0,53.0,53,0.0,210.0,210,0.0,194.86000000000004,194.86
idlemain1_20260916_002402,idlemain1_20260916_002402.csv,2026-09-16 00:26:03,2026-09-16 00:26:12,10,Stable,0.51,0.2806737924669451,111.6,110,0.0,,,,,,48.5,0.0,48.5,0.0094,0.08729999999999999,0.0,0.0,0,0.0,0,53.0,53,0.0,210.0,210,0.0,194.86000000000004,194.86
idlemain1_20260916_002402,idlemain1_20260916_002402.csv,2026-09-16 00:26:04,2026-09-16 00:26:13,10,Stable,0.52,0.2780887148615228,112.0,114,0.4444444444444444,,,,,,48.5,0.0,48.5,0.0094,0.0769,0.0,0.0,0,0.0,0,53.0,53,0.0,210.0,210,0.0,194.86000000000004,194.86
idlemain1_20260916_002402,idlemain1_20260916_002402.csv,2026-09-16 00:26:05,2026-09-16 00:26:14,10,Stable,0.5,0.30184617127124724,112.2,112,0.2222222222222222,,,,,,48.5,0.0,48.5,0.0078,0.0653,0.0,0.0,0,0.0,0,53.0,53,0.0,210.0,210,0.0,194.86000000000004,194.86
idlemain1_20260916_002402,idlemain1_20260916_002402.csv,2026-09-16 00:26:06,2026-09-16 00:26:15,10,Stable,0.4699999999999999,0.3267686915507325,112.7,115,0.1111111111111111,,,,,,48.5,0.0,48.5,0.0078,0.0656,0.0,0.0,0,0.0,0,53.0,53,0.0,210.0,210,0.0,194.86000000000004,194.86
idlemain1_20260916_002402,idlemain1_20260916_002402.csv,2026-09-16 00:26:07,2026-09-16 00:26:16,10,Stable,0.43,0.30568684048294337,112.7,114,0.1111111111111111,,,,,,48.5,0.0,48.5,0.0078,0.0511,0.0,0.0,0,0.5,5,53.0,53,0.0,210.0,210,0.0,194.86000000000004,194.86
idlemain1_20260916_002402,idlemain1_20260916_002402.csv,2026-09-16 00:26:08,2026-09-16 00:26:17,10,Stable,0.37,0.23118054512532937,113.1,117,0.3333333333333333,,,,,,48.5,0.0,48.5,0.0078,0.054000000000000006,0.0,0.0,0,0.5,0,53.0,53,0.0,210.0,210,0.0,194.86000000000004,194.86
idlemain1_20260916_002402,idlemain1_20260916_002402.csv,2026-09-16 00:26:09,2026-09-16 00:26:18,10,Stable,0.35,0.2173067468400883,113.0,113,0.0,,,,,,48.5,0.0,48.5,0.0078,0.06839999999999999,0.0,0.0,0,0.5,0,53.0,53,0.0,210.0,210,0.0,194.86000000000004,194.86
idlemain1_20260916_002402,idlemain1_20260916_002402.csv,2026-09-16 00:26:10,2026-09-16 00:26:19,10,Stable,0.27999999999999997,0.16193277068654824,113.2,115,0.4444444444444444,,,,,,48.5,0.0,48.5,0.0078,0.0738,0.0,0.0,0,0.5,0,53.0,53,0.0,210.0,210,0.0,194.86000000000004,194.86
idlemain1_20260916_002402,idlemain1_20260916_002402.csv,2026-09-16 00:26:11,2026-09-16 00:26:20,10,Stable,0.27999999999999997,0.16193277068654824,113.4,113,0.2222222222222222,,,,,,48.5,0.0,48.5,0.0078,0.0736,0.0,0.0,0,0.5,0,53.0,53,0.0,210.0,210,0.0,194.86000000000004,194.86
idlemain1_20260916_002402,idlemain1_20260916_002402.csv,2026-09-16 00:26:12,2026-09-16 00:26:21,10,Stable,0.29,0.1728840330651992,113.6,113,0.3333333333333333,,,,,,48.5,0.0,48.5,0.007200000000000001,0.059699999999999996,0.0,0.0,0,0.5,0,53.0,53,0.0,210.0,210,0.0,194.86000000000004,194.86
idlemain1_20260916_002402,idlemain1_20260916_002402.csv,2026-09-16 00:26:13,2026-09-16 00:26:22,10,Stable,0.29,0.1728840330651992,114.2,116,0.2222222222222222,,,,,,48.5,0.0,48.5,0.0041,0.0596,0.0,0.0,0,0.5,0,53.0,53,0.0,210.0,210,0.0,194.86000000000004,194.86
idlemain1_20260916_002402,idlemain1_20260916_002402.csv,2026-09-16 00:26:14,2026-09-16 00:26:23,10,Stable,0.26999999999999996,0.15670212364724212,114.0,112,0.0,,,,,,48.5,0.0,48.5,0.0041,0.04990000000000001,0.0,0.0,0,0.5,0,53.0,53,0.0,210.0,210,0.0,194.86000000000004,194.86
idlemain1_20260916_002402,idlemain1_20260916_002402.csv,2026-09-16 00:26:15,2026-09-16 00:26:24,10,Stable,0.31999999999999995,0.17511900715418263,114.1,113,-0.2222222222222222,,,,,,48.5,0.0,48.5,0.0045,0.0629,0.0,0.0,0,0.5,0,53.0,53,0.0,210.0,210,0.0,194.86000000000004,194.86
idlemain1_20260916_002402,idlemain1_20260916_002402.csv,2026-09-16 00:26:16,2026-09-16 00:26:25,10,Stable,0.4,0.23570226039551584,114.0,114,0.0,,,,,,48.5,0.0,48.5,0.0045,0.0639,0.0,0.0,0,0.5,0,53.0,53,0.0,210.0,210,0.0,194.86000000000004,194.86
idlemain1_20260916_002402,idlemain1_20260916_002402.csv,2026-09-16 00:26:17,2026-09-16 00:26:26,10,Stable,0.4,0.23570226039551584,113.9,113,-0.4444444444444444,,,,,,48.5,0.0,48.5,0.0045,0.0635,0.0,0.0,0,0.0,0,53.0,53,0.0,210.0,210,0.0,194.86000000000004,194.86
idlemain1_20260916_002402,idlemain1_20260916_002402.csv,2026-09-16 00:26:18,2026-09-16 00:26:27,10,Stable,0.39,0.23781411975649291,113.5,113,0.0,,,,,,48.5,0.0,48.5,0.0092,0.09160000000000001,0.0,0.0,0,0.0,0,53.0,53,0.0,210.0,210,0.0,194.86000000000004,194.86
idlemain1_20260916_002402,idlemain1_20260916_002402.csv,2026-09-16 00:26:19,2026-09-16 00:26:28,10,Stable,0.45,0.30641293851417056,112.8,106,-1.0,,,,,,48.5,0.0,48.5,0.0092,0.0703,0.0,0.0,0,0.0,0,53.0,53,0.0,210.0,210,0.0,194.86000000000004,194.86
idlemain1_20260916_002402,idlemain1_20260916_002402.csv,2026-09-16 00:26:20,2026-09-16 00:26:29,10,Stable,0.5800000000000001,0.40221608343995613,112.8,115,0.2222222222222222,,,,,,48.5,0.0,48.5,0.0092,0.0751,0.0,0.0,0,0.0,0,53.0,53,0.0,210.0,210,0.0,194.86000000000004,194.86
idlemain1_20260916_002402,idlemain1_20260916_002402.csv,2026-09-16 00:26:21,2026-09-16 00:26:30,10,Stable,0.6199999999999999,0.36757463338907254,112.9,114,0.1111111111111111,,,,,,48.5,0.0,48.5,0.0092,0.0752,0.0,0.0,0,0.0,0,53.0,53,0.0,210.0,210,0.0,194.86000000000004,194.86
idlemain1_20260916_002402,idlemain1_20260916_002402.csv,2026-09-16 00:26:22,2026-09-16 00:26:31,10,Stable,0.6299999999999999,0.3653004851412661,113.2,116,0.0,,,,,,48.5,0.0,48.5,0.0051,0.058699999999999995,0.0,0.0,0,0.0,0,53.0,53,0.0,210.0,210,0.0,194.86000000000004,194.86
idlemain1_20260916_002402,idlemain1_20260916_002402.csv,2026-09-16 00:26:23,2026-09-16 00:26:32,10,Stable,0.61,0.39001424475410007,113.3,117,0.5555555555555556,,,,,,48.5,0.0,48.5,0.0051,0.057100000000000005,0.0,0.0,0,0.0,0,53.0,53,0.0,210.0,210,0.0,194.86000000000004,194.86
idlemain1_20260916_002402,idlemain1_20260916_002402.csv,2026-09-16 00:26:24,2026-09-16 00:26:33,10,Stable,0.61,0.3900142447541001,113.4,113,0.0,,,,,,48.5,0.0,48.5,0.0051,0.056400000000000006,0.0,0.0,0,0.0,0,53.0,53,0.0,210.0,210,0.0,194.86000000000004,194.86
idlemain1_20260916_002402,idlemain1_20260916_002402.csv,2026-09-16 00:26:25,2026-09-16 00:26:34,10,Stable,0.59,0.39567101935263793,112.8,107,-0.7777777777777778,,,,,,48.5,0.0,48.5,0.0047,0.06,0.0,0.0,0,0.0,0,53.0,53,0.0,210.0,210,0.0,194.86000000000004,194.86
idlemain1_20260916_002402,idlemain1_20260916_002402.csv,2026-09-16 00:26:26,2026-09-16 00:26:35,10,Stable,0.53,0.3888730155490635,112.7,113,0.0,,,,,,48.5,0.0,48.5,0.0109,0.0728,0.0,0.0,0,0.0,0,53.0,53,0.0,210.0,210,0.0,194.86000000000004,194.86
idlemain1_20260916_002402,idlemain1_20260916_002402.csv,2026-09-16 00:26:27,2026-09-16 00:26:36,10,Stable,0.5199999999999999,0.3938414796731181,112.6,112,-0.1111111111111111,,,,,,48.5,0.0,48.5,0.0109,0.0732,0.0,0.0,0,0.0,0,53.0,53,0.0,210.0,210,0.0,194.86000000000004,194.86
idlemain1_20260916_002402,idlemain1_20260916_002402.csv,2026-09-16 00:26:28,2026-09-16 00:26:37,10,Stable,0.48999999999999994,0.4228212125447087,112.5,112,0.6666666666666666,,,,,,48.5,0.0,48.5,0.0062,0.042499999999999996,0.0,0.0,0,0.0,0,53.0,53,0.0,210.0,210,0.0,194.86000000000004,194.86
idlemain1_20260916_002402,idlemain1_20260916_002402.csv,2026-09-16 00:26:29,2026-09-16 00:26:38,10,Stable,0.39999999999999997,0.39721250959376614,113.6,117,0.2222222222222222,,,,,,48.5,0.0,48.5,0.0062,0.0426,0.0,0.0,0,0.0,0,53.0,53,0.0,210.0,210,0.0,194.86000000000004,194.86
idlemain1_20260916_002402,idlemain1_20260916_002402.csv,2026-09-16 00:26:30,2026-09-16 00:26:39,10,Stable,0.31,0.19692073983655906,113.6,115,0.1111111111111111,,,,,,48.5,0.0,48.5,0.0062,0.052700000000000004,0.0,0.0,0,0.0,0,53.0,53,0.0,210.0,210,0.0,194.86000000000004,194.86
idlemain1_20260916_002402,idlemain1_20260916_002402.csv,2026-09-16 00:26:31,2026-09-16 00:26:40,10,Stable,0.26999999999999996,0.1946506842754191,113.2,110,-0.6666666666666666,,,,,,48.5,0.0,48.5,0.0062,0.0528,0.0,0.0,0,0.0,0,53.0,53,0.0,210.0,210,0.0,194.86000000000004,194.86
idlemain1_20260916_002402,idlemain1_20260916_002402.csv,2026-09-16 00:26:32,2026-09-16 00:26:41,10,Stable,0.21000000000000002,0.1728840330651992,112.8,112,-0.5555555555555556,,,,,,48.5,0.0,48.5,0.0062,0.0529,0.0,0.0,0,0.4,4,53.0,53,0.0,210.0,210,0.0,194.86000000000004,194.86
idlemain1_20260916_002402,idlemain1_20260916_002402.csv,2026-09-16 00:26:33,2026-09-16 00:26:42,10,Stable,0.31999999999999995,0.35213633723318016,112.4,113,0.0,,,,,,48.5,0.0,48.5,0.0062,0.0536,0.0,0.0,0,0.4,0,53.0,53,0.0,210.0,210,0.0,194.86000000000004,194.86
idlemain1_20260916_002402,idlemain1_20260916_002402.csv,2026-09-16 00:26:34,2026-09-16 00:26:43,10,Stable,0.33999999999999997,0.35652645218989165,112.2,111,0.4444444444444444,,,,,,48.5,0.0,48.5,0.0062,0.053500000000000006,0.0,0.0,0,0.4,0,53.0,53,0.0,210.0,210,0.0,194.86000000000004,194.86
idlemain1_20260916_002402,idlemain1_20260916_002402.csv,2026-09-16 00:26:35,2026-09-16 00:26:44,10,Stable,0.38,0.3852848873813304,112.6,111,-0.2222222222222222,,,,,,48.5,0.0,48.5,0.0109,0.0792,0.0,0.0,0,0.4,0,53.0,53,0.0,210.0,210,0.0,194.86000000000004,194.86
idlemain1_20260916_002402,idlemain1_20260916_002402.csv,2026-09-16 00:26:36,2026-09-16 00:26:45,10,Stable,0.38,0.3852848873813304,112.9,116,0.4444444444444444,,,,,,48.5,0.0,48.5,0.0047,0.0653,0.0,0.0,0,0.4,0,53.0,53,0.0,210.0,210,0.0,194.86000000000004,194.86
idlemain1_20260916_002402,idlemain1_20260916_002402.csv,2026-09-16 00:26:37,2026-09-16 00:26:46,10,Stable,0.41,0.3900142447541001,112.8,111,-0.1111111111111111,,,,,,48.5,0.0,48.5,0.0047,0.0648,0.0,0.0,0,0.4,0,53.0,53,0.0,210.0,210,0.0,194.86000000000004,194.86
idlemain1_20260916_002402,idlemain1_20260916_002402.csv,2026-09-16 00:26:38,2026-09-16 00:26:47,10,Stable,0.45999999999999996,0.36270588023294514,112.9,113,-0.4444444444444444,,,,,,48.5,0.0,48.5,0.0047,0.0648,0.0,0.0,0,0.4,0,53.0,53,0.0,210.0,210,0.0,194.86000000000004,194.86
idlemain1_20260916_002402,idlemain1_20260916_002402.csv,2026-09-16 00:26:39,2026-09-16 00:26:48,10,Stable,0.5700000000000001,0.4056544780420346,112.6,114,-0.1111111111111111,,,,,,48.5,0.0,48.5,0.0047,0.065,0.0,0.0,0,0.4,0,53.0,53,0.0,210.0,210,0.0,194.86000000000004,194.86
idlemain1_20260916_002402,idlemain1_20260916_002402.csv,2026-09-16 00:26:40,2026-09-16 00:26:49,10,Stable,0.53,0.4321779468896785,112.2,111,0.1111111111111111,,,,,,48.5,0.0,48.5,0.0047,0.046200000000000005,0.0,0.0,0,0.4,0,53.0,53,0.0,210.0,210,0.0,194.86000000000004,194.86
idlemain1_20260916_002402,idlemain1_20260916_002402.csv,2026-09-16 00:26:41,2026-09-16 00:26:50,10,Stable,0.5299999999999999,0.43217794688967853,112.5,113,0.1111111111111111,,,,,,48.5,0.0,48.5,0.0047,0.0648,0.0,0.0,0,0.4,0,53.0,53,0.0,210.0,210,0.0,194.86000000000004,194.86
idlemain1_20260916_002402,idlemain1_20260916_002402.csv,2026-09-16 00:26:42,2026-09-16 00:26:51,10,Stable,0.5700000000000001,0.39454615277134136,112.3,110,-0.3333333333333333,,,,,,48.5,0.0,48.5,0.0047,0.07780000000000001,0.0,0.0,0,0.0,0,53.0,53,0.0,210.0,210,0.0,194.86000000000004,194.86
idlemain1_20260916_002402,idlemain1_20260916_002402.csv,2026-09-16 00:26:43,2026-09-16 00:26:52,10,Stable,0.52,0.33266599866332397,112.5,115,0.4444444444444444,,,,,,48.5,0.0,48.5,0.0047,0.09380000000000001,0.0,0.0,0,0.0,0,53.0,53,0.0,210.0,210,0.0,194.86000000000004,194.86
idlemain1_20260916_002402,idlemain1_20260916_002402.csv,2026-09-16 00:26:44,2026-09-16 00:26:53,10,Stable,0.53,0.33349995835415364,112.5,111,0.0,,,,,,48.5,0.0,48.5,0.0047,0.0941,0.0,0.0,0,0.0,0,53.0,53,0.0,210.0,210,0.0,194.86000000000004,194.86
idlemain1_20260916_002402,idlemain1_20260916_002402.csv,2026-09-16 00:26:45,2026-09-16 00:26:54,10,Stable,0.47999999999999987,0.3259175083088084,113.0,116,0.0,,,,,,48.5,0.0,48.5,0.0,0.051500000000000004,0.0,0.0,0,0.0,0,53.0,53,0.0,210.0,210,0.0,194.86000000000004,194.86
idlemain1_20260916_002402,idlemain1_20260916_002402.csv,2026-09-16 00:26:46,2026-09-16 00:26:55,10,Stable,0.45999999999999996,0.3438345855527367,113.1,117,0.6666666666666666,,,,,,48.5,0.0,48.5,0.0,0.0684,0.0,0.0,0,0.0,0,53.0,53,0.0,210.0,210,0.0,194.86000000000004,194.86
idlemain1_20260916_002402,idlemain1_20260916_002402.csv,2026-09-16 00:26:47,2026-09-16 00:26:56,10,Stable,0.45,0.3407508050043479,113.5,115,0.2222222222222222,,,,,,48.5,0.0,48.5,0.0,0.06870000000000001,0.0,0.0,0,0.0,0,53.0,53,0.0,210.0,210,0.0,194.86000000000004,194.86
idlemain1_20260916_002402,idlemain1_20260916_002402.csv,2026-09-16 00:26:48,2026-09-16 00:26:57,10,Stable,0.43,0.3433495141818157,113.4,112,-0.2222222222222222,,,,,,48.5,0.0,48.5,0.0,0.06860000000000001,0.0,0.0,0,0.0,0,53.0,53,0.0,210.0,210,0.0,194.86000000000004,194.86
idlemain1_20260916_002402,idlemain1_20260916_002402.csv,2026-09-16 00:26:49,2026-09-16 00:26:58,10,Stable,0.33999999999999997,0.21186998109427604,112.9,109,-0.2222222222222222,,,,,,48.5,0.0,48.5,0.0,0.0683,0.0,0.0,0,0.0,0,53.0,53,0.0,210.0,210,0.0,194.86000000000004,194.86
idlemain1_20260916_002402,idlemain1_20260916_002402.csv,2026-09-16 00:26:50,2026-09-16 00:26:59,10,Stable,0.33999999999999997,0.21186998109427602,112.7,109,-0.4444444444444444,,,,,,48.5,0.0,48.5,0.0,0.084,0.0,0.0,0,0.0,0,53.0,53,0.0,210.0,210,0.0,194.86000000000004,194.86
idlemain1_20260916_002402,idlemain1_20260916_002402.csv,2026-09-16 00:26:51,2026-09-16 00:27:00,10,Stable,0.36,0.19550504398153573,112.3,109,-0.1111111111111111,,,,,,48.5,0.0,48.5,0.0031,0.09640000000000001,0.0,0.0,0,0.0,0,53.0,53,0.0,210.0,210,0.0,194.86000000000004,194.86
idlemain1_20260916_002402,idlemain1_20260916_002402.csv,2026-09-16 00:26:52,2026-09-16 00:27:01,10,Stable,0.31999999999999995,0.2250925735484551,112.4,111,-0.4444444444444444,,,,,,48.5,0.0,48.5,0.0031,0.08360000000000001,0.0,0.0,0,0.2,2,53.0,53,0.0,210.0,210,0.0,194.86000000000004,194.86
idlemain1_20260916_002402,idlemain1_20260916_002402.csv,2026-09-16 00:26:53,2026-09-16 00:27:02,10,Stable,0.3,0.19436506316151,112.3,114,0.3333333333333333,,,,,,48.5,0.0,48.5,0.0031,0.0669,0.0,0.0,0,0.2,0,53.0,53,0.0,210.0,210,0.0,194.86000000000004,194.86
idlemain1_20260916_002402,idlemain1_20260916_002402.csv,2026-09-16 00:26:54,2026-09-16 00:27:03,10,Stable,0.24000000000000005,0.18378731669453627,112.1,109,-0.7777777777777778,,,,,,48.5,0.0,48.5,0.0031,0.0666,0.0,0.0,0,0.2,0,53.0,53,0.0,210.0,210,0.0,194.86000000000004,194.86
idlemain1_20260916_002402,idlemain1_20260916_002402.csv,2026-09-16 00:26:55,2026-09-16 00:27:04,10,Stable,0.24,0.18378731669453627,111.6,111,-0.6666666666666666,,,,,,48.5,0.0,48.5,0.0031,0.08460000000000001,0.0,0.0,0,0.2,0,53.0,53,0.0,210.0,210,0.0,194.86000000000004,194.86
idlemain1_20260916_002402,idlemain1_20260916_002402.csv,2026-09-16 00:26:56,2026-09-16 00:27:05,10,Stable,0.27999999999999997,0.19321835661585918,110.6,107,-0.8888888888888888,,,,,,48.5,0.0,48.5,0.0031,0.0675,0.0,0.0,0,0.2,0,53.0,53,0.0,210.0,210,0.0,194.86000000000004,194.86
idlemain1_20260916_002402,idlemain1_20260916_002402.csv,2026-09-16 00:26:57,2026-09-16 00:27:06,10,Stable,0.24,0.18378731669453627,110.1,110,-0.2222222222222222,,,,,,48.5,0.0,48.5,0.0031,0.0739,0.0,0.0,0,0.2,0,53.0,53,0.0,210.0,210,0.0,194.86000000000004,194.86
idlemain1_20260916_002402,idlemain1_20260916_002402.csv,2026-09-16 00:26:58,2026-09-16 00:27:07,10,Stable,0.24,0.18378731669453627,109.8,109,0.0,,,,,,48.5,0.0,48.5,0.0031,0.07359999999999998,0.0,0.0,0,0.2,0,53.0,53,0.0,210.0,210,0.0,194.86000000000004,194.86
idlemain1_20260916_002402,idlemain1_20260916_002402.csv,2026-09-16 00:26:59,2026-09-16 00:27:08,10,Stable,0.25999999999999995,0.20110804171997806,110.3,114,0.5555555555555556,,,,,,48.5,0.0,48.5,0.0031,0.0749,0.0,0.0,0,0.2,0,53.0,53,0.0,210.0,210,0.0,194.86000000000004,194.86
idlemain1_20260916_002402,idlemain1_20260916_002402.csv,2026-09-16 00:27:00,2026-09-16 00:27:09,10,Stable,0.3,0.20548046676563256,110.6,112,0.3333333333333333,,,,,,48.5,0.0,48.5,0.0031,0.05770000000000001,0.0,0.0,0,0.2,0,53.0,53,0.0,210.0,210,0.0,194.86000000000004,194.86
idlemain1_20260916_002402,idlemain1_20260916_002402.csv,2026-09-16 00:27:01,2026-09-16 00:27:10,10,Stable,0.28,0.214993539954628,111.2,115,0.4444444444444444,,,,,,48.5,0.0,48.5,0.0,0.026600000000000002,0.0,0.0,0,0.2,0,53.0,53,0.0,210.0,210,0.0,194.86000000000004,194.86
idlemain1_20260916_002402,idlemain1_20260916_002402.csv,2026-09-16 00:27:02,2026-09-16 00:27:11,10,Stable,0.29000000000000004,0.2024845673131659,111.2,111,-0.3333333333333333,,,,,,48.5,0.0,48.5,0.0,0.05489999999999999,0.0,0.0,0,0.0,0,53.0,53,0.0,210.0,210,0.0,194.86000000000004,194.86
idlemain1_20260916_002402,idlemain1_20260916_002402.csv,2026-09-16 00:27:03,2026-09-16 00:27:12,10,Stable,0.29,0.2024845673131659,111.4,116,0.7777777777777778,,,,,,48.5,0.0,48.5,0.0,0.05499999999999999,0.0,0.0,0,0.0,0,53.0,53,0.0,210.0,210,0.0,194.86000000000004,194.86
idlemain1_20260916_002402,idlemain1_20260916_002402.csv,2026-09-16 00:27:04,2026-09-16 00:27:13,10,Stable,0.30000000000000004,0.18856180831641264,111.5,110,-0.1111111111111111,,,,,,48.5,0.0,48.5,0.0,0.05499999999999999,0.0,0.0,0,0.0,0,53.0,53,0.0,210.0,210,0.0,194.86000000000004,194.86
idlemain1_20260916_002402,idlemain1_20260916_002402.csv,2026-09-16 00:27:05,2026-09-16 00:27:14,10,Stable,0.30999999999999994,0.1911950719959998,112.0,116,1.0,,,,,,48.5,0.0,48.5,0.0,0.0383,0.0,0.0,0,0.0,0,53.0,53,0.0,210.0,210,0.0,194.86000000000004,194.86
idlemain1_20260916_002402,idlemain1_20260916_002402.csv,2026-09-16 00:27:06,2026-09-16 00:27:15,10,Stable,0.3,0.18257418583505536,113.0,117,0.7777777777777778,,,,,,48.5,0.0,48.5,0.0,0.0385,0.0,0.0,0,0.0,0,53.0,53,0.0,210.0,210,0.0,194.86000000000004,194.86
idlemain1_20260916_002402,idlemain1_20260916_002402.csv,2026-09-16 00:27:07,2026-09-16 00:27:16,10,Stable,0.35,0.19002923751652298,113.3,113,0.4444444444444444,,,,,,48.5,0.0,48.5,0.0,0.0486,0.0,0.0,0,0.0,0,53.0,53,0.0,210.0,210,0.0,194.86000000000004,194.86
idlemain1_20260916_002402,idlemain1_20260916_002402.csv,2026-09-16 00:27:08,2026-09-16 00:27:17,10,Stable,0.38999999999999996,0.2183269719175042,113.4,110,-0.4444444444444444,,,,,,48.5,0.0,48.5,0.0047,0.0648,0.0,0.0,0,0.0,0,53.0,53,0.0,210.0,210,0.0,194.86000000000004,194.86
idlemain1_20260916_002402,idlemain1_20260916_002402.csv,2026-09-16 00:27:09,2026-09-16 00:27:18,10,Stable,0.38,0.214993539954628,113.4,114,0.2222222222222222,,,,,,48.5,0.0,48.5,0.0047,0.0637,0.0,0.0,0,0.0,0,53.0,53,0.0,210.0,210,0.0,194.86000000000004,194.86
idlemain1_20260916_002402,idlemain1_20260916_002402.csv,2026-09-16 00:27:10,2026-09-16 00:27:19,10,Stable,0.4299999999999999,0.2907843798341918,113.4,112,-0.3333333333333333,,,,,,48.5,0.0,48.5,0.0047,0.0639,0.0,0.0,0,0.0,0,53.0,53,0.0,210.0,210,0.0,194.86000000000004,194.86
idlemain1_20260916_002402,idlemain1_20260916_002402.csv,2026-09-16 00:27:11,2026-09-16 00:27:20,10,Stable,0.4600000000000001,0.26749870196985176,112.9,110,-0.1111111111111111,,,,,,48.5,0.0,48.5,0.0047,0.0638,0.0,0.0,0,0.0,0,53.0,53,0.0,210.0,210,0.0,194.86000000000004,194.86
idlemain1_20260916_002402,idlemain1_20260916_002402.csv,2026-09-16 00:27:12,2026-09-16 00:27:21,10,Stable,0.45999999999999996,0.2674987019698517,113.2,114,-0.2222222222222222,,,,,,48.5,0.0,48.5,0.0047,0.05840000000000001,0.0,0.0,0,0.0,0,53.0,53,0.0,210.0,210,0.0,194.86000000000004,194.86
idlemain1_20260916_002402,idlemain1_20260916_002402.csv,2026-09-16 00:27:13,2026-09-16 00:27:22,10,Stable,0.41999999999999993,0.28982753492378877,113.1,115,0.5555555555555556,,,,,,48.5,0.0,48.5,0.0047,0.0695,0.0,0.0,0,0.0,0,53.0,53,0.0,210.0,210,0.0,194.86000000000004,194.86
idlemain1_20260916_002402,idlemain1_20260916_002402.csv,2026-09-16 00:27:14,2026-09-16 00:27:23,10,Stable,0.41999999999999993,0.28982753492378877,113.3,112,-0.4444444444444444,,,,,,48.5,0.0,48.5,0.0047,0.0698,0.0,0.0,0,0.0,0,53.0,53,0.0,210.0,210,0.0,194.86000000000004,194.86
idlemain1_20260916_002402,idlemain1_20260916_002402.csv,2026-09-16 00:27:15,2026-09-16 00:27:24,10,Stable,0.41000000000000003,0.29230881691191674,113.0,113,-0.4444444444444444,,,,,,48.5,0.0,48.5,0.0047,0.0685,0.0,0.0,0,0.0,0,53.0,53,0.0,210.0,210,0.0,194.86000000000004,194.86
idlemain1_20260916_002402,idlemain1_20260916_002402.csv,2026-09-16 00:27:16,2026-09-16 00:27:25,10,Stable,0.41,0.2923088169119167,112.8,115,0.2222222222222222,,,,,,48.5,0.0,48.5,0.0047,0.06860000000000001,0.0,0.0,0,0.0,0,53.0,53,0.0,210.0,210,0.0,194.86000000000004,194.86
idlemain1_20260916_002402,idlemain1_20260916_002402.csv,2026-09-16 00:27:17,2026-09-16 00:27:26,10,Stable,0.42000000000000004,0.3011090610836324,113.1,116,0.6666666666666666,,,,,,48.5,0.0,48.5,0.0047,0.0521,0.0,0.0,0,0.0,0,53.0,53,0.0,210.0,210,0.0,194.86000000000004,194.86
idlemain1_20260916_002402,idlemain1_20260916_002402.csv,2026-09-16 00:27:18,2026-09-16 00:27:27,10,Stable,0.39,0.28460498941515416,113.5,114,0.0,,,,,,48.5,0.0,48.5,0.0,0.0521,0.0,0.0,0,0.0,0,53.0,53,0.0,210.0,210,0.0,194.86000000000004,194.86
idlemain1_20260916_002402,idlemain1_20260916_002402.csv,2026-09-16 00:27:19,2026-09-16 00:27:28,10,Stable,0.36,0.2988868236194653,113.3,112,0.0,,,,,,48.5,0.0,48.5,0.0,0.05740000000000001,0.0,0.0,0,0.0,0,53.0,53,0.0,210.0,210,0.0,194.86000000000004,194.86
idlemain1_20260916_002402,idlemain1_20260916_002402.csv,2026-09-16 00:27:20,2026-09-16 00:27:29,10,Stable,0.35,0.27588242262078083,113.2,111,0.1111111111111111,,,,,,48.5,0.0,48.5,0.0,0.05750000000000001,0.0,0.0,0,0.0,0,53.0,53,0.0,210.0,210,0.0,194.86000000000004,194.86
idlemain1_20260916_002402,idlemain1_20260916_002402.csv,2026-09-16 00:27:21,2026-09-16 00:27:30,10,Stable,0.36,0.27968235951204046,113.6,114,0.0,,,,,,48.5,0.0,48.5,0.0,0.057800000000000004,0.0,0.0,0,0.0,0,53.0,53,0.0,210.0,210,0.0,194.86000000000004,194.86
idlemain1_20260916_002402,idlemain1_20260916_002402.csv,2026-09-16 00:27:22,2026-09-16 00:27:31,10,Stable,0.38,0.26583202716502513,113.7,115,0.0,,,,,,48.5,0.0,48.5,0.0,0.0345,0.0,0.0,0,0.0,0,53.0,53,0.0,210.0,210,0.0,194.86000000000004,194.86
idlemain1_20260916_002402,idlemain1_20260916_002402.csv,2026-09-16 00:27:23,2026-09-16 00:27:32,10,Stable,0.41,0.24698178070456936,113.6,114,0.2222222222222222,,,,,,48.5,0.0,48.5,0.0,0.046,0.0,0.0,0,0.0,0,53.0,53,0.0,210.0,210,0.0,194.86000000000004,194.86
idlemain1_20260916_002402,idlemain1_20260916_002402.csv,2026-09-16 00:27:24,2026-09-16 00:27:33,10,Stable,0.41,0.24698178070456936,113.7,113,0.0,,,,,,48.5,0.0,48.5,0.0047,0.06670000000000001,0.0,0.0,0,0.0,0,53.0,53,0.0,210.0,210,0.0,194.86000000000004,194.86
idlemain1_20260916_002402,idlemain1_20260916_002402.csv,2026-09-16 00:27:25,2026-09-16 00:27:34,10,Stable,0.41,0.24698178070456936,113.3,109,-0.6666666666666666,,,,,,48.5,0.0,48.5,0.0047,0.0671,0.0,0.0,0,0.0,0,53.0,53,0.0,210.0,210,0.0,194.86000000000004,194.86
idlemain1_20260916_002402,idlemain1_20260916_002402.csv,2026-09-16 00:27:26,2026-09-16 00:27:35,10,Stable,0.45,0.27588242262078083,112.7,109,-0.7777777777777778,,,,,,48.5,0.0,48.5,0.0109,0.0809,0.0,0.0,0,0.0,0,53.0,53,0.0,210.0,210,0.0,194.86000000000004,194.86
idlemain1_20260916_002402,idlemain1_20260916_002402.csv,2026-09-16 00:27:27,2026-09-16 00:27:36,10,Stable,0.42000000000000004,0.2616188916046478,112.0,109,-0.5555555555555556,,,,,,48.5,0.0,48.5,0.0109,0.081,0.0,0.0,0,0.3,3,53.0,53,0.0,210.0,210,0.0,194.86000000000004,194.86
idlemain1_20260916_002402,idlemain1_20260916_002402.csv,2026-09-16 00:27:28,2026-09-16 00:27:37,10,Stable,0.45,0.27588242262078083,111.5,109,-0.3333333333333333,,,,,,48.5,0.0,48.5,0.0109,0.0858,0.0,0.0,0,0.3,0,53.0,53,0.0,210.0,210,0.0,194.86000000000004,194.86
idlemain1_20260916_002402,idlemain1_20260916_002402.csv,2026-09-16 00:27:29,2026-09-16 00:27:38,10,Stable,0.4499999999999999,0.2758824226207808,111.3,110,-0.1111111111111111,,,,,,48.5,0.0,48.5,0.0109,0.0803,0.0,0.0,0,0.3,0,53.0,53,0.0,210.0,210,0.0,194.86000000000004,194.86
idlemain1_20260916_002402,idlemain1_20260916_002402.csv,2026-09-16 00:27:30,2026-09-16 00:27:39,10,Stable,0.4,0.22607766610417562,111.7,115,0.1111111111111111,,,,,,48.5,0.0,48.5,0.0109,0.08,0.0,0.0,0,0.3,0,53.0,53,0.0,210.0,210,0.0,194.86000000000004,194.86
idlemain1_20260916_002402,idlemain1_20260916_002402.csv,2026-09-16 00:27:31,2026-09-16 00:27:40,10,Stable,0.39,0.22335820757001273,111.6,113,-0.2222222222222222,,,,,,48.5,0.0,48.5,0.014000000000000002,0.0797,0.0,0.0,0,0.3,0,53.0,53,0.0,210.0,210,0.0,194.86000000000004,194.86
idlemain1_20260916_002402,idlemain1_20260916_002402.csv,2026-09-16 00:27:32,2026-09-16 00:27:41,10,Stable,0.41,0.2233582075700127,111.4,113,-0.1111111111111111,,,,,,48.5,0.0,48.5,0.014000000000000002,0.0798,0.0,0.0,0,0.3,0,53.0,53,0.0,210.0,210,0.0,194.86000000000004,194.86
idlemain1_20260916_002402,idlemain1_20260916_002402.csv,2026-09-16 00:27:33,2026-09-16 00:27:42,10,Stable,0.41000000000000003,0.22335820757001273,111.3,113,0.0,,,,,,48.5,0.0,48.5,0.014000000000000002,0.0739,0.0,0.0,0,0.3,0,53.0,53,0.0,210.0,210,0.0,194.86000000000004,194.86
idlemain1_20260916_002402,idlemain1_20260916_002402.csv,2026-09-16 00:27:34,2026-09-16 00:27:43,10,Stable,0.43,0.20027758514399738,111.1,111,0.2222222222222222,,,,,,48.5,0.0,48.5,0.0093,0.05840000000000001,0.0,0.0,0,0.3,0,53.0,53,0.0,210.0,210,0.0,194.86000000000004,194.86
idlemain1_20260916_002402,idlemain1_20260916_002402.csv,2026-09-16 00:27:35,2026-09-16 00:27:44,10,Stable,0.45,0.19578900207451216,111.5,113,0.4444444444444444,,,,,,48.5,0.0,48.5,0.0218,0.1005,0.0,0.0,0,0.3,0,53.0,53,0.0,210.0,210,0.0,194.86000000000004,194.86
idlemain1_20260916_002402,idlemain1_20260916_002402.csv,2026-09-16 00:27:36,2026-09-16 00:27:45,10,Stable,0.41000000000000003,0.15238839267549947,111.4,108,-0.1111111111111111,,,,,,48.5,0.0,48.5,0.0156,0.0865,0.0,0.0,0,0.3,0,53.0,53,0.0,210.0,210,0.0,194.86000000000004,194.86
idlemain1_20260916_002402,idlemain1_20260916_002402.csv,2026-09-16 00:27:37,2026-09-16 00:27:46,10,Stable,0.4,0.15634719199411432,111.6,111,0.2222222222222222,,,,,,48.5,0.0,48.5,0.0156,0.0861,0.0,0.0,0,0.0,0,53.0,53,0.0,210.0,210,0.0,194.86000000000004,194.86
idlemain1_20260916_002402,idlemain1_20260916_002402.csv,2026-09-16 00:27:38,2026-09-16 00:27:47,10,Stable,0.36,0.11737877907772674,111.9,112,0.2222222222222222,,,,,,48.5,0.0,48.5,0.0156,0.0795,0.0,0.0,0,0.0,0,53.0,53,0.0,210.0,210,0.0,194.86000000000004,194.86
idlemain1_20260916_002402,idlemain1_20260916_002402.csv,2026-09-16 00:27:39,2026-09-16 00:27:48,10,Stable,0.42000000000000004,0.12292725943057183,111.8,109,-0.6666666666666666,,,,,,48.5,0.0,48.5,0.0156,0.0796,0.0,0.0,0,0.0,0,53.0,53,0.0,210.0,210,0.0,194.86000000000004,194.86
idlemain1_20260916_002402,idlemain1_20260916_002402.csv,2026-09-16 00:27:40,2026-09-16 00:27:49,10,Stable,0.41,0.1286683937707919,111.5,112,-0.1111111111111111,,,,,,48.5,0.0,48.5,0.0156,0.10339999999999998,0.0,0.0,0,0.0,0,53.0,53,0.0,210.0,210,0.0,194.86000000000004,194.86
idlemain1_20260916_002402,idlemain1_20260916_002402.csv,2026-09-16 00:27:41,2026-09-16 00:27:50,10,Stable,0.41000000000000003,0.12866839377079187,111.8,116,0.3333333333333333,,,,,,48.5,0.0,48.5,0.0125,0.1034,0.0,0.0,0,0.0,0,53.0,53,0.0,210.0,210,0.0,194.86000000000004,194.86
idlemain1_20260916_002402,idlemain1_20260916_002402.csv,2026-09-16 00:27:42,2026-09-16 00:27:51,10,Stable,0.42000000000000004,0.1398411797560202,111.8,113,0.0,,,,,,48.5,0.0,48.5,0.0125,0.1035,0.0,0.0,0,0.0,0,53.0,53,0.0,210.0,210,0.0,194.86000000000004,194.86
idlemain1_20260916_002402,idlemain1_20260916_002402.csv,2026-09-16 00:27:43,2026-09-16 00:27:52,10,Stable,0.41000000000000003,0.14491376746189435,111.7,112,0.1111111111111111,,,,,,48.5,0.0,48.5,0.0125,0.1024,0.0,0.0,0,0.0,0,53.0,53,0.0,210.0,210,0.0,194.86000000000004,194.86
idlemain1_20260916_002402,idlemain1_20260916_002402.csv,2026-09-16 00:27:44,2026-09-16 00:27:53,10,Stable,0.39,0.1728840330651992,111.2,106,-0.7777777777777778,,,,,,48.5,0.0,48.5,0.0125,0.0983,0.0,0.0,0,0.0,0,53.0,53,0.0,210.0,210,0.0,194.86000000000004,194.86
idlemain1_20260916_002402,idlemain1_20260916_002402.csv,2026-09-16 00:27:45,2026-09-16 00:27:54,10,Stable,0.35,0.19002923751652298,110.2,103,-0.5555555555555556,,,,,,48.5,0.0,48.5,0.0,0.0558,0.0,0.0,0,0.0,0,53.0,53,0.0,210.0,210,0.0,194.86000000000004,194.86
idlemain1_20260916_002402,idlemain1_20260916_002402.csv,2026-09-16 00:27:46,2026-09-16 00:27:55,10,Stable,0.36,0.19550504398153576,110.2,108,-0.3333333333333333,,,,,,48.5,0.0,48.5,0.0,0.055900000000000005,0.0,0.0,0,0.0,0,53.0,53,0.0,210.0,210,0.0,194.86000000000004,194.86
idlemain1_20260916_002402,idlemain1_20260916_002402.csv,2026-09-16 00:27:47,2026-09-16 00:27:56,10,Stable,0.32999999999999996,0.22632326929023938,110.1,110,-0.2222222222222222,,,,,,48.5,0.0,48.5,0.0,0.056100000000000004,0.0,0.0,0,0.0,0,53.0,53,0.0,210.0,210,0.0,194.86000000000004,194.86
idlemain1_20260916_002402,idlemain1_20260916_002402.csv,2026-09-16 00:27:48,2026-09-16 00:27:57,10,Stable,0.35,0.23213980461973532,110.6,117,0.8888888888888888,,,,,,48.5,0.0,48.5,0.0,0.06020000000000001,0.0,0.0,0,0.0,0,53.0,53,0.0,210.0,210,0.0,194.86000000000004,194.86
idlemain1_20260916_002402,idlemain1_20260916_002402.csv,2026-09-16 00:27:49,2026-09-16 00:27:58,10,Stable,0.27999999999999997,0.22010098692292235,110.9,112,0.0,,,,,,48.5,0.0,48.5,0.0050999999999999995,0.0601,0.0,0.0,0,0.0,0,53.0,53,0.0,210.0,210,0.0,194.86000000000004,194.86
idlemain1_20260916_002402,idlemain1_20260916_002402.csv,2026-09-16 00:27:50,2026-09-16 00:27:59,10,Stable,0.29,0.22335820757001273,110.8,111,-0.5555555555555556,,,,,,48.5,0.0,48.5,0.0050999999999999995,0.0366,0.0,0.0,0,0.0,0,53.0,53,0.0,210.0,210,0.0,194.86000000000004,194.86
idlemain1_20260916_002402,idlemain1_20260916_002402.csv,2026-09-16 00:27:51,2026-09-16 00:28:00,10,Stable,0.2899999999999999,0.2233582075700127,110.4,112,-0.1111111111111111,,,,,,48.5,0.0,48.5,0.0050999999999999995,0.0529,0.0,0.0,0,0.0,0,53.0,53,0.0,210.0,210,0.0,194.86000000000004,194.86
idlemain1_20260916_002402,idlemain1_20260916_002402.csv,2026-09-16 00:27:52,2026-09-16 00:28:01,10,Stable,0.24,0.2011080417199781,109.6,105,-0.7777777777777778,,,,,,48.5,0.0,48.5,0.0050999999999999995,0.052700000000000004,0.0,0.0,0,0.0,0,53.0,53,0.0,210.0,210,0.0,194.86000000000004,194.86
idlemain1_20260916_002402,idlemain1_20260916_002402.csv,2026-09-16 00:27:53,2026-09-16 00:28:02,10,Stable,0.25,0.20682789409984761,109.3,109,0.3333333333333333,,,,,,48.5,0.0,48.5,0.0050999999999999995,0.0373,0.0,0.0,0,0.0,0,53.0,53,0.0,210.0,210,0.0,194.86000000000004,194.86
idlemain1_20260916_002402,idlemain1_20260916_002402.csv,2026-09-16 00:27:54,2026-09-16 00:28:03,10,Stable,0.25,0.20682789409984761,109.9,112,1.0,,,,,,48.5,0.0,48.5,0.0050999999999999995,0.0518,0.0,0.0,0,0.0,0,53.0,53,0.0,210.0,210,0.0,194.86000000000004,194.86
idlemain1_20260916_002402,idlemain1_20260916_002402.csv,2026-09-16 00:27:55,2026-09-16 00:28:04,10,Stable,0.27999999999999997,0.20439612955674522,110.8,112,0.4444444444444444,,,,,,48.5,0.0,48.5,0.0050999999999999995,0.0611,0.0,0.0,0,0.0,0,53.0,53,0.0,210.0,210,0.0,194.86000000000004,194.86
idlemain1_20260916_002402,idlemain1_20260916_002402.csv,2026-09-16 00:27:56,2026-09-16 00:28:05,10,Stable,0.24,0.19550504398153576,111.6,116,0.6666666666666666,,,,,,48.5,0.0,48.5,0.0050999999999999995,0.060899999999999996,0.0,0.0,0,0.0,0,53.0,53,0.0,210.0,210,0.0,194.86000000000004,194.86
idlemain1_20260916_002402,idlemain1_20260916_002402.csv,2026-09-16 00:27:57,2026-09-16 00:28:06,10,Stable,0.26999999999999996,0.1766981104093143,111.7,111,-0.6666666666666666,,,,,,48.5,0.0,48.5,0.0050999999999999995,0.0818,0.0,0.0,0,0.0,0,53.0,53,0.0,210.0,210,0.0,194.86000000000004,194.86
idlemain1_20260916_002402,idlemain1_20260916_002402.csv,2026-09-16 00:27:58,2026-09-16 00:28:07,10,Stable,0.21999999999999997,0.17511900715418263,111.2,112,0.0,,,,,,48.5,0.0,48.5,0.0050999999999999995,0.0635,0.0,0.0,0,0.0,0,53.0,53,0.0,210.0,210,0.0,194.86000000000004,194.86
idlemain1_20260916_002402,idlemain1_20260916_002402.csv,2026-09-16 00:27:59,2026-09-16 00:28:08,10,Stable,0.23000000000000004,0.1636391694484477,111.4,114,0.3333333333333333,,,,,,48.5,0.0,48.5,0.0016,0.07970000000000001,0.0,0.0,0,0.0,0,53.0,53,0.0,210.0,210,0.0,194.86000000000004,194.86
idlemain1_20260916_002402,idlemain1_20260916_002402.csv,2026-09-16 00:28:00,2026-09-16 00:28:09,10,Stable,0.23000000000000004,0.1636391694484477,111.2,109,-0.3333333333333333,,,,,,48.5,0.0,48.5,0.0016,0.08600000000000001,0.0,0.0,0,0.0,0,53.0,53,0.0,210.0,210,0.0,194.86000000000004,194.86
idlemain1_20260916_002402,idlemain1_20260916_002402.csv,2026-09-16 00:28:01,2026-09-16 00:28:10,10,Stable,0.19,0.16633299933166198,111.3,113,0.8888888888888888,,,,,,48.5,0.0,48.5,0.0016,0.07010000000000001,0.0,0.0,0,0.0,0,53.0,53,0.0,210.0,210,0.0,194.86000000000004,194.86
idlemain1_20260916_002402,idlemain1_20260916_002402.csv,2026-09-16 00:28:02,2026-09-16 00:28:11,10,Stable,0.19,0.16633299933166198,112.2,114,0.5555555555555556,,,,,,48.5,0.0,48.5,0.0016,0.07050000000000001,0.0,0.0,0,0.0,0,53.0,53,0.0,210.0,210,0.0,194.86000000000004,194.86
idlemain1_20260916_002402,idlemain1_20260916_002402.csv,2026-09-16 00:28:03,2026-09-16 00:28:12,10,Stable,0.22999999999999998,0.2496664441476534,112.8,115,0.3333333333333333,,,,,,48.5,0.0,48.5,0.0016,0.09949999999999999,0.0,0.0,0,0.0,0,53.0,53,0.0,210.0,210,0.0,194.86000000000004,194.86
idlemain1_20260916_002402,idlemain1_20260916_002402.csv,2026-09-16 00:28:04,2026-09-16 00:28:13,10,Stable,2.0599999999999996,5.746535187977766,116.3,147,3.888888888888889,,,,,,48.54,0.12649110640673475,48.9,2.8773999999999997,0.2853,0.0,0.0,0,0.0,0,53.0,53,0.0,210.0,210,0.0,194.86000000000004,194.86
idlemain1_20260916_002402,idlemain1_20260916_002402.csv,2026-09-16 00:28:05,2026-09-16 00:28:14,10,Stable,4.06,8.102153348887496,120.0,149,3.6666666666666665,,,,,,48.64,0.3272783388968953,49.5,7.3556,0.7219,0.0,0.0,0,0.0,0,53.2,55,0.2222222222222222,346.5,1575,151.66666666666666,194.86000000000004,194.86
idlemain1_20260916_002402,idlemain1_20260916_002402.csv,2026-09-16 00:28:06,2026-09-16 00:28:15,10,Stable,5.51,8.597086069645277,123.4,150,4.333333333333333,,,,,,48.709999999999994,0.36651512019742594,49.2,10.274199999999999,6.1582,0.0,0.0,0,0.0,0,53.4,55,0.2222222222222222,483.0,1575,151.66666666666666,194.86000000000004,194.86
idlemain1_20260916_002402,idlemain1_20260916_002402.csv,2026-09-16 00:28:07,2026-09-16 00:28:16,10,Stable,6.909999999999999,8.792098725560352,126.8,145,3.6666666666666665,,,,,,48.79,0.4012480529547775,49.3,17.8765,8.3185,0.0,0.0,0,0.0,0,53.7,56,0.3333333333333333,619.5,1575,151.66666666666666,194.86000000000004,194.86
idlemain1_20260916_002402,idlemain1_20260916_002402.csv,2026-09-16 00:28:08,2026-09-16 00:28:17,10,Stable,8.120000000000001,8.565149022508468,130.3,147,3.6666666666666665,,,,,,48.85000000000001,0.39791121287711073,49.1,18.269099999999998,8.5283,0.2,0.6324555320336759,2,0.0,0,54.0,56,0.3333333333333333,756.0,1575,151.66666666666666,194.86000000000004,194.86
idlemain1_20260916_002402,idlemain1_20260916_002402.csv,2026-09-16 00:28:09,2026-09-16 00:28:18,10,Stable,9.169999999999998,8.103915377423709,133.5,146,4.111111111111111,,,,,,48.92,0.3910100879630717,49.2,21.144599999999997,8.7143,0.2,0.6324555320336759,0,0.0,0,54.3,56,0.3333333333333333,892.5,1575,151.66666666666666,194.86000000000004,194.86
idlemain1_20260916_002402,idlemain1_20260916_002402.csv,2026-09-16 00:28:10,2026-09-16 00:28:19,10,Stable,9.23,8.033686022686666,134.5,119,0.6666666666666666,,,,,,48.980000000000004,0.36453928305312866,49.1,21.208299999999998,8.8181,0.2,0.6324555320336759,0,0.0,0,54.6,56,0.3333333333333333,1029.0,1575,151.66666666666666,194.86000000000004,194.86
idlemain1_20260916_002402,idlemain1_20260916_002402.csv,2026-09-16 00:28:11,2026-09-16 00:28:20,10,Stable,9.319999999999999,7.923074599617948,134.9,117,0.3333333333333333,,,,,,49.040000000000006,0.3238655413730967,49.1,21.2083,8.817699999999999,0.2,0.6324555320336759,0,0.0,0,55.0,57,0.4444444444444444,1165.5,1575,151.66666666666666,194.86000000000004,194.86
idlemain1_20260916_002402,idlemain1_20260916_002402.csv,2026-09-16 00:28:12,2026-09-16 00:28:21,10,Stable,9.370000000000001,7.859749783973193,135.2,117,0.2222222222222222,,,,,,49.10000000000001,0.26246692913372716,49.1,21.2489,8.8913,0.2,0.6324555320336759,0,0.0,0,55.2,55,0.2222222222222222,1170.0,255,5.0,194.86000000000004,194.86
idlemain1_20260916_002402,idlemain1_20260916_002402.csv,2026-09-16 00:28:13,2026-09-16 00:28:22,10,Stable,9.429999999999998,7.78903074843077,136.0,123,-2.6666666666666665,,,,,,49.14,0.17763883459298993,48.9,21.2941,8.9203,0.2,0.6324555320336759,0,0.0,0,55.4,55,0.2222222222222222,1170.0,210,0.0,194.86000000000004,194.86
idlemain1_20260916_002402,idlemain1_20260916_002402.csv,2026-09-16 00:28:14,2026-09-16 00:28:23,10,Stable,7.62,7.573022294082242,132.8,115,-3.7777777777777777,,,,,,49.14,0.17763883459298993,48.9,18.485499999999995,8.845699999999999,0.2,0.6324555320336759,0,0.0,0,55.6,55,0.0,1170.0,210,-151.66666666666666,194.86000000000004,194.86
idlemain1_20260916_002402,idlemain1_20260916_002402.csv,2026-09-16 00:28:15,2026-09-16 00:28:24,10,Stable,5.589999999999999,6.395910151547367,128.9,110,-4.444444444444445,,,,,,49.08,0.13984117975602095,48.9,14.0089,8.4033,0.2,0.6324555320336759,0,0.0,0,55.6,55,0.0,1033.5,210,-151.66666666666666,194.86000000000004,194.86
idlemain1_20260916_002402,idlemain1_20260916_002402.csv,2026-09-16 00:28:16,2026-09-16 00:28:25,10,Stable,4.140000000000001,5.73589090241825,124.7,108,-4.111111111111111,,,,,,49.05,0.14337208778404445,48.9,11.110600000000002,3.0137,0.2,0.6324555320336759,0,0.0,0,55.6,55,-0.1111111111111111,897.0,210,-151.66666666666666,194.86000000000004,194.86
idlemain1_20260916_002402,idlemain1_20260916_002402.csv,2026-09-16 00:28:17,2026-09-16 00:28:26,10,Stable,2.71,4.589468620899616,121.1,109,-4.222222222222222,,,,,,49.01,0.11972189997378818,48.9,3.5161000000000007,0.8558999999999999,0.2,0.6324555320336759,0,0.0,0,55.5,55,-0.1111111111111111,760.5,210,-151.66666666666666,194.86000000000004,194.86
idlemain1_20260916_002402,idlemain1_20260916_002402.csv,2026-09-16 00:28:18,2026-09-16 00:28:27,10,Stable,1.53,3.2194029812304574,117.1,107,-4.333333333333333,,,,,,48.989999999999995,0.11972189997378818,48.9,3.1235,0.6457999999999999,0.0,0.0,0,0.0,0,55.4,55,-0.1111111111111111,624.0,210,-151.66666666666666,194.86000000000004,194.86
idlemain1_20260916_002402,idlemain1_20260916_002402.csv,2026-09-16 00:28:19,2026-09-16 00:28:28,10,Stable,0.48,0.47562823951298583,113.8,113,-0.6666666666666666,,,,,,48.959999999999994,0.09660917830793096,48.9,0.24640000000000004,0.4438,0.0,0.0,0,0.0,0,55.3,55,-0.1111111111111111,487.5,210,-151.66666666666666,194.86000000000004,194.86
idlemain1_20260916_002402,idlemain1_20260916_002402.csv,2026-09-16 00:28:20,2026-09-16 00:28:29,10,Stable,0.42000000000000004,0.43919117578668276,113.2,113,-0.4444444444444444,,,,,,48.94,0.08432740427115798,48.9,0.19210000000000005,0.364,0.0,0.0,0,0.0,0,55.2,55,-0.2222222222222222,351.0,210,-151.66666666666666,194.86000000000004,194.86
idlemain1_20260916_002402,idlemain1_20260916_002402.csv,2026-09-16 00:28:21,2026-09-16 00:28:30,10,Stable,0.51,0.6081849134012524,113.0,115,-0.2222222222222222,,,,,,48.919999999999995,0.06324555320336848,48.9,0.20150000000000007,0.3853,0.0,0.0,0,0.0,0,55.0,55,0.0,214.5,210,-5.0,194.86000000000004,194.86
idlemain1_20260916_002402,idlemain1_20260916_002402.csv,2026-09-16 00:28:22,2026-09-16 00:28:31,10,Stable,0.45999999999999996,0.6203941399536982,112.2,109,-1.5555555555555556,,,,,,48.89999999999999,7.489778066296963e-15,48.9,0.16090000000000002,0.3113,0.0,0.0,0,0.0,0,55.0,55,0.0,210.0,210,0.0,194.86000000000004,194.86
idlemain1_20260916_002402,idlemain1_20260916_002402.csv,2026-09-16 00:28:23,2026-09-16 00:28:32,10,Stable,0.32,0.5370702416299421,110.9,110,-0.5555555555555556,,,,,,48.89999999999999,7.489778066296963e-15,48.9,0.1157,0.2532,0.0,0.0,0,0.0,0,55.0,55,0.0,210.0,210,0.0,194.86000000000004,194.86
idlemain1_20260916_002402,idlemain1_20260916_002402.csv,2026-09-16 00:28:24,2026-09-16 00:28:33,10,Stable,0.30000000000000004,0.541602560309064,110.4,110,0.0,,,,,,48.89999999999999,7.489778066296963e-15,48.9,0.0485,0.1263,0.0,0.0,0,0.0,0,55.0,55,0.0,210.0,210,0.0,194.86000000000004,194.86
idlemain1_20260916_002402,idlemain1_20260916_002402.csv,2026-09-16 00:28:25,2026-09-16 00:28:34,10,Stable,0.30000000000000004,0.541602560309064,110.7,113,0.5555555555555556,,,,,,48.89999999999999,7.489778066296963e-15,48.9,0.11410000000000001,0.2907,0.0,0.0,0,0.0,0,55.0,55,0.0,210.0,210,0.0,194.86000000000004,194.86
idlemain1_20260916_002402,idlemain1_20260916_002402.csv,2026-09-16 00:28:26,2026-09-16 00:28:35,10,Stable,0.35,0.5441609239104837,111.1,112,0.3333333333333333,,,,,,48.89999999999999,7.489778066296963e-15,48.9,0.1032,0.26589999999999997,0.0,0.0,0,0.0,0,55.0,55,0.0,210.0,210,0.0,194.86000000000004,194.86
idlemain1_20260916_002402,idlemain1_20260916_002402.csv,2026-09-16 00:28:27,2026-09-16 00:28:36,10,Stable,0.38,0.5308274463305169,111.6,114,0.7777777777777778,,,,,,48.89999999999999,7.489778066296963e-15,48.9,0.09540000000000001,0.2426,0.0,0.0,0,0.0,0,55.0,55,0.0,210.0,210,0.0,194.86000000000004,194.86
idlemain1_20260916_002402,idlemain1_20260916_002402.csv,2026-09-16 00:28:28,2026-09-16 00:28:37,10,Stable,0.38,0.5308274463305169,112.4,115,0.2222222222222222,,,,,,48.89999999999999,7.489778066296963e-15,48.9,0.0954,0.24290000000000003,0.0,0.0,0,0.0,0,55.0,55,0.0,210.0,210,0.0,194.86000000000004,194.86
idlemain1_20260916_002402,idlemain1_20260916_002402.csv,2026-09-16 00:28:29,2026-09-16 00:28:38,10,Stable,0.38,0.5308274463305169,112.4,113,0.0,,,,,,48.89999999999999,7.489778066296963e-15,48.9,0.0954,0.24300000000000002,0.0,0.0,0,0.0,0,55.0,55,0.0,210.0,210,0.0,194.86000000000004,194.86
idlemain1_20260916_002402,idlemain1_20260916_002402.csv,2026-09-16 00:28:30,2026-09-16 00:28:39,10,Stable,0.42000000000000004,0.5473166867139677,112.0,109,-0.6666666666666666,,,,,,48.89999999999999,7.489778066296963e-15,48.9,0.086,0.2124,0.0,0.0,0,0.0,0,55.0,55,0.0,210.0,210,0.0,194.86000000000004,194.86
idlemain1_20260916_002402,idlemain1_20260916_002402.csv,2026-09-16 00:28:31,2026-09-16 00:28:40,10,Stable,0.29,0.264365067451978,111.4,109,0.0,,,,,,48.89999999999999,7.489778066296963e-15,48.9,0.09690000000000001,0.2344,0.0,0.0,0,0.0,0,55.0,55,0.0,210.0,210,0.0,194.86000000000004,194.86
idlemain1_20260916_002402,idlemain1_20260916_002402.csv,2026-09-16 00:28:32,2026-09-16 00:28:41,10,Stable,0.36,0.2988868236194653,111.4,109,-0.1111111111111111,,,,,,48.89999999999999,7.489778066296963e-15,48.9,0.09690000000000001,0.2347,0.0,0.0,0,0.0,0,55.0,55,0.0,210.0,210,0.0,194.86000000000004,194.86
idlemain1_20260916_002402,idlemain1_20260916_002402.csv,2026-09-16 00:28:33,2026-09-16 00:28:42,10,Stable,0.45999999999999996,0.3306559138036599,111.5,111,0.1111111111111111,,,,,,48.89999999999999,7.489778066296963e-15,48.9,0.09690000000000001,0.23450000000000001,0.0,0.0,0,0.0,0,55.0,55,0.0,210.0,210,0.0,194.86000000000004,194.86
idlemain1_20260916_002402,idlemain1_20260916_002402.csv,2026-09-16 00:28:34,2026-09-16 00:28:43,10,Stable,0.7,0.7023769168568493,114.2,137,2.6666666666666665,,,,,,48.89999999999999,7.489778066296963e-15,48.9,0.4469,1.0683,0.0,0.0,0,0.0,0,55.0,55,0.0,210.0,210,0.0,194.86000000000004,194.86
idlemain1_20260916_002402,idlemain1_20260916_002402.csv,2026-09-16 00:28:35,2026-09-16 00:28:44,10,Stable,0.75,0.6720615051218651,114.3,114,0.2222222222222222,,,,,,48.89999999999999,7.489778066296963e-15,48.9,0.40549999999999997,0.9464,0.0,0.0,0,0.0,0,55.0,55,0.0,210.0,210,0.0,194.86000000000004,194.86
idlemain1_20260916_002402,idlemain1_20260916_002402.csv,2026-09-16 00:28:36,2026-09-16 00:28:45,10,Stable,0.74,0.6752777206453652,114.3,112,-0.2222222222222222,,,,,,48.89999999999999,7.489778066296963e-15,48.9,0.4227,0.9831000000000001,0.0,0.0,0,0.0,0,55.0,55,0.0,210.0,210,0.0,194.86000000000004,194.86
idlemain1_20260916_002402,idlemain1_20260916_002402.csv,2026-09-16 00:28:37,2026-09-16 00:28:46,10,Stable,0.76,0.6636598861197236,114.2,113,-0.2222222222222222,,,,,,48.89999999999999,7.489778066296963e-15,48.9,0.4227,0.9828000000000001,0.0,0.0,0,0.0,0,55.0,55,0.0,210.0,210,0.0,194.86000000000004,194.86
idlemain1_20260916_002402,idlemain1_20260916_002402.csv,2026-09-16 00:28:38,2026-09-16 00:28:47,10,Stable,0.78,0.6511528238439882,113.7,110,-0.3333333333333333,,,,,,48.89999999999999,7.489778066296963e-15,48.9,0.4227,0.9828999999999999,0.0,0.0,0,0.0,0,55.0,55,0.0,210.0,210,0.0,194.86000000000004,194.86
idlemain1_20260916_002402,idlemain1_20260916_002402.csv,2026-09-16 00:28:39,2026-09-16 00:28:48,10,Stable,0.7699999999999999,0.6634087059355727,113.2,108,-0.1111111111111111,,,,,,48.89999999999999,7.489778066296963e-15,48.9,0.4227,0.9842000000000001,0.0,0.0,0,0.0,0,55.0,55,0.0,210.0,210,0.0,194.86000000000004,194.86
idlemain1_20260916_002402,idlemain1_20260916_002402.csv,2026-09-16 00:28:40,2026-09-16 00:28:49,10,Stable,0.6900000000000001,0.7062420107709381,113.2,109,0.0,,,,,,48.89999999999999,7.489778066296963e-15,48.9,0.4227,0.9854,0.0,0.0,0,0.0,0,55.0,55,0.0,210.0,210,0.0,194.86000000000004,194.86
idlemain1_20260916_002402,idlemain1_20260916_002402.csv,2026-09-16 00:28:41,2026-09-16 00:28:50,10,Stable,0.65,0.7291547618075787,113.1,108,-0.1111111111111111,,,,,,48.89999999999999,7.489778066296963e-15,48.9,0.4024,0.9421000000000002,0.0,0.0,0,0.0,0,55.0,55,0.0,210.0,210,0.0,194.86000000000004,194.86
idlemain1_20260916_002402,idlemain1_20260916_002402.csv,2026-09-16 00:28:42,2026-09-16 00:28:51,10,Stable,0.5999999999999999,0.7348469228349533,113.4,112,0.1111111111111111,,,,,,48.89999999999999,7.489778066296963e-15,48.9,0.42119999999999996,0.9824999999999999,0.0,0.0,0,0.0,0,55.0,55,0.0,210.0,210,0.0,194.86000000000004,194.86
idlemain1_20260916_002402,idlemain1_20260916_002402.csv,2026-09-16 00:28:43,2026-09-16 00:28:52,10,Stable,0.59,0.7294594650226366,113.4,111,-2.888888888888889,,,,,,48.89999999999999,7.489778066296963e-15,48.9,0.43529999999999996,1.0235,0.0,0.0,0,0.0,0,55.0,55,0.0,210.0,210,0.0,194.86000000000004,194.86
idlemain1_20260916_002402,idlemain1_20260916_002402.csv,2026-09-16 00:28:44,2026-09-16 00:28:53,10,Stable,0.38,0.28596814119369623,110.9,112,-0.2222222222222222,,,,,,48.89999999999999,7.489778066296963e-15,48.9,0.0994,0.2244,0.0,0.0,0,0.0,0,55.0,55,0.0,210.0,210,0.0,194.86000000000004,194.86
idlemain1_20260916_002402,idlemain1_20260916_002402.csv,2026-09-16 00:28:45,2026-09-16 00:28:54,10,Stable,0.32999999999999996,0.2869378562220979,110.6,111,-0.1111111111111111,,,,,,48.89999999999999,7.489778066296963e-15,48.9,0.0736,0.1784,0.0,0.0,0,0.0,0,55.0,55,0.0,210.0,210,0.0,194.86000000000004,194.86
idlemain1_20260916_002402,idlemain1_20260916_002402.csv,2026-09-16 00:28:46,2026-09-16 00:28:55,10,Stable,0.29000000000000004,0.28848262031225075,110.6,112,-0.1111111111111111,,,,,,48.89999999999999,7.489778066296963e-15,48.9,0.047,0.11989999999999998,0.0,0.0,0,0.0,0,55.0,55,0.0,210.0,210,0.0,194.86000000000004,194.86
idlemain1_20260916_002402,idlemain1_20260916_002402.csv,2026-09-16 00:28:47,2026-09-16 00:28:56,10,Stable,0.9099999999999999,2.053425322614766,114.7,154,4.888888888888889,,,,,,48.92999999999999,0.09486832980505273,49.2,0.05789999999999999,0.14459999999999998,0.0,0.0,0,0.0,0,55.0,55,0.0,210.0,210,0.0,194.86000000000004,194.86
idlemain1_20260916_002402,idlemain1_20260916_002402.csv,2026-09-16 00:28:48,2026-09-16 00:28:57,10,Stable,1.3800000000000001,2.448945351234554,118.8,151,4.777777777777778,,,,,,48.76,0.5561774297230446,47.2,0.05789999999999999,0.14419999999999997,0.0,0.0,0,0.0,0,55.0,55,0.0,210.0,210,0.0,194.86000000000004,194.86
idlemain1_20260916_002402,idlemain1_20260916_002402.csv,2026-09-16 00:28:49,2026-09-16 00:28:58,10,Stable,1.45,2.4148844002698486,119.2,112,0.3333333333333333,,,,,,48.589999999999996,0.7385421074281698,47.2,0.0735,0.18409999999999999,0.0,0.0,0,0.0,0,55.0,55,0.0,210.0,210,0.0,194.86000000000004,194.86
idlemain1_20260916_002402,idlemain1_20260916_002402.csv,2026-09-16 00:28:50,2026-09-16 00:28:59,10,Stable,1.46,2.4084111867462425,119.6,113,0.5555555555555556,,,,,,48.419999999999995,0.8469553313683849,47.2,0.1282,0.3146,0.0,0.0,0,0.0,0,55.0,55,0.0,210.0,210,0.0,194.86000000000004,194.86
idlemain1_20260916_002402,idlemain1_20260916_002402.csv,2026-09-16 00:28:51,2026-09-16 00:29:00,10,Stable,1.5399999999999998,2.3712162842445785,120.0,112,0.0,,,,,,48.25,0.9082951062292458,47.2,0.1313,0.3222,0.0,0.0,0,0.0,0,55.0,55,0.0,210.0,210,0.0,194.86000000000004,194.86
idlemain1_20260916_002402,idlemain1_20260916_002402.csv,2026-09-16 00:28:52,2026-09-16 00:29:01,10,Stable,1.5500000000000003,2.3656100927902535,120.4,116,0.5555555555555556,,,,,,48.08,0.9319036669336812,47.2,0.12190000000000001,0.3026,0.0,0.0,0,0.0,0,55.0,55,0.0,210.0,210,0.0,194.86000000000004,194.86
idlemain1_20260916_002402,idlemain1_20260916_002402.csv,2026-09-16 00:28:53,2026-09-16 00:29:02,10,Stable,1.56,2.3627667397918626,120.6,113,0.1111111111111111,,,,,,47.91,0.9206881484339113,47.2,0.1109,0.27230000000000004,0.0,0.0,0,0.0,0,55.0,55,0.0,210.0,210,0.0,194.86000000000004,194.86
idlemain1_20260916_002402,idlemain1_20260916_002402.csv,2026-09-16 00:28:54,2026-09-16 00:29:03,10,Stable,1.52,2.3878395628219615,120.4,110,-0.1111111111111111,,,,,,47.739999999999995,0.8733078876700157,47.2,0.09680000000000001,0.23880000000000004,0.0,0.0,0,0.0,0,55.0,55,0.0,210.0,210,0.0,194.86000000000004,194.86
idlemain1_20260916_002402,idlemain1_20260916_002402.csv,2026-09-16 00:28:55,2026-09-16 00:29:04,10,Stable,1.56,2.3646470255739134,120.8,115,0.3333333333333333,,,,,,47.57,0.783226943129795,47.2,0.09680000000000001,0.23899999999999996,0.0,0.0,0,0.0,0,55.0,55,0.0,210.0,210,0.0,194.86000000000004,194.86
idlemain1_20260916_002402,idlemain1_20260916_002402.csv,2026-09-16 00:28:56,2026-09-16 00:29:05,10,Stable,1.59,2.3458947594089175,121.3,117,-4.111111111111111,,,,,,47.4,0.6324555320336759,47.2,0.09680000000000001,0.23889999999999997,0.0,0.0,0,0.0,0,55.0,55,0.0,210.0,210,0.0,194.86000000000004,194.86
idlemain1_20260916_002402,idlemain1_20260916_002402.csv,2026-09-16 00:28:57,2026-09-16 00:29:06,10,Stable,0.93,1.537711141780392,117.2,113,-4.222222222222222,,,,,,47.2,0.0,47.2,0.0859,0.21439999999999998,0.0,0.0,0,0.0,0,55.0,55,0.0,210.0,210,0.0,194.86000000000004,194.86
idlemain1_20260916_002402,idlemain1_20260916_002402.csv,2026-09-16 00:28:58,2026-09-16 00:29:07,10,Stable,0.8800000000000001,1.3838753958037953,115.8,137,2.7777777777777777,,,,,,47.2,0.0,47.2,0.1086,0.2576,0.0,0.0,0,0.0,0,55.0,55,0.0,210.0,210,0.0,194.86000000000004,194.86
idlemain1_20260916_002402,idlemain1_20260916_002402.csv,2026-09-16 00:28:59,2026-09-16 00:29:08,10,Stable,0.82,1.4053864632588118,115.9,113,0.0,,,,,,47.2,0.0,47.2,0.093,0.2218,0.0,0.0,0,0.0,0,55.0,55,0.0,210.0,210,0.0,194.86000000000004,194.86
idlemain1_20260916_002402,idlemain1_20260916_002402.csv,2026-09-16 00:29:00,2026-09-16 00:29:09,10,Stable,0.86,1.388204275714173,116.0,114,0.2222222222222222,,,,,,47.2,0.0,47.2,0.0383,0.0901,0.0,0.0,0,0.0,0,55.0,55,0.0,210.0,210,0.0,194.86000000000004,194.86
idlemain1_20260916_002402,idlemain1_20260916_002402.csv,2026-09-16 00:29:01,2026-09-16 00:29:10,10,Stable,0.8099999999999999,1.3955882869480762,116.2,114,-0.2222222222222222,,,,,,47.2,0.0,47.2,0.035199999999999995,0.0828,0.0,0.0,0,0.0,0,55.0,55,0.0,210.0,210,0.0,194.86000000000004,194.86
idlemain1_20260916_002402,idlemain1_20260916_002402.csv,2026-09-16 00:29:02,2026-09-16 00:29:11,10,Stable,0.8699999999999999,1.3888844444373334,117.7,131,2.0,,,,,,47.2,0.0,47.2,0.0258,0.062,0.0,0.0,0,0.0,0,55.0,55,0.0,210.0,210,0.0,194.86000000000004,194.86
idlemain1_20260916_002402,idlemain1_20260916_002402.csv,2026-09-16 00:29:03,2026-09-16 00:29:12,10,Stable,0.78,1.4085453489327209,117.8,114,0.4444444444444444,,,,,,47.2,0.0,47.2,0.0446,0.0986,0.0,0.0,0,0.0,0,55.0,55,0.0,210.0,210,0.0,194.86000000000004,194.86
idlemain1_20260916_002402,idlemain1_20260916_002402.csv,2026-09-16 00:29:04,2026-09-16 00:29:13,10,Stable,0.86,1.3817862835233725,118.7,119,0.4444444444444444,,,,,,47.2,0.0,47.2,0.0602,0.13399999999999998,0.0,0.0,0,0.0,0,55.0,55,0.0,210.0,210,0.0,194.86000000000004,194.86
idlemain1_20260916_002402,idlemain1_20260916_002402.csv,2026-09-16 00:29:05,2026-09-16 00:29:14,10,Stable,0.82,1.3990472948879653,118.7,115,-0.2222222222222222,,,,,,47.2,0.0,47.2,0.079,0.1821,0.0,0.0,0,0.0,0,55.0,55,0.0,210.0,210,0.0,194.86000000000004,194.86
idlemain1_20260916_002402,idlemain1_20260916_002402.csv,2026-09-16 00:29:06,2026-09-16 00:29:15,10,Stable,0.82,1.3990472948879653,118.0,110,-0.3333333333333333,,,,,,47.2,0.0,47.2,0.17629999999999998,0.43420000000000003,0.0,0.0,0,0.0,0,55.0,55,0.0,210.0,210,0.0,194.86000000000004,194.86
idlemain1_20260916_002402,idlemain1_20260916_002402.csv,2026-09-16 00:29:07,2026-09-16 00:29:16,10,Stable,0.85,1.3850391089544487,117.6,109,-3.111111111111111,,,,,,47.2,0.0,47.2,0.1825,0.4528,0.0,0.0,0,0.0,0,55.0,55,0.0,210.0,210,0.0,194.86000000000004,194.86
idlemain1_20260916_002402,idlemain1_20260916_002402.csv,2026-09-16 00:29:08,2026-09-16 00:29:17,10,Stable,0.43,0.29832867780352595,115.1,112,-0.1111111111111111,,,,,,47.2,0.0,47.2,0.1754,0.4434,0.0,0.0,0,0.0,0,55.0,55,0.0,210.0,210,0.0,194.86000000000004,194.86
idlemain1_20260916_002402,idlemain1_20260916_002402.csv,2026-09-16 00:29:09,2026-09-16 00:29:18,10,Stable,0.42000000000000004,0.3119829055146024,114.7,109,-0.5555555555555556,,,,,,47.2,0.0,47.2,0.23479999999999998,0.5700999999999999,0.0,0.0,0,0.0,0,55.0,55,0.0,210.0,210,0.0,194.86000000000004,194.86
idlemain1_20260916_002402,idlemain1_20260916_002402.csv,2026-09-16 00:29:10,2026-09-16 00:29:19,10,Stable,0.43999999999999995,0.32386554137309653,114.6,113,-0.1111111111111111,,,,,,47.2,0.0,47.2,0.23479999999999998,0.5705,0.0,0.0,0,0.0,0,55.0,55,0.0,210.0,210,0.0,194.86000000000004,194.86
idlemain1_20260916_002402,idlemain1_20260916_002402.csv,2026-09-16 00:29:11,2026-09-16 00:29:20,10,Stable,0.41,0.3414023367751831,114.5,113,-2.0,,,,,,47.2,0.0,47.2,0.23479999999999998,0.5702,0.0,0.0,0,0.0,0,55.0,55,0.0,210.0,210,0.0,194.86000000000004,194.86
idlemain1_20260916_002402,idlemain1_20260916_002402.csv,2026-09-16 00:29:12,2026-09-16 00:29:21,10,Stable,0.35,0.2718251071716682,112.0,106,-0.8888888888888888,,,,,,47.2,0.0,47.2,0.252,0.6071,0.0,0.0,0,0.0,0,55.0,55,0.0,210.0,210,0.0,194.86000000000004,194.86
idlemain1_20260916_002402,idlemain1_20260916_002402.csv,2026-09-16 00:29:13,2026-09-16 00:29:22,10,Stable,0.4,0.2666666666666667,111.5,109,-1.1111111111111112,,,,,,47.2,0.0,47.2,0.23010000000000003,0.5601999999999999,0.0,0.0,0,0.0,0,55.0,55,0.0,210.0,210,0.0,194.86000000000004,194.86
idlemain1_20260916_002402,idlemain1_20260916_002402.csv,2026-09-16 00:29:14,2026-09-16 00:29:23,10,Stable,0.5,0.5099019513592785,112.5,129,1.5555555555555556,,,,,,47.2,0.0,47.2,0.22069999999999998,0.5473,0.0,0.0,0,0.0,0,55.0,55,0.0,210.0,210,0.0,194.86000000000004,194.86
idlemain1_20260916_002402,idlemain1_20260916_002402.csv,2026-09-16 00:29:15,2026-09-16 00:29:24,10,Stable,0.5499999999999999,0.49046463231873866,112.1,111,0.1111111111111111,,,,,,47.2,0.0,47.2,0.20189999999999997,0.499,0.0,0.0,0,0.0,0,55.0,55,0.0,210.0,210,0.0,194.86000000000004,194.86
idlemain1_20260916_002402,idlemain1_20260916_002402.csv,2026-09-16 00:29:16,2026-09-16 00:29:25,10,Stable,0.55,0.4904646323187387,112.6,115,0.6666666666666666,,,,,,47.2,0.0,47.2,0.10539999999999998,0.24890000000000004,0.0,0.0,0,0.0,0,55.0,55,0.0,210.0,210,0.0,194.86000000000004,194.86
increasingstress_20260712_200447,increasingstress_20260712_200447.csv,2026-07-12 20:04:48,2026-07-12 20:04:57,10,Heavy_GPU,5.99,3.203973227797705,133.5,125,-0.2222222222222222,,,,,,60.529999999999994,0.20575065816014598,60.8,0.014799999999999999,0.057800000000000004,1.1,1.4491376746189437,5,0.2,2,55.1,55,0.0,505.4,277,7.444444444444445,645.838,659.86
increasingstress_20260712_200447,increasingstress_20260712_200447.csv,2026-07-12 20:04:49,2026-07-12 20:04:58,10,Heavy_GPU,6.140000000000001,3.2135822863451176,134.2,134,0.7777777777777778,,,,,,60.57000000000001,0.19465068427541907,60.7,0.0086,0.1071,6.7,17.732894731418092,57,3.1,29,55.1,55,0.0,516.6,322,12.444444444444445,648.175,659.86
increasingstress_20260712_200447,increasingstress_20260712_200447.csv,2026-07-12 20:04:50,2026-07-12 20:04:59,10,Heavy_GPU,6.38,2.957776942983437,134.5,130,-0.4444444444444444,,,,,,60.61999999999999,0.18135294011647202,60.8,0.0082,0.10769999999999999,6.6,17.771387740472665,0,3.1,0,55.1,55,0.0,544.3,487,30.77777777777778,650.512,659.86
increasingstress_20260712_200447,increasingstress_20260712_200447.csv,2026-07-12 20:04:51,2026-07-12 20:05:00,10,Heavy_GPU,6.369999999999999,2.9649995315720075,134.1,130,-0.1111111111111111,,,,,,60.65999999999999,0.17126976771553426,60.8,0.0051,0.37839999999999996,7.5,17.68395380626805,10,3.6,5,55.1,55,0.1111111111111111,551.0,277,7.444444444444445,652.8489999999999,659.86
increasingstress_20260712_200447,increasingstress_20260712_200447.csv,2026-07-12 20:04:52,2026-07-12 20:05:01,10,Heavy_GPU,6.409999999999999,2.9061046857338857,133.4,124,-1.5555555555555556,,,,,,60.69999999999999,0.14907119849998493,60.8,0.002,0.3715,7.4,17.727567985109147,0,3.6,0,55.2,55,0.0,551.0,210,0.0,655.1859999999999,659.86
increasingstress_20260712_200447,increasingstress_20260712_200447.csv,2026-07-12 20:04:53,2026-07-12 20:05:02,10,Heavy_GPU,7.69,5.065010694296047,134.5,149,1.5555555555555556,,,,,,60.83,0.3653004851412655,61.8,0.11879999999999999,0.3667999999999999,8.2,17.586611068903775,9,3.7,1,55.2,55,0.0,687.5,1575,151.66666666666666,666.454,749.17
increasingstress_20260712_200447,increasingstress_20260712_200447.csv,2026-07-12 20:04:54,2026-07-12 20:05:03,10,Heavy_GPU,7.989999999999999,5.095193813781769,134.2,132,-1.2222222222222223,,,,,,60.96999999999999,0.4423422506008961,61.8,0.11879999999999999,0.384,18.1,33.63017824646324,100,12.9,92,56.4,67,1.3333333333333333,841.2,1747,19.11111111111111,677.722,749.17
increasingstress_20260712_200447,increasingstress_20260712_200447.csv,2026-07-12 20:04:55,2026-07-12 20:05:04,10,Heavy_GPU,7.0699999999999985,5.060972677701831,132.9,130,-0.8888888888888888,,,,,,61.08999999999999,0.4909175083453426,61.8,0.11879999999999999,0.3842,28.1,41.578439925839774,100,22.2,93,57.8,69,1.4444444444444444,857.7,1740,18.333333333333332,686.653,749.17
increasingstress_20260712_200447,increasingstress_20260712_200447.csv,2026-07-12 20:04:56,2026-07-12 20:05:05,10,Heavy_GPU,7.07,5.060972677701831,133.4,143,0.6666666666666666,,,,,,61.18999999999998,0.5258854966202765,61.8,0.13379999999999997,0.37370000000000003,38.1,45.87289201938572,100,31.6,94,59.2,70,1.5555555555555556,874.2,1740,152.55555555555554,695.5840000000001,749.17
increasingstress_20260712_200447,increasingstress_20260712_200447.csv,2026-07-12 20:05:07,2026-07-12 20:05:16,10,Instability_Imminent,6.24,1.9681914992646874,132.7,130,-1.1111111111111112,,,,,,62.019999999999996,0.11352924243951096,61.8,0.0218,0.1835,100.0,0.0,100,93.6,94,74.6,77,0.5555555555555556,1728.3,1717,-2.5555555555555554,749.17,749.17
increasingstress_20260712_200447,increasingstress_20260712_200447.csv,2026-07-12 20:05:08,2026-07-12 20:05:17,10,Instability_Imminent,5.959999999999999,2.0758933819763805,131.8,131,-0.7777777777777778,,,,,,61.999999999999986,0.13333333333333525,61.8,0.023399999999999997,0.22149999999999997,100.0,0.0,100,93.5,93,75.1,77,0.5555555555555556,1726.0,1717,-1.6666666666666667,749.17,749.17
increasingstress_20260712_200447,increasingstress_20260712_200447.csv,2026-07-12 20:05:09,2026-07-12 20:05:18,10,Instability_Imminent,5.6899999999999995,2.171251559201129,131.0,130,-0.3333333333333333,,,,,,61.96999999999999,0.14181364924121967,61.8,0.023399999999999997,0.22549999999999998,100.0,0.0,100,93.3,92,75.7,78,0.5555555555555556,1725.3,1725,-0.7777777777777778,749.17,749.17
increasingstress_20260712_200447,increasingstress_20260712_200447.csv,2026-07-12 20:05:10,2026-07-12 20:05:19,10,Instability_Imminent,4.909999999999999,1.393197760549449,130.8,131,-0.2222222222222222,,,,,,61.93999999999998,0.14298407059685014,61.8,0.023399999999999997,0.22649999999999998,100.0,0.0,100,93.1,92,76.2,78,0.4444444444444444,1724.6,1725,-0.7777777777777778,749.17,749.17
increasingstress_20260712_200447,increasingstress_20260712_200447.csv,2026-07-12 20:05:11,2026-07-12 20:05:20,10,Instability_Imminent,4.64,1.3099618315050252,130.5,130,-0.2222222222222222,,,,,,61.90999999999999,0.1370320319406317,61.8,0.023399999999999997,0.2619,100.0,0.0,100,93.0,92,76.7,79,0.5555555555555556,1723.9,1725,-0.7777777777777778,749.17,749.17
increasingstress_20260712_200447,increasingstress_20260712_200447.csv,2026-07-12 20:05:12,2026-07-12 20:05:21,10,Instability_Imminent,4.66,1.3209424245170147,130.8,135,0.3333333333333333,,,,,,61.879999999999995,0.12292725943057359,61.8,0.025,0.2704,100.0,0.0,100,92.9,92,77.2,79,0.4444444444444444,1722.4,1717,-1.6666666666666667,749.17,749.17
increasingstress_20260712_200447,increasingstress_20260712_200447.csv,2026-07-12 20:05:13,2026-07-12 20:05:22,10,Instability_Imminent,4.47,1.206510118758507,130.6,130,0.1111111111111111,,,,,,61.84999999999999,0.09718253158075639,61.8,0.0094,0.198,100.0,0.0,100,93.1,94,77.7,80,0.4444444444444444,1721.7,1725,-0.7777777777777778,749.17,749.17
increasingstress_20260712_200447,increasingstress_20260712_200447.csv,2026-07-12 20:05:14,2026-07-12 20:05:23,10,Instability_Imminent,4.39,1.2087183294713455,130.7,130,-0.1111111111111111,,,,,,61.81999999999999,0.04216370213557899,61.8,0.0098,0.1981,100.0,0.0,100,93.2,94,78.1,80,0.4444444444444444,1719.5,1710,-0.7777777777777778,749.17,749.17
increasingstress_20260712_200447,increasingstress_20260712_200447.csv,2026-07-12 20:05:15,2026-07-12 20:05:24,10,Instability_Imminent,4.43,1.1860766323378003,130.5,129,0.0,,,,,,61.80999999999999,0.031622776601684235,61.8,0.014500000000000002,0.2242,100.0,0.0,100,93.2,94,78.5,80,0.3333333333333333,1718.0,1702,-1.6666666666666667,749.17,749.17
increasingstress_20260712_200447,increasingstress_20260712_200447.csv,2026-07-12 20:05:16,2026-07-12 20:05:25,10,Instability_Imminent,4.33,1.202820758790676,130.7,131,0.1111111111111111,,,,,,61.79,0.031622776601681994,61.7,0.0083,0.18009999999999998,100.0,0.0,100,93.0,93,78.9,81,0.4444444444444444,1717.3,1710,-0.7777777777777778,749.17,749.17
increasingstress_20260712_200447,increasingstress_20260712_200447.csv,2026-07-12 20:05:17,2026-07-12 20:05:26,10,Instability_Imminent,4.55,1.8392329318979088,131.9,142,1.2222222222222223,,,,,,61.77,0.06749485577105345,61.6,0.2262,0.1865,100.0,0.0,100,93.0,94,79.3,81,0.4444444444444444,1717.3,1717,0.0,749.17,749.17
mediumworkmain1_20260916_004017,mediumworkmain1_20260916_004017.csv,2026-09-16 00:40:18,2026-09-16 00:40:27,10,Medium_Workload,9.559999999999999,6.272196142057775,134.2,138,3.0,,,,,,48.67,0.3802046232695717,49.2,0.22350000000000003,0.3095,14.7,21.4115752702961,46,4.1,9,56.7,57,0.1111111111111111,670.5,840,70.0,435.83200000000005,453.61
mediumworkmain1_20260916_004017,mediumworkmain1_20260916_004017.csv,2026-09-16 00:40:19,2026-09-16 00:40:28,10,Medium_Workload,9.78,6.043141199372687,137.0,139,2.888888888888889,,,,,,48.760000000000005,0.3893013685508401,49.2,0.26730000000000004,0.45970000000000005,16.3,20.779530526190648,16,4.3,2,56.8,57,0.1111111111111111,733.5,840,70.0,450.13800000000003,471.42
mediumworkmain1_20260916_004017,mediumworkmain1_20260916_004017.csv,2026-09-16 00:40:20,2026-09-16 00:40:29,10,Medium_Workload,10.55,5.998379410770509,140.3,146,1.1111111111111112,,,,,,48.9,0.4521553322083529,49.7,0.2998,0.5454,19.3,20.325408291648714,30,5.2,9,56.9,57,0.1111111111111111,752.2,397,20.77777777777778,478.142,608.4
mediumworkmain1_20260916_004017,mediumworkmain1_20260916_004017.csv,2026-09-16 00:40:21,2026-09-16 00:40:30,10,Medium_Workload,12.520000000000001,7.976604680076744,141.4,147,0.7777777777777778,,,,,,49.06,0.5641118880348329,50.1,0.39160000000000006,0.7606999999999999,21.4,19.161303597499714,21,5.6,4,57.2,59,0.2222222222222222,888.7,1575,0.0,504.39700000000005,655.34
mediumworkmain1_20260916_004017,mediumworkmain1_20260916_004017.csv,2026-09-16 00:40:22,2026-09-16 00:40:31,10,Medium_Workload,14.0,8.168095113169151,142.1,147,1.0,,,,,,49.230000000000004,0.5982381539896049,50.1,0.39280000000000004,0.7244999999999999,22.9,17.8415868751135,15,5.7,1,57.3,58,0.0,828.7,975,-66.66666666666667,523.72,656.15
mediumworkmain1_20260916_004017,mediumworkmain1_20260916_004017.csv,2026-09-16 00:40:23,2026-09-16 00:40:32,10,Medium_Workload,15.180000000000001,7.974793623244011,143.1,148,1.3333333333333333,,,,,,49.41000000000001,0.5915140648276166,50.2,0.42090000000000005,0.7739999999999999,27.0,16.666666666666668,41,7.0,13,57.3,58,0.1111111111111111,754.4,832,52.44444444444444,543.7299999999999,665.02
mediumworkmain1_20260916_004017,mediumworkmain1_20260916_004017.csv,2026-09-16 00:40:24,2026-09-16 00:40:33,10,Medium_Workload,16.53,6.948549009205687,144.2,147,0.0,,,,,,49.62,0.5652924513520019,50.5,0.4303,0.8838000000000001,30.8,13.93476866610199,38,8.2,12,57.4,58,0.2222222222222222,801.6,832,37.44444444444444,564.5409999999999,665.09
mediumworkmain1_20260916_004017,mediumworkmain1_20260916_004017.csv,2026-09-16 00:40:25,2026-09-16 00:40:34,10,Medium_Workload,16.440000000000005,6.894152111270344,144.3,148,0.4444444444444444,,,,,,49.78000000000001,0.5959119994689742,50.6,0.4225,0.9033,33.7,12.275087689209304,40,9.0,12,57.6,58,0.1111111111111111,834.6,825,30.0,579.533,654.09
mediumworkmain1_20260916_004017,mediumworkmain1_20260916_004017.csv,2026-09-16 00:40:26,2026-09-16 00:40:35,10,Medium_Workload,16.67,7.084105840228219,144.4,145,0.6666666666666666,,,,,,49.94000000000001,0.577735041154487,50.6,0.3263,0.8212999999999999,30.7,12.85863307060453,15,7.9,8,57.7,58,0.1111111111111111,852.6,735,6.666666666666667,573.2,451.4
mediumworkmain1_20260916_004017,mediumworkmain1_20260916_004017.csv,2026-09-16 00:40:27,2026-09-16 00:40:36,10,Medium_Workload,16.669999999999998,7.084105840228219,144.4,139,0.1111111111111111,,,,,,50.050000000000004,0.5233439489369185,50.3,0.2724000000000001,0.7162,29.3,11.851394667107984,31,8.0,10,57.8,58,0.1111111111111111,841.3,562,-30.88888888888889,568.7860000000001,407.34
mediumworkmain1_20260916_004017,mediumworkmain1_20260916_004017.csv,2026-09-16 00:40:28,2026-09-16 00:40:37,10,Medium_Workload,18.18,6.650446935691198,144.6,140,0.1111111111111111,,,,,,50.24,0.5253570214625473,51.1,0.279,0.7165,28.1,10.50343859039611,34,9.3,22,57.9,58,0.1111111111111111,814.3,570,-30.0,568.4069999999999,449.82
mediumworkmain1_20260916_004017,mediumworkmain1_20260916_004017.csv,2026-09-16 00:40:29,2026-09-16 00:40:38,10,Medium_Workload,19.720000000000002,4.779074759360388,145.3,146,0.0,,,,,,50.43000000000001,0.4448470398787528,51.1,0.236,0.5666999999999999,31.9,12.350888407092198,54,11.6,25,58.0,58,0.1111111111111111,836.8,1065,74.22222222222223,574.2239999999999,529.59
mediumworkmain1_20260916_004017,mediumworkmain1_20260916_004017.csv,2026-09-16 00:40:30,2026-09-16 00:40:39,10,Medium_Workload,19.59,4.9747026711821345,144.8,141,-0.6666666666666666,,,,,,50.56,0.39496835316263,51.0,0.21910000000000002,0.5315,30.1,13.876038499674339,12,11.0,3,58.1,58,-0.1111111111111111,903.6,1065,-56.666666666666664,566.424,530.4
mediumworkmain1_20260916_004017,mediumworkmain1_20260916_004017.csv,2026-09-16 00:40:31,2026-09-16 00:40:40,10,Medium_Workload,17.550000000000004,5.440435031625075,143.8,137,-1.1111111111111112,,,,,,50.65,0.3807886552931954,51.0,0.1476,0.366,32.0,13.792107243718133,40,12.7,21,58.0,58,0.0,797.8,517,-50.888888888888886,554.555,536.65
mediumworkmain1_20260916_004017,mediumworkmain1_20260916_004017.csv,2026-09-16 00:40:32,2026-09-16 00:40:41,10,Medium_Workload,16.07,6.179185491092927,143.1,140,-0.8888888888888888,,,,,,50.73,0.3334999583541537,50.9,0.13390000000000002,0.37360000000000004,35.3,13.20816245946254,48,15.2,26,58.0,58,0.0,758.8,585,-27.444444444444443,543.324,543.84
mediumworkmain1_20260916_004017,mediumworkmain1_20260916_004017.csv,2026-09-16 00:40:33,2026-09-16 00:40:42,10,Medium_Workload,14.99,6.488014591023461,142.0,137,-1.1111111111111112,,,,,,50.809999999999995,0.2846049894151548,51.0,0.1155,0.3502,32.3,15.048440303086414,11,14.1,2,58.0,58,0.0,759.6,840,0.8888888888888888,527.212,503.9
mediumworkmain1_20260916_004017,mediumworkmain1_20260916_004017.csv,2026-09-16 00:40:34,2026-09-16 00:40:43,10,Medium_Workload,13.74,7.123700661251223,140.9,136,-1.3333333333333333,,,,,,50.86,0.26749870196985237,51.0,0.08109999999999999,0.2625,29.4,16.547574511759187,9,13.1,2,58.0,58,0.0,712.4,360,-51.666666666666664,503.1429999999999,424.4
mediumworkmain1_20260916_004017,mediumworkmain1_20260916_004017.csv,2026-09-16 00:40:35,2026-09-16 00:40:44,10,Medium_Workload,12.41,7.108125241190144,140.1,140,-0.5555555555555556,,,,,,50.87,0.258413965910858,50.7,0.09519999999999999,0.2724,25.8,17.849992219108167,4,12.0,1,57.9,57,-0.1111111111111111,665.1,352,-42.55555555555556,487.32399999999996,495.9
mediumworkmain1_20260916_004017,mediumworkmain1_20260916_004017.csv,2026-09-16 00:40:36,2026-09-16 00:40:45,10,Medium_Workload,11.91,6.431942854914748,140.6,150,1.2222222222222223,,,,,,50.849999999999994,0.28771127502720206,50.4,0.1409,0.31909999999999994,34.3,28.933064514880243,100,11.2,0,58.0,59,0.1111111111111111,766.3,1747,131.66666666666666,497.055,548.71
mediumworkmain1_20260916_004017,mediumworkmain1_20260916_004017.csv,2026-09-16 00:40:37,2026-09-16 00:40:46,10,Medium_Workload,12.03,6.426343352863188,141.0,143,0.3333333333333333,,,,,,50.85,0.28771127502720206,50.3,0.1612,0.35750000000000004,41.2,35.533395872365226,100,10.2,0,58.2,60,0.2222222222222222,884.8,1747,130.77777777777777,511.192,548.71
mediumworkmain1_20260916_004017,mediumworkmain1_20260916_004017.csv,2026-09-16 00:40:38,2026-09-16 00:40:47,10,Medium_Workload,10.86,5.093612557791266,141.3,143,-0.3333333333333333,,,,,,50.77,0.3198958163736032,50.3,0.1718,0.42329999999999995,47.8,39.90767122023311,100,8.0,0,58.4,60,0.2222222222222222,1002.5,1747,75.77777777777777,521.081,548.71
mediumworkmain1_20260916_004017,mediumworkmain1_20260916_004017.csv,2026-09-16 00:40:39,2026-09-16 00:40:48,10,Medium_Workload,10.18,4.0190656736222765,140.9,142,0.1111111111111111,,,,,,50.69,0.3281259920619935,50.3,0.18550000000000003,0.47170000000000006,52.4,43.21573787406621,100,5.5,0,58.6,60,0.2222222222222222,1070.7,1747,75.77777777777777,522.993,548.71
mediumworkmain1_20260916_004017,mediumworkmain1_20260916_004017.csv,2026-09-16 00:40:40,2026-09-16 00:40:49,10,Medium_Workload,13.710000000000003,12.576826132039658,139.7,129,-0.8888888888888888,,,,,,50.36,0.9845472732852049,47.7,0.2431,0.6425,51.4,44.35513248517896,2,5.2,0,58.8,60,0.2222222222222222,1138.9,1747,136.66666666666666,514.0989999999999,441.46
mediumworkmain1_20260916_004017,mediumworkmain1_20260916_004017.csv,2026-09-16 00:40:41,2026-09-16 00:40:50,10,Medium_Workload,17.28,15.322300378496987,139.6,136,-0.4444444444444444,,,,,,50.19,1.008243797677702,49.3,0.23960000000000004,0.6439,48.0,46.573716956145034,6,3.3,2,59.0,60,0.2222222222222222,1261.9,1747,129.11111111111111,522.346,619.12
mediumworkmain1_20260916_004017,mediumworkmain1_20260916_004017.csv,2026-09-16 00:40:42,2026-09-16 00:40:51,10,Medium_Workload,18.91,14.945935902445186,140.3,147,1.1111111111111112,,,,,,50.05,0.9958246164193097,49.5,0.2673,0.7228,44.2,48.098972037987586,10,1.0,3,59.2,60,0.2222222222222222,1360.9,1575,81.66666666666667,521.986,540.24
mediumworkmain1_20260916_004017,mediumworkmain1_20260916_004017.csv,2026-09-16 00:40:43,2026-09-16 00:40:52,10,Medium_Workload,20.27,14.505711518800679,141.3,147,1.2222222222222223,,,,,,49.96,0.9395034149308162,50.1,0.30760000000000004,0.8176,44.7,47.74015314410106,16,1.1,3,59.4,60,0.2222222222222222,1434.4,1575,135.0,530.076,584.8
mediumworkmain1_20260916_004017,mediumworkmain1_20260916_004017.csv,2026-09-16 00:40:44,2026-09-16 00:40:53,10,Medium_Workload,23.17,14.003892316066988,142.2,145,0.5555555555555556,,,,,,49.92,0.897898781724433,50.6,0.46900000000000003,1.2752000000000001,45.5,47.13868427900333,17,1.2,3,59.5,59,0.2222222222222222,1552.9,1545,132.55555555555554,548.142,605.06
mediumworkmain1_20260916_004017,mediumworkmain1_20260916_004017.csv,2026-09-16 00:40:45,2026-09-16 00:40:54,10,Medium_Workload,26.22,13.27209269273103,142.7,145,-0.5555555555555556,,,,,,49.89,0.8736259051918164,50.4,0.5756,1.6619999999999997,46.8,46.033321264782394,17,1.4,3,59.8,60,0.1111111111111111,1672.2,1545,-22.444444444444443,554.24,556.88
mediumworkmain1_20260916_004017,mediumworkmain1_20260916_004017.csv,2026-09-16 00:40:46,2026-09-16 00:40:55,10,Medium_Workload,26.68,13.029180924200707,142.4,147,0.4444444444444444,,,,,,49.82,0.8560892995995728,49.7,0.5995,1.7291,38.9,42.534822335483085,21,1.8,4,59.8,59,-0.1111111111111111,1571.0,735,-112.44444444444444,536.9820000000001,376.13
mediumworkmain1_20260916_004017,mediumworkmain1_20260916_004017.csv,2026-09-16 00:40:47,2026-09-16 00:40:56,10,Medium_Workload,27.53,12.240193353592636,142.8,147,0.4444444444444444,,,,,,49.76,0.8395766128763279,49.7,0.6214000000000001,1.8089,30.8,36.95282277595463,19,2.1,3,59.7,59,-0.1111111111111111,1553.8,1575,-19.11111111111111,519.787,376.76
mediumworkmain1_20260916_004017,mediumworkmain1_20260916_004017.csv,2026-09-16 00:40:48,2026-09-16 00:40:57,10,Medium_Workload,28.560000000000002,11.123868232069475,143.2,147,0.5555555555555556,,,,,,49.68,0.8202980488145073,49.5,0.5995000000000001,1.7256,22.4,27.917338300378454,16,2.4,3,59.7,60,0.0,1536.6,1575,-19.11111111111111,500.479,355.63
mediumworkmain1_20260916_004017,mediumworkmain1_20260916_004017.csv,2026-09-16 00:40:49,2026-09-16 00:40:58,10,Medium_Workload,29.419999999999998,10.126510861210896,143.7,147,2.0,,,,,,49.589999999999996,0.7936553968120474,49.4,0.6037999999999999,1.7398,14.1,6.081849134012525,17,2.7,3,59.7,60,0.0,1519.4,1575,-19.11111111111111,477.271,316.63
mediumworkmain1_20260916_004017,mediumworkmain1_20260916_004017.csv,2026-09-16 00:40:50,2026-09-16 00:40:59,10,Medium_Workload,26.929999999999996,7.96227912653713,145.5,147,1.2222222222222223,,,,,,49.809999999999995,0.43576242252962716,49.9,0.8981,1.6045000000000003,15.5,4.352521619066865,16,3.0,3,59.7,60,0.0,1502.2,1575,-19.11111111111111,464.726,316.01
mediumworkmain1_20260916_004017,mediumworkmain1_20260916_004017.csv,2026-09-16 00:40:51,2026-09-16 00:41:00,10,Medium_Workload,25.330000000000002,5.644476159140997,146.5,146,-0.1111111111111111,,,,,,49.89999999999999,0.4109609335312654,50.2,2.3013,1.6672999999999998,17.1,3.2812599206199238,22,3.3,5,59.6,59,-0.1111111111111111,1434.7,1072,-55.888888888888886,435.23400000000004,324.2
mediumworkmain1_20260916_004017,mediumworkmain1_20260916_004017.csv,2026-09-16 00:40:52,2026-09-16 00:41:01,10,Medium_Workload,25.07,5.815888200056424,146.5,147,0.0,,,,,,49.96,0.3893013685508384,50.1,2.2736,1.5808,18.0,2.160246899469287,19,3.3,3,59.5,59,-0.1111111111111111,1384.4,1072,-55.888888888888886,412.7919999999999,315.82
mediumworkmain1_20260916_004017,mediumworkmain1_20260916_004017.csv,2026-09-16 00:40:53,2026-09-16 00:41:02,10,Medium_Workload,24.95,5.895808303833797,146.6,148,0.3333333333333333,,,,,,49.96,0.38930136855083836,50.1,2.2548,1.5276,18.5,2.223610677354389,21,3.5,5,59.4,59,0.0,1317.6,907,-70.88888888888889,385.244,309.32
mediumworkmain1_20260916_004017,mediumworkmain1_20260916_004017.csv,2026-09-16 00:40:54,2026-09-16 00:41:03,10,Medium_Workload,23.740000000000002,5.006706613244989,146.7,146,0.1111111111111111,,,,,,49.92,0.33266599866332425,50.2,2.1027999999999993,1.0735000000000001,18.5,2.223610677354389,17,3.6,4,59.4,59,-0.1111111111111111,1253.8,907,-70.88888888888889,363.34000000000003,386.02
mediumworkmain1_20260916_004017,mediumworkmain1_20260916_004017.csv,2026-09-16 00:40:55,2026-09-16 00:41:04,10,Medium_Workload,21.630000000000003,2.722764118399617,146.3,141,-0.6666666666666666,,,,,,49.9,0.3055050463303903,50.2,2.0071,0.7091,21.6,9.524238085595671,48,6.4,31,59.2,58,-0.1111111111111111,1172.8,735,0.0,348.03499999999997,403.83
mediumworkmain1_20260916_004017,mediumworkmain1_20260916_004017.csv,2026-09-16 00:40:56,2026-09-16 00:41:05,10,Medium_Workload,20.299999999999997,4.746694756471192,145.4,138,-1.0,,,,,,49.95,0.3100179206289725,50.2,1.9437000000000002,0.6032,20.5,10.21164912136026,10,6.3,3,59.2,59,0.0,1172.8,735,-93.33333333333333,349.96099999999996,395.39
mediumworkmain1_20260916_004017,mediumworkmain1_20260916_004017.csv,2026-09-16 00:40:57,2026-09-16 00:41:06,10,Medium_Workload,19.479999999999997,5.323908338805243,143.9,132,-1.6666666666666667,,,,,,50.03,0.3400980250849266,50.5,1.8983999999999999,0.4734,25.0,17.081503967091944,64,9.5,35,59.1,58,-0.2222222222222222,1070.0,547,-114.22222222222223,355.58,432.95
mediumworkmain1_20260916_004017,mediumworkmain1_20260916_004017.csv,2026-09-16 00:40:58,2026-09-16 00:41:07,10,Medium_Workload,18.119999999999997,6.310978089364948,141.8,126,-2.3333333333333335,,,,,,50.13000000000001,0.3128720008068625,50.5,1.9281,0.5465,27.7,17.62605394799919,43,12.2,30,58.9,58,-0.2222222222222222,974.0,615,-106.66666666666667,361.63699999999994,416.2
mediumworkmain1_20260916_004017,mediumworkmain1_20260916_004017.csv,2026-09-16 00:40:59,2026-09-16 00:41:08,10,Medium_Workload,17.119999999999997,6.384495107506762,141.0,139,-0.8888888888888888,,,,,,50.220000000000006,0.18135294011647235,50.3,1.9093,0.4835,29.0,17.224014243685083,30,14.3,24,58.7,58,-0.2222222222222222,884.7,682,-99.22222222222223,370.919,409.45
mediumworkmain1_20260916_004017,mediumworkmain1_20260916_004017.csv,2026-09-16 00:41:00,2026-09-16 00:41:09,10,Medium_Workload,15.909999999999997,6.334815616013531,140.1,138,-0.8888888888888888,,,,,,50.260000000000005,0.14298407059684703,50.3,1.5574,0.438,30.7,16.62695268398739,33,16.5,25,58.5,58,-0.1111111111111111,795.4,682,-43.333333333333336,375.31299999999993,359.95
mediumworkmain1_20260916_004017,mediumworkmain1_20260916_004017.csv,2026-09-16 00:41:01,2026-09-16 00:41:10,10,Medium_Workload,15.229999999999995,5.291093144773267,140.2,147,0.0,,,,,,50.27,0.14181364924121662,50.3,0.15619999999999998,0.3984,30.4,16.82722661508888,19,16.4,4,58.4,58,-0.1111111111111111,795.4,1072,0.0,380.36999999999995,374.77
mediumworkmain1_20260916_004017,mediumworkmain1_20260916_004017.csv,2026-09-16 00:41:02,2026-09-16 00:41:11,10,Medium_Workload,15.62,5.8381503920334215,140.0,145,-0.3333333333333333,,,,,,50.33,0.1828782229912693,50.7,0.16240000000000002,0.4183,30.5,16.75476714914959,20,16.5,4,58.3,58,-0.1111111111111111,753.4,652,-28.333333333333332,389.79499999999996,410.07
mediumworkmain1_20260916_004017,mediumworkmain1_20260916_004017.csv,2026-09-16 00:41:03,2026-09-16 00:41:12,10,Medium_Workload,15.549999999999997,5.771625998509142,140.0,148,0.2222222222222222,,,,,,50.38,0.1813529401164728,50.6,0.1296,0.34659999999999996,30.5,16.75476714914959,21,16.3,3,58.2,58,-0.1111111111111111,764.7,1020,12.555555555555555,398.801,399.38
mediumworkmain1_20260916_004017,mediumworkmain1_20260916_004017.csv,2026-09-16 00:41:04,2026-09-16 00:41:13,10,Medium_Workload,14.85,5.322958659325553,140.1,147,0.6666666666666666,,,,,,50.42,0.18135294011647324,50.6,0.11710000000000001,0.3497,30.8,16.511275608571925,20,16.2,3,58.1,58,0.0,776.0,1020,31.666666666666668,400.456,402.57
mediumworkmain1_20260916_004017,mediumworkmain1_20260916_004017.csv,2026-09-16 00:41:05,2026-09-16 00:41:14,10,Medium_Workload,15.419999999999998,5.736975587266246,140.7,147,1.0,,,,,,50.46,0.1712697677155363,50.6,0.09209999999999999,0.3061,28.2,15.519163780450429,22,13.6,5,58.1,58,-0.1111111111111111,803.0,1005,30.0,403.131,430.58
mediumworkmain1_20260916_004017,mediumworkmain1_20260916_004017.csv,2026-09-16 00:41:06,2026-09-16 00:41:15,10,Medium_Workload,15.489999999999998,5.656353360013263,141.1,142,1.1111111111111112,,,,,,50.48,0.14757295747452648,50.4,0.0859,0.29700000000000004,28.2,15.519163780450429,10,13.7,4,58.0,58,0.0,830.0,1005,50.888888888888886,404.9,413.08
mediumworkmain1_20260916_004017,mediumworkmain1_20260916_004017.csv,2026-09-16 00:41:07,2026-09-16 00:41:16,10,Medium_Workload,15.629999999999999,5.593855756293884,142.0,141,1.6666666666666667,,,,,,50.48,0.14757295747452648,50.5,0.0765,0.2587,23.6,9.299940262651631,18,10.6,4,57.9,57,-0.1111111111111111,815.8,405,-23.333333333333332,402.94999999999993,413.45
mediumworkmain1_20260916_004017,mediumworkmain1_20260916_004017.csv,2026-09-16 00:41:08,2026-09-16 00:41:17,10,Medium_Workload,16.31,4.968668500379821,143.1,137,-0.2222222222222222,,,,,,50.46999999999999,0.14944341180973475,50.4,0.4405,0.252,23.2,8.416914187779536,39,10.5,29,57.8,57,-0.1111111111111111,825.5,712,3.3333333333333335,401.24399999999997,399.14
mediumworkmain1_20260916_004017,mediumworkmain1_20260916_004017.csv,2026-09-16 00:41:09,2026-09-16 00:41:18,10,Medium_Workload,16.470000000000002,4.845857337286492,142.8,136,-0.2222222222222222,,,,,,50.45,0.18408935028645546,50.1,0.4483,0.26880000000000004,23.2,8.416914187779536,30,10.5,24,57.7,57,-0.1111111111111111,828.5,712,3.3333333333333335,389.416,291.17
mediumworkmain1_20260916_004017,mediumworkmain1_20260916_004017.csv,2026-09-16 00:41:10,2026-09-16 00:41:19,10,Medium_Workload,16.57,4.722299345775436,142.7,137,-1.1111111111111112,,,,,,50.43000000000001,0.2110818693198347,50.1,0.4389,0.2474,22.9,8.075339690137568,30,10.4,24,57.6,57,-0.1111111111111111,816.5,562,-56.666666666666664,381.688,282.67
mediumworkmain1_20260916_004017,mediumworkmain1_20260916_004017.csv,2026-09-16 00:41:11,2026-09-16 00:41:20,10,Medium_Workload,16.36,4.5877130589337325,142.2,142,-0.3333333333333333,,,,,,50.36,0.33730961708462714,49.6,0.4201,0.17300000000000001,24.1,8.319321553534946,31,12.6,26,57.5,57,-0.1111111111111111,760.3,510,-15.777777777777779,372.12199999999996,279.11
mediumworkmain1_20260916_004017,mediumworkmain1_20260916_004017.csv,2026-09-16 00:41:12,2026-09-16 00:41:21,10,Medium_Workload,14.87,4.0775946068457785,141.1,134,-1.5555555555555556,,,,,,50.25000000000001,0.3894440481849304,49.6,0.4454999999999999,0.1854,25.3,8.525126261691247,32,14.5,23,57.4,57,-0.1111111111111111,741.6,465,-61.666666666666664,358.51300000000003,273.98
mediumworkmain1_20260916_004017,mediumworkmain1_20260916_004017.csv,2026-09-16 00:41:13,2026-09-16 00:41:22,10,Medium_Workload,14.16,3.6411841785636474,140.6,143,-0.4444444444444444,,,,,,50.17,0.3917198545446023,49.8,0.5185000000000001,0.21430000000000002,26.9,9.109823757290197,37,16.8,26,57.2,56,-0.2222222222222222,683.1,435,-65.0,345.97299999999996,273.98
mediumworkmain1_20260916_004017,mediumworkmain1_20260916_004017.csv,2026-09-16 00:41:14,2026-09-16 00:41:23,10,Medium_Workload,16.49,8.448596201605199,139.6,137,-1.1111111111111112,,,,,,50.14,0.36575644598253837,50.3,0.845,0.6374000000000001,26.4,9.651712571122058,15,16.9,4,57.2,58,0.0,738.6,1575,63.333333333333336,336.02700000000004,303.11
mediumworkmain1_20260916_004017,mediumworkmain1_20260916_004017.csv,2026-09-16 00:41:15,2026-09-16 00:41:24,10,Medium_Workload,18.23,11.018776903288517,138.9,140,-0.2222222222222222,,,,,,50.12,0.34253953543106935,50.4,1.0141,0.8929,24.9,11.415875885021798,7,16.7,3,57.2,58,0.0,795.6,1575,63.333333333333336,323.324,303.55
mediumworkmain1_20260916_004017,mediumworkmain1_20260916_004017.csv,2026-09-16 00:41:16,2026-09-16 00:41:25,10,Medium_Workload,20.14,11.069698379911813,139.3,146,0.5555555555555556,,,,,,50.160000000000004,0.3977715704047003,50.8,1.3028,1.6480000000000001,25.4,10.782702196883056,15,16.7,4,57.2,58,0.1111111111111111,852.6,1575,130.0,319.158,371.42
mediumworkmain1_20260916_004017,mediumworkmain1_20260916_004017.csv,2026-09-16 00:41:17,2026-09-16 00:41:26,10,Medium_Workload,21.240000000000002,10.9375195237921,139.4,142,0.5555555555555556,,,,,,50.199999999999996,0.4521553322083501,50.9,1.345,1.7707000000000002,25.4,10.782702196883054,18,16.6,3,57.3,58,0.1111111111111111,969.6,1575,95.88888888888889,317.123,393.1
mediumworkmain1_20260916_004017,mediumworkmain1_20260916_004017.csv,2026-09-16 00:41:18,2026-09-16 00:41:27,10,Medium_Workload,22.28,10.771443728674445,140.3,146,1.1111111111111112,,,,,,50.24999999999999,0.501663898109746,50.9,1.0112999999999999,1.784,27.8,15.697133496278868,63,16.6,29,57.4,58,0.1111111111111111,1022.1,1237,58.333333333333336,316.457,392.48
mediumworkmain1_20260916_004017,mediumworkmain1_20260916_004017.csv,2026-09-16 00:41:19,2026-09-16 00:41:28,10,Medium_Workload,23.66,10.443307266697971,141.4,147,1.1111111111111112,,,,,,50.33,0.5375872022286236,50.9,1.0676,2.011,26.7,15.90981527932434,19,14.5,3,57.5,58,0.1111111111111111,1074.6,1237,75.0,325.694,383.54
mediumworkmain1_20260916_004017,mediumworkmain1_20260916_004017.csv,2026-09-16 00:41:20,2026-09-16 00:41:29,10,Medium_Workload,25.5,9.696161898171644,142.4,147,0.5555555555555556,,,,,,50.41,0.5586690532964128,50.9,1.17,2.1425,26.2,15.873107936240954,25,12.5,4,57.5,57,0.0,1088.1,697,20.77777777777778,335.69300000000004,382.66
mediumworkmain1_20260916_004017,mediumworkmain1_20260916_004017.csv,2026-09-16 00:41:21,2026-09-16 00:41:30,10,Medium_Workload,25.93,9.423027350296955,143.0,148,1.5555555555555556,,,,,,50.54,0.49710271686152624,50.9,1.1934,2.2066999999999997,28.8,18.63568858102348,57,12.4,25,57.5,57,0.0,1121.8,847,42.44444444444444,343.39199999999994,356.1
mediumworkmain1_20260916_004017,mediumworkmain1_20260916_004017.csv,2026-09-16 00:41:22,2026-09-16 00:41:31,10,Medium_Workload,27.55,7.475924320406437,144.3,147,0.4444444444444444,,,,,,50.66,0.3747591819348056,50.8,1.1618,2.1744,27.7,18.75011111078189,21,10.4,3,57.5,57,0.1111111111111111,1160.0,847,45.77777777777778,346.635,306.41
mediumworkmain1_20260916_004017,mediumworkmain1_20260916_004017.csv,2026-09-16 00:41:23,2026-09-16 00:41:32,10,Medium_Workload,28.339999999999996,6.06322246554311,144.7,147,1.1111111111111112,,,,,,50.769999999999996,0.22632326929023966,50.9,1.1107,2.2024,30.3,21.746264046957585,63,10.6,28,57.6,57,-0.1111111111111111,1203.5,870,-78.33333333333333,355.453,362.16
mediumworkmain1_20260916_004017,mediumworkmain1_20260916_004017.csv,2026-09-16 00:41:24,2026-09-16 00:41:33,10,Medium_Workload,26.7,5.265400691727502,145.3,143,0.3333333333333333,,,,,,50.83,0.15670212364724218,50.9,0.7913000000000001,1.7920000000000003,31.2,21.222629431811697,24,10.8,6,57.6,58,0.0,1133.0,870,-78.33333333333333,368.622,434.8
mediumworkmain1_20260916_004017,mediumworkmain1_20260916_004017.csv,2026-09-16 00:41:25,2026-09-16 00:41:34,10,Medium_Workload,24.009999999999998,5.153520910773311,145.6,143,-0.3333333333333333,,,,,,50.879999999999995,0.04216370213557899,50.9,0.6284,1.5355999999999999,33.2,19.566411128371097,27,11.0,5,57.5,57,-0.1111111111111111,1037.0,615,-106.66666666666667,381.778,435.11
mediumworkmain1_20260916_004017,mediumworkmain1_20260916_004017.csv,2026-09-16 00:41:26,2026-09-16 00:41:35,10,Medium_Workload,23.25,4.88950122427863,145.2,142,0.0,,,,,,51.010000000000005,0.3842742076521236,52.1,0.35530000000000006,0.7993,32.8,20.015549510873345,11,10.8,2,57.5,58,0.0,1037.0,1575,0.0,394.297,496.61
mediumworkmain1_20260916_004017,mediumworkmain1_20260916_004017.csv,2026-09-16 00:41:27,2026-09-16 00:41:36,10,Medium_Workload,22.14,5.649031382065031,145.6,146,0.0,,,,,,51.160000000000004,0.5796550698475781,52.4,0.3303,0.7353,32.4,20.38081886916661,14,10.8,3,57.5,58,0.0,1037.0,1575,37.55555555555556,404.41700000000003,494.3
mediumworkmain1_20260916_004017,mediumworkmain1_20260916_004017.csv,2026-09-16 00:41:28,2026-09-16 00:41:37,10,Medium_Workload,20.85,6.261567074001701,145.3,143,-0.4444444444444444,,,,,,51.32000000000001,0.7067924416372579,52.5,0.2891,0.7354,27.0,18.43306208359799,9,8.0,1,57.5,58,0.0,1070.8,1575,37.55555555555556,414.61100000000005,494.42
mediumworkmain1_20260916_004017,mediumworkmain1_20260916_004017.csv,2026-09-16 00:41:29,2026-09-16 00:41:38,10,Medium_Workload,19.07,6.647647871407015,144.5,139,-0.8888888888888888,,,,,,51.48,0.7786027371016772,52.5,0.24840000000000004,0.5301,25.5,19.721674483786728,4,7.8,1,57.5,58,0.1111111111111111,1104.6,1575,97.55555555555556,420.968,447.11
mediumworkmain1_20260916_004017,mediumworkmain1_20260916_004017.csv,2026-09-16 00:41:30,2026-09-16 00:41:39,10,Medium_Workload,17.39,5.588967306717364,143.6,138,-1.1111111111111112,,,,,,51.629999999999995,0.7986794656737395,52.4,0.1437,0.3795,24.3,20.116604529039634,13,8.3,9,57.5,57,0.0,1094.9,600,-27.444444444444443,427.963,452.61
mediumworkmain1_20260916_004017,mediumworkmain1_20260916_004017.csv,2026-09-16 00:41:31,2026-09-16 00:41:40,10,Medium_Workload,16.7,5.321236280748634,143.5,147,0.0,,,,,,51.8,0.8069145624606813,52.6,0.1453,0.3669,19.6,16.853618141053406,10,5.9,1,57.5,57,0.0,1097.9,877,3.3333333333333335,436.683,443.3
mediumworkmain1_20260916_004017,mediumworkmain1_20260916_004017.csv,2026-09-16 00:41:32,2026-09-16 00:41:41,10,Medium_Workload,15.530000000000001,4.313299845310497,143.3,145,-0.2222222222222222,,,,,,51.970000000000006,0.7498888806572174,52.5,0.15,0.3841,18.8,16.969253240951872,13,5.9,3,57.5,57,0.0,1100.9,877,0.7777777777777778,447.84700000000004,418.05
mediumworkmain1_20260916_004017,mediumworkmain1_20260916_004017.csv,2026-09-16 00:41:33,2026-09-16 00:41:42,10,Medium_Workload,15.399999999999997,4.146484454731903,143.2,146,0.3333333333333333,,,,,,52.17,0.6976946164173681,52.9,0.14509999999999998,0.3612,17.5,13.310396938734272,50,5.2,21,57.5,57,-0.1111111111111111,1066.4,525,-38.333333333333336,455.1540000000001,435.23
mediumworkmain1_20260916_004017,mediumworkmain1_20260916_004017.csv,2026-09-16 00:41:34,2026-09-16 00:41:43,10,Medium_Workload,16.18,5.8626501402238445,143.3,144,0.1111111111111111,,,,,,52.40999999999999,0.6208417225383972,53.3,0.2178,0.3795,20.2,17.00196067124809,51,6.7,21,57.4,57,0.0,1081.4,1020,45.0,457.53499999999997,458.61
mediumworkmain1_20260916_004017,mediumworkmain1_20260916_004017.csv,2026-09-16 00:41:35,2026-09-16 00:41:44,10,Medium_Workload,17.8,6.776921621700127,143.8,148,0.6666666666666666,,,,,,52.739999999999995,0.6058969476000945,54.2,0.2413,0.4866,18.6,17.04373459335978,11,6.4,2,57.4,57,-0.1111111111111111,1121.9,1020,-61.666666666666664,457.9599999999999,439.36
mediumworkmain1_20260916_004017,mediumworkmain1_20260916_004017.csv,2026-09-16 00:41:36,2026-09-16 00:41:45,10,Medium_Workload,19.050000000000004,8.458821824974603,144.2,146,0.0,,,,,,52.98,0.7757433710820729,54.5,0.28290000000000004,0.6057,21.7,18.282049483942803,42,7.4,12,57.3,57,-0.1111111111111111,1014.6,502,-119.22222222222223,449.229,409.3
mediumworkmain1_20260916_004017,mediumworkmain1_20260916_004017.csv,2026-09-16 00:41:37,2026-09-16 00:41:46,10,Medium_Workload,20.750000000000004,8.999783948024037,144.2,146,0.3333333333333333,,,,,,53.279999999999994,1.0559882154224598,55.4,0.2837,0.5716000000000001,24.3,18.90355639673245,40,8.2,11,57.2,57,-0.1111111111111111,932.1,750,-91.66666666666667,441.91,421.11
mediumworkmain1_20260916_004017,mediumworkmain1_20260916_004017.csv,2026-09-16 00:41:38,2026-09-16 00:41:47,10,Medium_Workload,21.44,8.550269651368376,144.5,146,0.7777777777777778,,,,,,53.5,1.1035296904831238,54.7,0.31179999999999997,0.6319000000000001,24.0,19.194906731850626,6,8.2,1,57.1,57,-0.1111111111111111,857.8,832,-82.55555555555556,435.49800000000005,430.3
mediumworkmain1_20260916_004017,mediumworkmain1_20260916_004017.csv,2026-09-16 00:41:39,2026-09-16 00:41:48,10,Medium_Workload,21.779999999999998,8.091257284529052,145.0,144,0.6666666666666666,,,,,,53.71,1.0918384088825197,54.6,0.3236,0.6898,23.9,19.312920257922904,3,8.1,0,57.0,57,0.0,787.3,870,30.0,433.884,430.97
mediumworkmain1_20260916_004017,mediumworkmain1_20260916_004017.csv,2026-09-16 00:41:40,2026-09-16 00:41:49,10,Medium_Workload,21.47,8.501248274354904,145.6,144,-0.3333333333333333,,,,,,53.94000000000001,1.0254538290706006,54.7,0.37709999999999994,0.8036999999999999,22.6,20.52748834557647,0,7.2,0,57.0,57,0.0,814.3,870,-0.7777777777777778,433.8,451.77
mediumworkmain1_20260916_004017,mediumworkmain1_20260916_004017.csv,2026-09-16 00:41:41,2026-09-16 00:41:50,10,Medium_Workload,21.91,8.26860864286664,145.6,147,0.2222222222222222,,,,,,54.17999999999999,0.955452190791821,55.0,0.3591,0.772,22.6,20.527488345576472,10,7.9,8,57.0,57,0.0,806.8,802,-8.333333333333334,445.834,563.64
mediumworkmain1_20260916_004017,mediumworkmain1_20260916_004017.csv,2026-09-16 00:41:42,2026-09-16 00:41:51,10,Medium_Workload,22.47,7.852536745111948,145.5,144,-0.2222222222222222,,,,,,54.5,0.8615231988880068,55.7,0.3958,0.8952,24.2,20.318573878214103,29,8.1,5,57.0,57,0.0,779.1,600,8.333333333333334,457.212,531.83
mediumworkmain1_20260916_004017,mediumworkmain1_20260916_004017.csv,2026-09-16 00:41:43,2026-09-16 00:41:52,10,Medium_Workload,22.29,7.94319415180904,145.5,146,0.2222222222222222,,,,,,54.779999999999994,0.7284687135812135,55.7,0.43229999999999996,0.9968,20.9,18.235801173637654,17,6.4,4,57.0,57,0.0,766.3,397,-69.22222222222223,466.3280000000001,526.39
mediumworkmain1_20260916_004017,mediumworkmain1_20260916_004017.csv,2026-09-16 00:41:44,2026-09-16 00:41:53,10,Medium_Workload,21.59,7.524840345297847,145.8,147,-0.1111111111111111,,,,,,55.04,0.5929212051829104,55.9,0.426,1.2132,16.6,15.159888595310397,8,4.5,2,57.1,58,0.1111111111111111,821.8,1575,61.666666666666664,473.25600000000003,527.89
mediumworkmain1_20260916_004017,mediumworkmain1_20260916_004017.csv,2026-09-16 00:41:45,2026-09-16 00:41:54,10,Medium_Workload,19.39,8.498163200232023,144.8,138,-0.8888888888888888,,,,,,55.21,0.5685263601823767,55.9,0.40920000000000006,1.1164,16.3,15.311941599795746,8,4.5,2,57.2,58,0.1111111111111111,877.3,1575,119.22222222222223,481.69000000000005,523.7
mediumworkmain1_20260916_004017,mediumworkmain1_20260916_004017.csv,2026-09-16 00:41:46,2026-09-16 00:41:55,10,Medium_Workload,17.23,7.016179713902558,144.8,146,0.0,,,,,,55.330000000000005,0.5271516754112503,55.7,0.37229999999999996,1.0022,13.8,12.416834450767949,17,3.6,3,57.3,58,0.1111111111111111,984.6,1575,91.66666666666667,478.8860000000001,381.26
mediumworkmain1_20260916_004017,mediumworkmain1_20260916_004017.csv,2026-09-16 00:41:47,2026-09-16 00:41:56,10,Medium_Workload,16.23,5.371126511263721,145.0,148,0.2222222222222222,,,,,,55.36,0.5399588461684418,55.7,0.3637,1.0168000000000001,11.5,8.553751613570894,17,2.8,3,57.4,58,0.1111111111111111,1067.1,1575,82.55555555555556,474.03900000000004,372.64
mediumworkmain1_20260916_004017,mediumworkmain1_20260916_004017.csv,2026-09-16 00:41:48,2026-09-16 00:41:57,10,Medium_Workload,16.32,5.437278731130124,145.2,148,0.4444444444444444,,,,,,55.46999999999999,0.501220732035519,55.8,0.3258,0.9110999999999999,13.0,8.793937305515279,21,3.0,3,57.4,57,0.0,1112.9,1290,46.666666666666664,470.104,390.95
mediumworkmain1_20260916_004017,mediumworkmain1_20260916_004017.csv,2026-09-16 00:41:49,2026-09-16 00:41:58,10,Medium_Workload,18.41,7.6651375286640056,145.4,146,0.2222222222222222,,,,,,55.580000000000005,0.39944405810520583,55.7,0.3015,0.8480000000000001,14.4,8.113089560840693,17,3.3,3,57.4,57,0.0,1154.9,1290,46.666666666666664,464.677,376.7
mediumworkmain1_20260916_004017,mediumworkmain1_20260916_004017.csv,2026-09-16 00:41:50,2026-09-16 00:41:59,10,Medium_Workload,21.03,8.921764897647153,145.7,147,0.0,,,,,,55.67999999999999,0.25298221281347005,55.7,0.28,0.8424999999999999,16.2,6.373556481449131,18,3.6,3,57.4,57,0.0,1168.4,1005,22.555555555555557,457.98900000000003,384.89
mediumworkmain1_20260916_004017,mediumworkmain1_20260916_004017.csv,2026-09-16 00:41:51,2026-09-16 00:42:00,10,Medium_Workload,22.6,10.015210654022432,145.9,149,0.5555555555555556,,,,,,55.739999999999995,0.09660917830792787,55.6,0.2753,0.8362999999999999,17.0,6.0,18,3.1,3,57.4,57,0.0,1188.7,1005,45.0,439.20700000000005,375.82
mediumworkmain1_20260916_004017,mediumworkmain1_20260916_004017.csv,2026-09-16 00:41:52,2026-09-16 00:42:01,10,Medium_Workload,22.68,9.991752154207544,146.3,148,0.2222222222222222,,,,,,55.74000000000001,0.09660917830792787,55.7,0.24170000000000003,0.7165999999999999,19.8,13.75015151431673,57,5.0,24,57.4,57,0.0,1244.9,1162,85.0,423.38800000000003,373.64
mediumworkmain1_20260916_004017,mediumworkmain1_20260916_004017.csv,2026-09-16 00:41:53,2026-09-16 00:42:02,10,Medium_Workload,23.009999999999998,9.87009512506226,146.5,148,0.1111111111111111,,,,,,55.739999999999995,0.09660917830792787,55.7,0.18980000000000002,0.5952,19.9,13.73114869355235,18,4.9,3,57.4,57,-0.1111111111111111,1321.4,1162,-45.888888888888886,406.88800000000003,361.39
mediumworkmain1_20260916_004017,mediumworkmain1_20260916_004017.csv,2026-09-16 00:41:54,2026-09-16 00:42:03,10,Medium_Workload,22.869999999999997,9.886472239041252,146.5,147,1.0,,,,,,55.73,0.08232726023485466,55.8,0.11320000000000001,0.3208,25.4,18.5903200617956,63,7.7,30,57.3,57,-0.1111111111111111,1276.4,1125,-50.0,390.52799999999996,364.29
mediumworkmain1_20260916_004017,mediumworkmain1_20260916_004017.csv,2026-09-16 00:41:55,2026-09-16 00:42:04,10,Medium_Workload,24.49,8.020868614641019,147.4,147,0.1111111111111111,,,,,,55.720000000000006,0.06324555320336549,55.8,0.10030000000000001,0.3028,26.6,17.708754896942924,20,7.9,4,57.2,57,-0.1111111111111111,1231.4,1125,-50.0,372.087,339.29
mediumworkmain1_20260916_004017,mediumworkmain1_20260916_004017.csv,2026-09-16 00:41:56,2026-09-16 00:42:05,10,Medium_Workload,25.870000000000005,6.782010518029788,147.4,146,-0.2222222222222222,,,,,,55.7,0.09428090415820517,55.5,0.0909,0.30569999999999997,31.2,20.665591369875354,63,10.5,29,57.1,57,-0.1111111111111111,1183.4,1095,-53.333333333333336,369.578,356.17
mediumworkmain1_20260916_004017,mediumworkmain1_20260916_004017.csv,2026-09-16 00:41:57,2026-09-16 00:42:06,10,Medium_Workload,26.169999999999998,6.601691702384575,147.4,148,0.0,,,,,,55.660000000000004,0.15776212754932323,55.3,0.0784,0.2698,31.4,20.52207483554125,19,10.6,4,57.1,58,0.1111111111111111,1135.4,1095,-21.666666666666668,367.05600000000004,347.42
mediumworkmain1_20260916_004017,mediumworkmain1_20260916_004017.csv,2026-09-16 00:41:58,2026-09-16 00:42:07,10,Medium_Workload,25.7,7.205707614261228,147.3,147,0.1111111111111111,,,,,,55.61,0.18529256146249828,55.3,0.08659999999999998,0.2763,35.5,22.237355957937087,62,13.2,29,57.1,57,0.0,1112.1,1057,-25.88888888888889,362.73400000000004,347.73
mediumworkmain1_20260916_004017,mediumworkmain1_20260916_004017.csv,2026-09-16 00:41:59,2026-09-16 00:42:08,10,Medium_Workload,24.35,6.704268955092884,147.4,147,0.0,,,,,,55.56,0.22211108331943594,55.2,0.0808,0.2767,35.7,22.06077464138052,19,13.2,3,57.1,57,0.0,1088.8,1057,5.777777777777778,358.943,338.79
mediumworkmain1_20260916_004017,mediumworkmain1_20260916_004017.csv,2026-09-16 00:42:00,2026-09-16 00:42:09,10,Medium_Workload,23.07,5.201506192120382,147.5,148,-0.1111111111111111,,,,,,55.519999999999996,0.22997584414213812,55.3,0.05129999999999999,0.1892,39.9,22.31317498200957,60,15.4,25,57.1,57,0.0,1085.0,967,-4.222222222222222,356.008,355.54
mediumworkmain1_20260916_004017,mediumworkmain1_20260916_004017.csv,2026-09-16 00:42:01,2026-09-16 00:42:10,10,Medium_Workload,21.229999999999997,3.1109305503159166,147.3,147,-0.1111111111111111,,,,,,55.480000000000004,0.24855135843076304,55.2,0.05059999999999999,0.1843,40.0,22.20610526659529,19,15.4,3,57.1,57,0.0,1081.2,967,-21.666666666666668,352.18,337.54
mediumworkmain1_20260916_004017,mediumworkmain1_20260916_004017.csv,2026-09-16 00:42:02,2026-09-16 00:42:11,10,Medium_Workload,21.549999999999997,3.179884693926286,147.3,148,0.0,,,,,,55.44,0.24129281427805094,55.3,0.0428,0.16670000000000001,40.1,22.293247607490677,58,15.4,24,57.1,57,0.0,1052.0,870,-32.44444444444444,349.258,344.42
mediumworkmain1_20260916_004017,mediumworkmain1_20260916_004017.csv,2026-09-16 00:42:03,2026-09-16 00:42:12,10,Medium_Workload,21.919999999999998,3.3455775120132687,147.3,148,0.1111111111111111,,,,,,55.39,0.23309511649395978,55.2,0.0428,0.15599999999999997,40.2,22.185080071475465,19,15.4,3,57.1,57,0.0,1022.8,870,-28.333333333333332,346.717,335.98
mediumworkmain1_20260916_004017,mediumworkmain1_20260916_004017.csv,2026-09-16 00:42:04,2026-09-16 00:42:13,10,Medium_Workload,21.77,3.414365078442681,147.3,147,0.0,,,,,,55.339999999999996,0.18378731669453513,55.3,0.0428,0.15219999999999997,40.3,22.301220694043735,64,15.4,30,57.1,57,0.0,998.8,885,-26.666666666666668,344.79200000000003,345.04
mediumworkmain1_20260916_004017,mediumworkmain1_20260916_004017.csv,2026-09-16 00:42:05,2026-09-16 00:42:14,10,Medium_Workload,21.61,3.413844362787111,147.3,147,0.1111111111111111,,,,,,55.29,0.08755950357709012,55.3,0.09119999999999999,0.2517,40.5,22.10706272262831,22,15.4,4,57.1,57,0.0,974.8,885,-23.333333333333332,345.636,347.73
mediumworkmain1_20260916_004017,mediumworkmain1_20260916_004017.csv,2026-09-16 00:42:06,2026-09-16 00:42:15,10,Medium_Workload,20.69,3.3073823150306922,147.4,147,-0.1111111111111111,,,,,,55.27,0.048304589153962046,55.3,0.1162,0.32419999999999993,40.4,21.995959224871786,62,15.2,27,57.1,57,-0.1111111111111111,956.0,907,-20.88888888888889,344.79200000000003,347.73
mediumworkmain1_20260916_004017,mediumworkmain1_20260916_004017.csv,2026-09-16 00:42:07,2026-09-16 00:42:16,10,Medium_Workload,19.97,3.314630865990628,147.3,147,0.0,,,,,,55.25,0.0707106781186524,55.1,0.15999999999999998,0.3916,40.7,21.68998744940982,22,15.2,4,57.0,57,0.0,937.2,907,-16.666666666666668,343.979,339.29
mediumworkmain1_20260916_004017,mediumworkmain1_20260916_004017.csv,2026-09-16 00:42:08,2026-09-16 00:42:17,10,Medium_Workload,19.999999999999996,3.2717647293845027,147.3,147,0.0,,,,,,55.230000000000004,0.08232726023485427,55.1,0.1553,0.3983,36.9,20.856387244412414,24,12.8,5,57.0,57,0.0,923.7,922,-15.0,343.979,347.73
mediumworkmain1_20260916_004017,mediumworkmain1_20260916_004017.csv,2026-09-16 00:42:09,2026-09-16 00:42:18,10,Medium_Workload,19.54,3.4938676436166145,147.3,147,-0.1111111111111111,,,,,,55.220000000000006,0.09189365834726601,55.1,0.158,0.38699999999999996,36.9,20.856387244412414,19,12.9,4,57.0,57,0.0,910.2,922,-5.0,343.967,338.67
mediumworkmain1_20260916_004017,mediumworkmain1_20260916_004017.csv,2026-09-16 00:42:10,2026-09-16 00:42:19,10,Medium_Workload,19.32,3.272036402948815,147.3,148,0.1111111111111111,,,,,,55.21,0.08755950357708932,55.2,0.24569999999999997,0.5016,33.0,19.669491322575908,21,10.9,5,57.0,57,0.0,896.7,832,-15.0,343.017,346.04
mediumworkmain1_20260916_004017,mediumworkmain1_20260916_004017.csv,2026-09-16 00:42:11,2026-09-16 00:42:20,10,Medium_Workload,19.43,3.2107631491594018,147.4,148,0.0,,,,,,55.21,0.08755950357708932,55.2,0.2464,0.4927999999999999,32.9,19.750949344272037,18,10.9,3,57.0,57,0.0,925.2,1252,42.44444444444444,343.79900000000004,345.36
mediumworkmain1_20260916_004017,mediumworkmain1_20260916_004017.csv,2026-09-16 00:42:12,2026-09-16 00:42:21,10,Medium_Workload,19.36,3.1159803165831024,147.3,147,-0.1111111111111111,,,,,,55.2,0.08164965809277086,55.2,0.2464,0.49029999999999996,28.9,18.082834094491073,18,8.8,3,57.0,57,0.0,963.4,1252,42.44444444444444,343.04900000000004,336.92
mediumworkmain1_20260916_004017,mediumworkmain1_20260916_004017.csv,2026-09-16 00:42:13,2026-09-16 00:42:22,10,Medium_Workload,18.96,2.5268337675614685,147.2,147,0.0,,,,,,55.2,0.08164965809277086,55.2,0.2448,0.48749999999999993,29.2,17.92453315679069,22,8.9,4,57.0,57,0.0,940.1,637,-27.555555555555557,343.04900000000004,335.98
mediumworkmain1_20260916_004017,mediumworkmain1_20260916_004017.csv,2026-09-16 00:42:14,2026-09-16 00:42:23,10,Medium_Workload,19.32,2.87626300760012,147.2,147,0.0,,,,,,55.21,0.0994428926011738,55.4,0.28069999999999995,0.5791,25.0,13.148721948877347,22,6.3,4,57.0,57,0.0,937.1,855,-3.3333333333333335,343.862,353.17
mediumworkmain1_20260916_004017,mediumworkmain1_20260916_004017.csv,2026-09-16 00:42:15,2026-09-16 00:42:24,10,Medium_Workload,19.15,2.822233158334017,147.2,147,0.0,,,,,,55.21,0.09944289260117378,55.3,0.2526,0.5113,25.1,13.127155907591796,23,6.3,4,57.0,57,0.0,934.1,855,-5.777777777777778,342.53700000000003,334.48
mediumworkmain1_20260916_004017,mediumworkmain1_20260916_004017.csv,2026-09-16 00:42:16,2026-09-16 00:42:25,10,Medium_Workload,20.119999999999997,3.538926390870542,146.9,144,-0.3333333333333333,,,,,,55.21,0.09944289260117378,55.3,0.24009999999999998,0.4579999999999999,20.9,2.078995483935023,20,4.0,4,57.0,57,0.0,937.1,937,3.3333333333333335,342.006,342.42
mediumworkmain1_20260916_004017,mediumworkmain1_20260916_004017.csv,2026-09-16 00:42:17,2026-09-16 00:42:26,10,Medium_Workload,20.65,3.3622908856908857,146.9,147,0.0,,,,,,55.230000000000004,0.09486832980504956,55.3,0.1994,0.3978,20.8,2.043961295567452,21,4.0,4,57.0,57,0.0,940.1,937,1.6666666666666667,342.21900000000005,341.42
mediumworkmain1_20260916_004017,mediumworkmain1_20260916_004017.csv,2026-09-16 00:42:18,2026-09-16 00:42:27,10,Medium_Workload,20.83,3.119134495336808,146.9,147,0.0,,,,,,55.25,0.0849836585598777,55.3,0.20099999999999998,0.39120000000000005,20.7,1.888562063228706,23,4.0,5,57.0,57,0.0,943.9,960,4.222222222222222,342.38800000000003,349.42
mediumworkmain1_20260916_004017,mediumworkmain1_20260916_004017.csv,2026-09-16 00:42:19,2026-09-16 00:42:28,10,Medium_Workload,21.38,2.6173778226818287,146.9,147,-0.1111111111111111,,,,,,55.27,0.06749485577105298,55.3,0.1994,0.3942,20.7,1.888562063228706,19,4.0,4,57.0,57,0.0,947.7,960,14.222222222222221,341.75700000000006,332.36
mediumworkmain1_20260916_004017,mediumworkmain1_20260916_004017.csv,2026-09-16 00:42:20,2026-09-16 00:42:29,10,Medium_Workload,21.17,2.6985798734396087,146.8,147,-0.1111111111111111,,,,,,55.279999999999994,0.06324555320336549,55.3,0.1069,0.27470000000000006,20.7,1.8885620632287061,21,3.8,3,56.9,56,-0.1111111111111111,919.2,547,-78.33333333333333,340.257,331.04
mediumworkmain1_20260916_004017,mediumworkmain1_20260916_004017.csv,2026-09-16 00:42:21,2026-09-16 00:42:30,10,Medium_Workload,20.870000000000005,3.177367883432239,146.8,148,0.1111111111111111,,,,,,55.279999999999994,0.06324555320336549,55.2,0.1155,0.3026,20.8,1.7511900715418263,19,3.8,3,56.9,57,0.0,903.5,1095,-17.444444444444443,338.738,330.17
mediumworkmain1_20260916_004017,mediumworkmain1_20260916_004017.csv,2026-09-16 00:42:22,2026-09-16 00:42:31,10,Medium_Workload,20.09,3.5582298970134016,146.8,147,0.0,,,,,,55.279999999999994,0.06324555320336549,55.2,0.1155,0.302,20.9,1.5951314818673867,19,3.8,3,56.9,57,0.0,887.8,1095,50.888888888888886,338.06300000000005,330.17
mediumworkmain1_20260916_004017,mediumworkmain1_20260916_004017.csv,2026-09-16 00:42:23,2026-09-16 00:42:32,10,Medium_Workload,19.869999999999997,3.5705741835172677,146.8,147,0.0,,,,,,55.29,0.05676462121975298,55.3,0.128,0.3283,20.7,1.5670212364724212,20,3.8,4,56.8,56,-0.1111111111111111,915.6,915,6.666666666666667,337.4820000000001,330.17
mediumworkmain1_20260916_004017,mediumworkmain1_20260916_004017.csv,2026-09-16 00:42:24,2026-09-16 00:42:33,10,Medium_Workload,19.209999999999997,3.474814143710903,146.8,147,0.0,,,,,,55.27,0.048304589153962046,55.2,0.11710000000000001,0.29100000000000004,20.6,1.5055453054181622,21,3.8,4,56.8,57,0.0,921.6,915,6.666666666666667,335.119,329.54
mediumworkmain1_20260916_004017,mediumworkmain1_20260916_004017.csv,2026-09-16 00:42:25,2026-09-16 00:42:34,10,Medium_Workload,19.6,3.686009585807757,146.8,147,0.3333333333333333,,,,,,55.25,0.0707106781186524,55.1,0.11399999999999999,0.2876,20.3,1.2516655570345725,20,3.8,4,56.8,57,0.0,933.6,975,4.222222222222222,336.994,353.23
mediumworkmain1_20260916_004017,mediumworkmain1_20260916_004017.csv,2026-09-16 00:42:26,2026-09-16 00:42:35,10,Medium_Workload,19.259999999999998,3.074699623992201,147.1,147,0.0,,,,,,55.220000000000006,0.10327955589886287,55.0,0.09059999999999999,0.24300000000000002,20.4,1.2649110640673518,21,3.8,4,56.7,56,-0.1111111111111111,937.4,975,4.222222222222222,338.331,355.79
mediumworkmain1_20260916_004017,mediumworkmain1_20260916_004017.csv,2026-09-16 00:42:27,2026-09-16 00:42:36,10,Medium_Workload,19.279999999999998,3.095085710534614,147.1,147,0.0,,,,,,55.2,0.10540925533894449,55.1,0.0875,0.23259999999999997,20.5,1.35400640077266,22,3.9,5,56.6,56,-0.1111111111111111,934.4,907,-5.888888888888889,340.612,364.23
mediumworkmain1_20260916_004017,mediumworkmain1_20260916_004017.csv,2026-09-16 00:42:28,2026-09-16 00:42:37,10,Medium_Workload,19.579999999999995,3.0702153380866006,147.1,147,0.0,,,,,,55.17,0.11595018087283956,55.0,0.0953,0.2476,20.3,1.0593499054713802,21,3.8,4,56.6,57,0.0,929.1,907,-5.888888888888889,341.249,355.79
mediumworkmain1_20260916_004017,mediumworkmain1_20260916_004017.csv,2026-09-16 00:42:29,2026-09-16 00:42:38,10,Medium_Workload,19.009999999999998,3.200503432621534,147.1,147,0.0,,,,,,55.15,0.10801234497346368,55.1,0.08909999999999998,0.22230000000000003,20.6,1.0749676997731399,22,3.8,4,56.5,56,0.0,926.1,930,42.55555555555556,344.392,363.79
mediumworkmain1_20260916_004017,mediumworkmain1_20260916_004017.csv,2026-09-16 00:42:30,2026-09-16 00:42:39,10,Medium_Workload,18.85,3.2243000963172013,147.1,147,-0.1111111111111111,,,,,,55.120000000000005,0.10327955589886455,55.0,0.0875,0.2063,20.4,1.1737877907772671,19,3.8,3,56.5,56,-0.1111111111111111,964.4,930,-18.333333333333332,344.805,335.17
mediumworkmain1_20260916_004017,mediumworkmain1_20260916_004017.csv,2026-09-16 00:42:31,2026-09-16 00:42:40,10,Medium_Workload,18.72,3.4045068169511232,147.0,147,0.0,,,,,,55.11,0.09944289260117523,55.1,0.07659999999999999,0.17930000000000001,20.6,1.0749676997731399,21,3.9,4,56.4,56,-0.1111111111111111,935.9,810,-31.666666666666668,346.149,343.61
mediumworkmain1_20260916_004017,mediumworkmain1_20260916_004017.csv,2026-09-16 00:42:32,2026-09-16 00:42:41,10,Medium_Workload,19.2,3.1675437381878933,147.0,147,0.0,,,,,,55.11,0.09944289260117523,55.2,0.07659999999999999,0.17939999999999998,20.4,1.505545305418162,17,3.9,3,56.3,56,0.0,941.1,1147,25.77777777777778,347.63,344.98
mediumworkmain1_20260916_004017,mediumworkmain1_20260916_004017.csv,2026-09-16 00:42:33,2026-09-16 00:42:42,10,Medium_Workload,19.849999999999998,3.6791454321773025,146.9,146,-0.1111111111111111,,,,,,55.089999999999996,0.07378647873726323,55.1,0.0641,0.1551,20.0,2.0548046676563256,16,3.9,4,56.4,57,0.0,964.3,1147,25.77777777777778,360.892,462.79
mediumworkmain1_20260916_004017,mediumworkmain1_20260916_004017.csv,2026-09-16 00:42:34,2026-09-16 00:42:43,10,Medium_Workload,19.43,4.270844308928987,146.5,143,-0.4444444444444444,,,,,,55.09000000000001,0.07378647873726323,55.2,0.0391,0.1012,18.7,4.270050741306634,8,3.8,3,56.3,56,-0.1111111111111111,934.3,615,-40.0,373.949,460.11
mediumworkmain1_20260916_004017,mediumworkmain1_20260916_004017.csv,2026-09-16 00:42:35,2026-09-16 00:42:44,10,Medium_Workload,18.0,5.198717790635174,145.7,139,-0.8888888888888888,,,,,,55.1,0.08164965809277377,55.2,0.0219,0.07150000000000002,18.1,4.483302354291979,14,3.7,3,56.2,56,0.0,881.8,450,-58.333333333333336,384.637,460.11
mediumworkmain1_20260916_004017,mediumworkmain1_20260916_004017.csv,2026-09-16 00:42:36,2026-09-16 00:42:45,10,Medium_Workload,16.87,5.170869258537571,144.9,139,-0.8888888888888888,,,,,,55.129999999999995,0.09486832980505132,55.3,0.0715,0.1537,20.9,10.795575225269122,49,6.4,31,56.2,56,0.0,870.5,862,-5.0,396.4320000000001,473.74
mediumworkmain1_20260916_004017,mediumworkmain1_20260916_004017.csv,2026-09-16 00:42:37,2026-09-16 00:42:46,10,Medium_Workload,15.76,5.090339434218071,143.5,133,-1.5555555555555556,,,,,,55.14,0.09660917830792964,55.2,0.0715,0.15360000000000001,19.7,11.314199534704658,10,6.2,3,56.2,56,-0.1111111111111111,866.0,862,-5.0,405.69500000000005,456.86
mediumworkmain1_20260916_004017,mediumworkmain1_20260916_004017.csv,2026-09-16 00:42:38,2026-09-16 00:42:47,10,Medium_Workload,14.84,4.927068093704409,141.9,131,-1.7777777777777777,,,,,,55.15,0.08498365855987956,55.1,0.0496,0.1062,22.2,14.06176849949299,46,8.8,30,56.1,56,0.0,817.3,420,-56.666666666666664,404.90200000000004,347.86
mediumworkmain1_20260916_004017,mediumworkmain1_20260916_004017.csv,2026-09-16 00:42:39,2026-09-16 00:42:48,10,Medium_Workload,14.24,5.157130985344467,139.5,123,-2.6666666666666665,,,,,,55.15,0.08498365855987956,55.1,0.0621,0.1376,21.7,14.15823278363354,17,8.8,4,56.1,56,0.0,766.3,420,-56.666666666666664,402.50300000000004,339.8
mediumworkmain1_20260916_004017,mediumworkmain1_20260916_004017.csv,2026-09-16 00:42:40,2026-09-16 00:42:49,10,Medium_Workload,13.75,5.022892039895387,138.8,140,-0.7777777777777778,,,,,,55.160000000000004,0.06992058987800952,55.1,0.0621,0.149,27.2,21.678458329769565,74,12.4,39,56.1,56,0.0,748.3,750,-6.666666666666667,410.1540000000001,411.68
mediumworkmain1_20260916_004017,mediumworkmain1_20260916_004017.csv,2026-09-16 00:42:41,2026-09-16 00:42:50,10,Medium_Workload,13.419999999999998,5.11225108060149,138.4,143,-0.4444444444444444,,,,,,55.17999999999999,0.07888106377466027,55.3,0.0621,0.14810000000000004,25.7,22.652201266592662,6,12.2,2,56.1,56,0.0,824.8,1575,47.55555555555556,425.49799999999993,497.05
mediumworkmain1_20260916_004017,mediumworkmain1_20260916_004017.csv,2026-09-16 00:42:42,2026-09-16 00:42:51,10,Medium_Workload,12.320000000000002,4.732347315139824,137.7,140,-0.6666666666666666,,,,,,55.21,0.1286683937707908,55.5,0.0621,0.1493,24.9,23.1298268235819,9,12.1,2,56.1,56,-0.1111111111111111,867.6,1575,47.55555555555556,439.69899999999996,486.99
mediumworkmain1_20260916_004017,mediumworkmain1_20260916_004017.csv,2026-09-16 00:42:43,2026-09-16 00:42:52,10,Medium_Workload,10.48,1.8937323523196783,136.8,137,-0.6666666666666666,,,,,,55.25,0.15092308563562262,55.5,0.0777,0.199,24.0,23.683092891108817,7,11.9,2,56.0,56,0.0,910.4,1575,106.66666666666667,441.3,478.8
mediumworkmain1_20260916_004017,mediumworkmain1_20260916_004017.csv,2026-09-16 00:42:44,2026-09-16 00:42:53,10,Medium_Workload,9.76,2.353342776185021,135.8,133,-0.6666666666666666,,,,,,55.279999999999994,0.16865480854231268,55.5,0.0777,0.1988,23.2,24.407649074282702,0,11.7,1,56.0,56,0.0,1006.4,1575,125.0,442.91900000000004,476.3
mediumworkmain1_20260916_004017,mediumworkmain1_20260916_004017.csv,2026-09-16 00:42:45,2026-09-16 00:42:54,10,Medium_Workload,9.82,2.3337142546212086,136.5,146,0.7777777777777778,,,,,,55.31,0.17919573407620745,55.5,0.0777,0.19440000000000002,21.8,25.376279387561045,0,11.4,0,55.9,55,-0.1111111111111111,1007.9,465,-44.111111111111114,443.576,466.68
mediumworkmain1_20260916_004017,mediumworkmain1_20260916_004017.csv,2026-09-16 00:42:46,2026-09-16 00:42:55,10,Medium_Workload,10.38,3.3422547279743156,137.2,146,1.4444444444444444,,,,,,55.370000000000005,0.25841396591085647,55.9,0.0453,0.15760000000000002,24.2,29.09677339881902,73,9.3,10,55.8,55,-0.1111111111111111,992.9,712,-16.666666666666668,440.37600000000003,441.74
mediumworkmain1_20260916_004017,mediumworkmain1_20260916_004017.csv,2026-09-16 00:42:47,2026-09-16 00:42:56,10,Medium_Workload,12.329999999999998,7.2329569794563735,138.1,142,1.2222222222222223,,,,,,55.52,0.48488257455915185,56.7,0.09570000000000001,0.24220000000000003,27.7,29.30320422373256,45,10.6,16,55.7,55,-0.1111111111111111,988.4,817,44.111111111111114,446.0759999999999,513.86
mediumworkmain1_20260916_004017,mediumworkmain1_20260916_004017.csv,2026-09-16 00:42:48,2026-09-16 00:42:57,10,Medium_Workload,12.56,7.240196436868577,139.4,144,2.3333333333333335,,,,,,55.769999999999996,0.7916929820187739,57.6,0.0957,0.2371,23.8,29.192084162967497,7,7.7,1,55.7,56,0.0,1103.9,1575,128.33333333333334,464.29499999999996,530.05
mediumworkmain1_20260916_004017,mediumworkmain1_20260916_004017.csv,2026-09-16 00:42:49,2026-09-16 00:42:58,10,Medium_Workload,12.370000000000001,7.344847022081384,141.1,140,0.0,,,,,,56.010000000000005,0.9194805296712082,57.5,0.1254,0.34009999999999996,23.2,29.408237697020276,11,7.4,1,55.7,56,0.0,1219.4,1575,91.66666666666667,479.71399999999994,493.99
mediumworkmain1_20260916_004017,mediumworkmain1_20260916_004017.csv,2026-09-16 00:42:50,2026-09-16 00:42:59,10,Medium_Workload,12.88,7.552159367433338,141.7,146,0.3333333333333333,,,,,,56.29,1.0311266761277313,57.9,0.159,0.44580000000000003,16.9,23.463683522508664,11,3.6,1,55.7,56,0.0,1301.9,1575,0.0,489.128,505.82
mediumworkmain1_20260916_004017,mediumworkmain1_20260916_004017.csv,2026-09-16 00:42:51,2026-09-16 00:43:00,10,Medium_Workload,12.970000000000002,7.5286194691398185,141.8,144,0.4444444444444444,,,,,,56.61999999999999,1.1942454614618483,58.6,0.17779999999999999,0.5081,16.7,23.575175267405516,4,3.5,1,55.6,55,-0.1111111111111111,1205.1,607,-107.55555555555556,489.8299999999999,504.07
mediumworkmain1_20260916_004017,mediumworkmain1_20260916_004017.csv,2026-09-16 00:42:52,2026-09-16 00:43:01,10,Medium_Workload,12.76,7.682476452579888,141.7,139,0.2222222222222222,,,,,,56.96,1.3175735273600484,58.9,0.17779999999999999,0.5068,15.8,24.06842098869157,0,3.3,0,55.5,55,-0.1111111111111111,1092.6,450,-125.0,487.73199999999997,466.01
mediumworkmain1_20260916_004017,mediumworkmain1_20260916_004017.csv,2026-09-16 00:42:53,2026-09-16 00:43:02,10,Medium_Workload,14.52,8.166163249790088,143.0,150,1.8888888888888888,,,,,,57.38000000000001,1.461962151812876,59.7,0.2118,0.5415000000000001,17.5,23.977999175169817,24,3.6,5,55.4,55,-0.1111111111111111,968.1,330,-138.33333333333334,487.84,479.88
mediumworkmain1_20260916_004017,mediumworkmain1_20260916_004017.csv,2026-09-16 00:42:54,2026-09-16 00:43:03,10,Medium_Workload,15.459999999999999,7.5008443969107015,144.0,143,-0.3333333333333333,,,,,,57.84000000000001,1.5269432063949062,60.1,0.2294,0.6226999999999999,21.1,23.760144032485247,36,3.9,4,55.3,55,0.0,880.3,697,25.77777777777778,491.0999999999999,508.9
mediumworkmain1_20260916_004017,mediumworkmain1_20260916_004017.csv,2026-09-16 00:42:55,2026-09-16 00:43:04,10,Medium_Workload,15.66,7.346382329645887,143.3,139,-0.7777777777777778,,,,,,58.3,1.4337208778404384,60.1,0.29969999999999997,0.8046,21.3,23.57046174063348,2,4.0,1,55.3,55,0.0,903.5,697,-1.6666666666666667,495.32199999999995,508.9
mediumworkmain1_20260916_004017,mediumworkmain1_20260916_004017.csv,2026-09-16 00:42:56,2026-09-16 00:43:05,10,Medium_Workload,14.85,7.564280093527297,142.7,140,-0.2222222222222222,,,,,,58.720000000000006,1.256803706055785,60.1,0.2825,0.7529999999999999,16.2,15.156956598649128,22,3.2,2,55.3,55,0.0,870.5,382,-48.333333333333336,502.0379999999999,508.9
mediumworkmain1_20260916_004017,mediumworkmain1_20260916_004017.csv,2026-09-16 00:42:57,2026-09-16 00:43:06,10,Medium_Workload,13.190000000000001,5.164720063404534,143.0,145,0.1111111111111111,,,,,,59.1,1.1479450238481712,60.5,0.2602,0.7337,11.7,12.00971828700962,0,1.6,0,55.3,55,-0.1111111111111111,839.8,510,-118.33333333333333,499.77299999999997,491.21
mediumworkmain1_20260916_004017,mediumworkmain1_20260916_004017.csv,2026-09-16 00:42:58,2026-09-16 00:43:07,10,Medium_Workload,13.8,5.587684871413403,143.5,149,1.0,,,,,,59.489999999999995,1.2404748194855786,61.5,0.309,0.7847999999999999,12.6,11.95547294477861,16,1.8,3,55.2,55,-0.1111111111111111,708.5,262,-145.88888888888889,497.90999999999997,511.42
mediumworkmain1_20260916_004017,mediumworkmain1_20260916_004017.csv,2026-09-16 00:42:59,2026-09-16 00:43:08,10,Medium_Workload,14.24,5.233481951180622,143.9,144,-0.2222222222222222,,,,,,59.910000000000004,1.2022663783223941,61.7,0.2934,0.7701,16.4,16.547574511759187,49,2.9,12,55.1,55,-0.1111111111111111,602.7,517,-117.55555555555556,499.566,510.55
mediumworkmain1_20260916_004017,mediumworkmain1_20260916_004017.csv,2026-09-16 00:43:00,2026-09-16 00:43:09,10,Medium_Workload,13.179999999999998,5.47759071125253,143.2,139,-0.5555555555555556,,,,,,60.3,1.1065461781798551,61.8,0.2691,0.6759999999999999,17.5,16.514303564553433,22,3.1,3,55.0,55,0.0,496.9,517,-10.0,500.401,514.17
mediumworkmain1_20260916_004017,mediumworkmain1_20260916_004017.csv,2026-09-16 00:43:01,2026-09-16 00:43:10,10,Medium_Workload,13.13,5.495867134088628,142.8,140,0.1111111111111111,,,,,,60.669999999999995,1.0934654391733947,62.3,0.2675,0.7091000000000001,23.9,22.143220683139617,68,4.1,11,55.0,55,0.0,491.7,555,11.666666666666666,498.742,487.48
mediumworkmain1_20260916_004017,mediumworkmain1_20260916_004017.csv,2026-09-16 00:43:02,2026-09-16 00:43:11,10,Medium_Workload,14.889999999999997,6.035165467675449,143.7,148,-0.2222222222222222,,,,,,61.08,1.1242775458044143,63.0,0.2987,0.7568999999999999,25.1,20.999735448069075,12,4.5,4,55.0,55,0.0,502.2,555,25.0,504.946,528.05
mediumworkmain1_20260916_004017,mediumworkmain1_20260916_004017.csv,2026-09-16 00:43:03,2026-09-16 00:43:12,10,Medium_Workload,13.64,5.062761653046246,143.1,144,0.1111111111111111,,,,,,61.470000000000006,1.2605554331325532,63.6,0.2569,0.7064999999999999,27.1,21.819715855161817,44,5.3,13,55.0,55,0.0,524.7,555,-15.777777777777779,509.696,527.38
mediumworkmain1_20260916_004017,mediumworkmain1_20260916_004017.csv,2026-09-16 00:43:04,2026-09-16 00:43:13,10,Medium_Workload,13.040000000000001,5.274298268226989,142.7,139,0.0,,,,,,61.830000000000005,1.3375350462698166,63.7,1.7136,0.7343999999999999,23.7,22.900994641184376,2,5.0,1,55.0,55,0.0,513.5,585,-12.444444444444445,511.65599999999995,528.5
mediumworkmain1_20260916_004017,mediumworkmain1_20260916_004017.csv,2026-09-16 00:43:05,2026-09-16 00:43:14,10,Medium_Workload,12.620000000000001,5.577892871765187,142.0,132,-0.8888888888888888,,,,,,62.19000000000001,1.30422390715705,63.7,1.6652,0.6859,23.8,22.797660698706203,3,5.0,1,55.0,55,0.0,476.8,330,-5.777777777777778,513.548,527.82
mediumworkmain1_20260916_004017,mediumworkmain1_20260916_004017.csv,2026-09-16 00:43:06,2026-09-16 00:43:15,10,Medium_Workload,12.53,5.642507322891915,141.5,135,-1.1111111111111112,,,,,,62.55000000000001,1.151086443322135,63.7,1.7066000000000003,0.7511,28.9,27.557818007478993,73,6.0,12,55.0,55,0.0,482.1,435,-8.333333333333334,515.446,527.88
mediumworkmain1_20260916_004017,mediumworkmain1_20260916_004017.csv,2026-09-16 00:43:07,2026-09-16 00:43:16,10,Medium_Workload,12.26,5.628933192789633,141.4,144,-0.5555555555555556,,,,,,62.879999999999995,0.9542885657214322,63.8,1.8264000000000002,0.6982999999999999,28.9,27.557818007478993,0,6.0,0,55.0,55,0.0,474.6,435,19.22222222222222,518.594,522.69
mediumworkmain1_20260916_004017,mediumworkmain1_20260916_004017.csv,2026-09-16 00:43:08,2026-09-16 00:43:17,10,Medium_Workload,12.440000000000001,5.92156135566363,141.1,146,0.2222222222222222,,,,,,63.15,0.900925450115973,64.2,2.0940000000000003,0.7985,28.3,27.93265711194217,10,5.9,2,55.1,56,0.1111111111111111,605.9,1575,117.55555555555556,515.446,479.94
mediumworkmain1_20260916_004017,mediumworkmain1_20260916_004017.csv,2026-09-16 00:43:09,2026-09-16 00:43:18,10,Medium_Workload,13.09,6.2520130091568635,141.3,146,0.7777777777777778,,,,,,63.39000000000001,0.7837941906733775,64.1,2.5286,1.5138000000000003,24.0,27.700782179088975,6,4.7,0,55.2,56,0.1111111111111111,711.7,1575,117.55555555555556,512.0409999999999,476.5
mediumworkmain1_20260916_004017,mediumworkmain1_20260916_004017.csv,2026-09-16 00:43:10,2026-09-16 00:43:19,10,Medium_Workload,13.310000000000002,6.061435473549149,141.3,139,-0.1111111111111111,,,,,,63.6,0.5597618541248893,63.9,2.9086999999999996,2.2190000000000003,22.8,28.054708458058634,10,4.4,0,55.3,56,0.1111111111111111,817.5,1575,113.33333333333333,508.174,475.5
mediumworkmain1_20260916_004017,mediumworkmain1_20260916_004017.csv,2026-09-16 00:43:11,2026-09-16 00:43:20,10,Medium_Workload,13.15,6.14676970267943,141.1,138,-1.1111111111111112,,,,,,63.760000000000005,0.3272783388968947,63.9,3.0224,2.1267,16.0,23.800093370498455,0,3.3,0,55.4,56,0.1111111111111111,919.5,1575,113.33333333333333,504.48900000000003,450.63
mediumworkmain1_20260916_004017,mediumworkmain1_20260916_004017.csv,2026-09-16 00:43:12,2026-09-16 00:43:21,10,Medium_Workload,11.95,4.709859634615216,140.7,144,0.0,,,,,,63.830000000000005,0.19465068427541773,63.7,3.2084,2.5736,14.8,24.321001441369788,0,2.9,0,55.4,55,0.0,900.0,360,-21.666666666666668,496.366,446.82
mediumworkmain1_20260916_004017,mediumworkmain1_20260916_004017.csv,2026-09-16 00:43:13,2026-09-16 00:43:22,10,Medium_Workload,12.98,5.716409129281541,140.8,145,0.6666666666666666,,,,,,63.88000000000001,0.1932183566158572,64.1,3.3463000000000003,2.9396,13.8,23.16510786122573,34,2.1,5,55.4,55,0.0,908.2,637,5.777777777777778,488.13500000000005,445.07
mediumworkmain1_20260916_004017,mediumworkmain1_20260916_004017.csv,2026-09-16 00:43:14,2026-09-16 00:43:23,10,Medium_Workload,13.680000000000001,5.560535545750566,141.3,144,1.3333333333333333,,,,,,63.9,0.18257418583505364,63.9,2.0036,3.1495,15.2,22.792786383220264,16,2.3,3,55.4,55,0.0,913.4,637,34.111111111111114,480.5919999999999,453.07
mediumworkmain1_20260916_004017,mediumworkmain1_20260916_004017.csv,2026-09-16 00:43:15,2026-09-16 00:43:24,10,Medium_Workload,13.879999999999999,5.332874980304297,141.9,138,0.3333333333333333,,,,,,63.89,0.19692073983655747,63.6,2.0352,3.0399000000000003,14.9,22.99009448533095,0,2.2,0,55.4,55,0.0,906.6,262,-19.22222222222222,473.117,453.07
mediumworkmain1_20260916_004017,mediumworkmain1_20260916_004017.csv,2026-09-16 00:43:16,2026-09-16 00:43:25,10,Medium_Workload,14.079999999999998,5.14280511437527,142.9,145,0.1111111111111111,,,,,,63.870000000000005,0.2263232692902382,63.5,2.1433999999999997,3.3517,8.0,10.666666666666666,4,1.1,1,55.4,55,0.0,884.1,210,-25.0,468.267,479.38
mediumworkmain1_20260916_004017,mediumworkmain1_20260916_004017.csv,2026-09-16 00:43:17,2026-09-16 00:43:26,10,Medium_Workload,13.87,5.309122128730679,142.5,140,-0.6666666666666666,,,,,,63.84000000000001,0.2547329756605694,63.5,2.1017,3.5831000000000004,8.4,10.405126941400892,4,1.3,2,55.4,55,-0.1111111111111111,897.6,570,-111.66666666666667,461.342,453.44
mediumworkmain1_20260916_004017,mediumworkmain1_20260916_004017.csv,2026-09-16 00:43:18,2026-09-16 00:43:27,10,Medium_Workload,12.5,4.8080950258681225,141.3,134,-1.3333333333333333,,,,,,63.77,0.24060109910157898,63.5,1.8358,3.5145000000000004,8.9,10.608696642116055,15,1.2,1,55.3,55,-0.1111111111111111,797.1,570,-111.66666666666667,455.736,423.88
mediumworkmain1_20260916_004017,mediumworkmain1_20260916_004017.csv,2026-09-16 00:43:19,2026-09-16 00:43:28,10,Medium_Workload,12.529999999999998,4.852502218214617,141.3,146,0.7777777777777778,,,,,,63.71,0.22335820757001112,63.5,1.7143000000000002,2.7548,11.7,13.149144458861192,34,1.7,5,55.2,55,-0.1111111111111111,696.6,570,-111.66666666666667,453.06800000000004,449.82
mediumworkmain1_20260916_004017,mediumworkmain1_20260916_004017.csv,2026-09-16 00:43:20,2026-09-16 00:43:29,10,Medium_Workload,12.91,4.736254966860537,141.5,141,0.3333333333333333,,,,,,63.67,0.221359436211785,63.5,1.4448,2.3432000000000004,13.2,13.774372338997278,25,2.0,3,55.1,55,-0.1111111111111111,596.1,570,-111.66666666666667,450.86199999999997,453.44
mediumworkmain1_20260916_004017,mediumworkmain1_20260916_004017.csv,2026-09-16 00:43:21,2026-09-16 00:43:30,10,Medium_Workload,13.91,4.985412052512142,142.2,145,0.1111111111111111,,,,,,63.629999999999995,0.21108186931983267,63.5,1.3639,2.4715,20.0,21.275964529643932,68,2.9,9,55.0,55,0.0,505.3,667,34.111111111111114,450.15600000000006,443.57
mediumworkmain1_20260916_004017,mediumworkmain1_20260916_004017.csv,2026-09-16 00:43:22,2026-09-16 00:43:31,10,Medium_Workload,13.65,5.1383633364893315,142.0,142,-0.3333333333333333,,,,,,63.620000000000005,0.20976176963402862,63.6,1.1467,1.9768000000000001,23.4,20.424386295689658,34,3.4,5,55.0,55,0.0,536.0,667,3.3333333333333335,449.843,443.69
mediumworkmain1_20260916_004017,mediumworkmain1_20260916_004017.csv,2026-09-16 00:43:23,2026-09-16 00:43:32,10,Medium_Workload,12.72,4.169145929057627,142.0,145,0.1111111111111111,,,,,,63.56,0.12649110640673483,63.5,1.0276,1.6460000000000001,20.8,20.579385586336418,8,3.0,1,55.0,55,0.0,553.3,810,19.22222222222222,450.49300000000005,451.57
mediumworkmain1_20260916_004017,mediumworkmain1_20260916_004017.csv,2026-09-16 00:43:24,2026-09-16 00:43:33,10,Medium_Workload,11.66,4.647388753076529,141.1,135,-0.3333333333333333,,,,,,63.510000000000005,0.05676462121975548,63.4,0.8976000000000001,1.3391,20.3,20.768833487811598,11,2.8,1,55.0,55,0.0,542.1,525,29.22222222222222,450.53000000000003,453.44
mediumworkmain1_20260916_004017,mediumworkmain1_20260916_004017.csv,2026-09-16 00:43:25,2026-09-16 00:43:34,10,Medium_Workload,11.749999999999998,4.602957986145673,141.8,145,0.0,,,,,,63.510000000000005,0.05676462121975548,63.6,2.1134999999999997,3.2516999999999996,23.2,19.611787838497083,29,3.3,5,55.0,55,0.0,556.4,405,21.666666666666668,448.367,431.44
mediumworkmain1_20260916_004017,mediumworkmain1_20260916_004017.csv,2026-09-16 00:43:26,2026-09-16 00:43:35,10,Medium_Workload,11.59,4.678425661124335,141.4,141,0.1111111111111111,,,,,,63.510000000000005,0.05676462121975548,63.5,1.9639000000000002,2.8852,25.4,18.416176464064293,26,3.6,4,55.0,55,0.0,613.4,780,23.333333333333332,442.04799999999994,416.19
mediumworkmain1_20260916_004017,mediumworkmain1_20260916_004017.csv,2026-09-16 00:43:27,2026-09-16 00:43:36,10,Medium_Workload,12.500000000000002,5.033443707399096,141.9,145,1.2222222222222223,,,,,,63.53000000000001,0.08232726023485763,63.7,1.9171000000000002,2.7903,26.3,17.448654835131435,13,3.5,1,55.0,55,0.0,643.4,870,33.333333333333336,438.317,416.13
mediumworkmain1_20260916_004017,mediumworkmain1_20260916_004017.csv,2026-09-16 00:43:28,2026-09-16 00:43:37,10,Medium_Workload,12.66,4.898117552239387,142.3,138,-0.8888888888888888,,,,,,63.55000000000001,0.09718253158075638,63.7,1.8722000000000005,2.7649999999999997,25.0,18.81488772222678,2,3.4,0,55.1,56,0.1111111111111111,673.4,870,33.333333333333336,437.754,418.25
mediumworkmain1_20260916_004017,mediumworkmain1_20260916_004017.csv,2026-09-16 00:43:29,2026-09-16 00:43:38,10,Medium_Workload,11.95,4.344153158748742,141.8,141,0.0,,,,,,63.56,0.09660917830793096,63.6,1.5325,2.6974,22.5,19.144189719076646,9,3.0,1,55.1,55,0.0,641.1,247,-35.888888888888886,434.5969999999999,418.25
mediumworkmain1_20260916_004017,mediumworkmain1_20260916_004017.csv,2026-09-16 00:43:30,2026-09-16 00:43:39,10,Medium_Workload,10.999999999999998,5.004664490919113,140.9,132,-1.4444444444444444,,,,,,63.57000000000001,0.09486832980505272,63.6,1.4188,2.3808,22.7,19.18361569441775,27,3.0,3,55.1,55,0.0,605.1,210,-50.77777777777778,430.341,410.88
mediumworkmain1_20260916_004017,mediumworkmain1_20260916_004017.csv,2026-09-16 00:43:31,2026-09-16 00:43:40,10,Medium_Workload,10.970000000000002,4.948636175755902,141.0,146,0.4444444444444444,,,,,,63.63000000000001,0.18885620632286937,64.1,1.4188,2.3306,18.4,10.956479564369406,25,2.4,3,55.2,56,0.1111111111111111,695.9,1575,100.88888888888889,434.866,488.82
mediumworkmain1_20260916_004017,mediumworkmain1_20260916_004017.csv,2026-09-16 00:43:32,2026-09-16 00:43:41,10,Medium_Workload,12.830000000000002,7.3653920465919525,141.4,146,0.1111111111111111,,,,,,63.77,0.47152235719351926,65.0,1.9769999999999999,4.2896,15.5,10.178954323068314,5,2.0,1,55.4,57,0.2222222222222222,786.7,1575,85.0,442.799,523.02
mediumworkmain1_20260916_004017,mediumworkmain1_20260916_004017.csv,2026-09-16 00:43:33,2026-09-16 00:43:42,10,Medium_Workload,13.01,7.389248946949886,141.1,142,0.7777777777777778,,,,,,63.9,0.5597618541248878,64.8,2.0684,4.807899999999999,15.0,10.697871023920808,3,1.9,0,55.6,57,0.2222222222222222,863.2,1575,116.66666666666667,448.544,509.02
mediumworkmain1_20260916_004017,mediumworkmain1_20260916_004017.csv,2026-09-16 00:43:34,2026-09-16 00:43:43,10,Medium_Workload,13.489999999999998,6.961872353517167,142.0,144,-0.1111111111111111,,,,,,64.09,0.6806043066438973,65.3,2.1574,4.9759,14.1,11.425604773684606,2,1.8,0,55.8,57,0.2222222222222222,968.2,1575,130.0,454.0959999999999,508.96
mediumworkmain1_20260916_004017,mediumworkmain1_20260916_004017.csv,2026-09-16 00:43:35,2026-09-16 00:43:44,10,Medium_Workload,13.610000000000003,6.907073668831588,141.8,143,0.2222222222222222,,,,,,64.21,0.6903300337922096,64.8,1.9082999999999999,5.701300000000001,12.0,10.252370999486466,8,1.4,1,55.9,56,0.1111111111111111,969.7,420,-40.0,460.0289999999999,490.77
mediumworkmain1_20260916_004017,mediumworkmain1_20260916_004017.csv,2026-09-16 00:43:36,2026-09-16 00:43:45,10,Medium_Workload,13.169999999999998,7.3653920465919525,140.6,129,-1.7777777777777777,,,,,,64.33,0.6566751268490534,64.7,1.9927,5.8898,11.1,9.230986464680312,17,2.5,15,55.9,55,0.0,921.7,300,-63.333333333333336,463.5490000000001,451.39
mediumworkmain1_20260916_004017,mediumworkmain1_20260916_004017.csv,2026-09-16 00:43:37,2026-09-16 00:43:46,10,Medium_Workload,11.71,7.676001563314067,139.9,138,0.0,,,,,,64.46000000000001,0.6467010300148136,65.0,1.9418999999999997,5.7939,11.4,9.347608131376592,16,4.1,17,55.9,55,-0.1111111111111111,857.9,232,-70.88888888888889,460.0950000000001,381.59
mediumworkmain1_20260916_004017,mediumworkmain1_20260916_004017.csv,2026-09-16 00:43:38,2026-09-16 00:43:47,10,Medium_Workload,12.919999999999998,8.239444425714906,140.7,146,0.5555555555555556,,,,,,64.64000000000001,0.661983551323008,65.5,1.9597000000000002,5.810899999999999,12.7,8.781925883439362,15,4.5,4,56.0,57,0.2222222222222222,928.4,1575,147.55555555555554,465.55999999999995,472.9
mediumworkmain1_20260916_004017,mediumworkmain1_20260916_004017.csv,2026-09-16 00:43:39,2026-09-16 00:43:48,10,Medium_Workload,14.14,8.959811505953805,141.2,146,1.5555555555555556,,,,,,64.83,0.600092585449205,65.5,2.0035,5.851000000000001,13.6,8.82169044017201,18,4.8,4,56.2,57,0.2222222222222222,1061.2,1575,151.66666666666666,472.31299999999993,485.78
mediumworkmain1_20260916_004017,mediumworkmain1_20260916_004017.csv,2026-09-16 00:43:40,2026-09-16 00:43:49,10,Medium_Workload,15.879999999999999,8.400767160735315,142.7,147,0.1111111111111111,,,,,,65.05,0.49272484996981675,65.8,2.0300999999999996,5.947799999999999,12.8,7.771743691090179,19,4.9,4,56.4,57,0.1111111111111111,1197.7,1575,0.0,483.33900000000006,521.14
mediumworkmain1_20260916_004017,mediumworkmain1_20260916_004017.csv,2026-09-16 00:43:41,2026-09-16 00:43:50,10,Medium_Workload,16.08,8.511665198093993,142.8,147,0.1111111111111111,,,,,,65.21999999999998,0.415799096787004,65.8,2.0016,5.896299999999999,12.0,6.716480559869962,17,4.9,3,56.5,57,0.0,1197.7,1575,0.0,487.465,530.08
mediumworkmain1_20260916_004017,mediumworkmain1_20260916_004017.csv,2026-09-16 00:43:42,2026-09-16 00:43:51,10,Medium_Workload,16.42,9.105651480750232,142.9,147,0.5555555555555556,,,,,,65.31,0.45813632129409837,65.9,1.4910999999999999,4.080799999999999,13.5,6.654154925892376,20,5.1,3,56.5,57,0.0,1164.7,1245,-36.666666666666664,487.052,518.89
mediumworkmain1_20260916_004017,mediumworkmain1_20260916_004017.csv,2026-09-16 00:43:43,2026-09-16 00:43:52,10,Medium_Workload,16.85,9.116925651409762,143.2,145,0.1111111111111111,,,,,,65.41999999999999,0.45411696975803817,65.9,1.3919000000000001,3.6008000000000004,14.0,5.92546294487706,8,5.4,3,56.5,57,0.0,1131.7,1245,-36.666666666666664,484.81499999999994,486.65
mediumworkmain1_20260916_004017,mediumworkmain1_20260916_004017.csv,2026-09-16 00:43:44,2026-09-16 00:43:53,10,Medium_Workload,17.700000000000003,8.78723822116799,143.3,145,0.2222222222222222,,,,,,65.47,0.4667856991049419,65.8,1.3247,3.4883999999999995,18.1,9.689054534771584,43,8.1,27,56.5,57,0.1111111111111111,1044.7,705,31.666666666666668,480.9719999999999,470.53
mediumworkmain1_20260916_004017,mediumworkmain1_20260916_004017.csv,2026-09-16 00:43:45,2026-09-16 00:43:54,10,Medium_Workload,18.4,8.49470423263812,143.5,145,1.7777777777777777,,,,,,65.58999999999999,0.42804464979978674,66.0,0.381,0.8824,22.3,13.266917920568858,50,11.1,31,56.5,56,0.1111111111111111,1098.7,960,73.33333333333333,478.38499999999993,464.9
mediumworkmain1_20260916_004017,mediumworkmain1_20260916_004017.csv,2026-09-16 00:43:46,2026-09-16 00:43:55,10,Medium_Workload,18.96,7.615656388140304,143.9,133,-0.5555555555555556,,,,,,65.71000000000001,0.29981475762358567,65.9,0.32320000000000004,0.7751,21.8,13.579396157414363,12,9.9,3,56.7,57,0.2222222222222222,1164.7,960,80.88888888888889,479.13,458.84
mediumworkmain1_20260916_004017,mediumworkmain1_20260916_004017.csv,2026-09-16 00:43:47,2026-09-16 00:43:56,10,Medium_Workload,19.509999999999998,6.509386385145002,143.7,136,-1.1111111111111112,,,,,,65.78999999999999,0.16633299933166315,65.8,0.3584,0.8344999999999999,24.8,15.353609781850434,46,10.9,27,56.9,57,0.0,1194.7,532,-115.88888888888889,486.817,458.46
mediumworkmain1_20260916_004017,mediumworkmain1_20260916_004017.csv,2026-09-16 00:43:48,2026-09-16 00:43:57,10,Medium_Workload,18.089999999999996,7.458246740651885,142.3,132,-1.5555555555555556,,,,,,65.81,0.13703203194063085,65.7,0.34750000000000003,0.7992000000000001,24.9,15.285795875765041,16,10.9,4,56.9,57,0.0,1090.4,532,-115.88888888888889,481.1919999999999,416.65
mediumworkmain1_20260916_004017,mediumworkmain1_20260916_004017.csv,2026-09-16 00:43:49,2026-09-16 00:43:58,10,Medium_Workload,16.43,7.787318751234814,141.3,136,-1.2222222222222223,,,,,,65.8,0.16329931618554464,65.4,0.30369999999999997,0.7513,24.6,15.464655041595838,15,10.9,4,56.8,56,-0.1111111111111111,1016.9,840,-81.66666666666667,474.279,416.65
mediumworkmain1_20260916_004017,mediumworkmain1_20260916_004017.csv,2026-09-16 00:43:50,2026-09-16 00:43:59,10,Medium_Workload,16.39,7.76107810380319,140.9,143,-0.4444444444444444,,,,,,65.75999999999999,0.2065591117977277,65.4,0.29279999999999995,0.7405,23.9,15.898637258163564,12,10.8,3,56.8,57,0.0,943.4,840,-81.66666666666667,464.94899999999996,427.84
mediumworkmain1_20260916_004017,mediumworkmain1_20260916_004017.csv,2026-09-16 00:43:51,2026-09-16 00:44:00,10,Medium_Workload,16.51,7.852451846398042,140.9,147,0.0,,,,,,65.73,0.2213594362117859,65.5,0.2713,0.7136,24.9,15.730013774098651,27,11.4,9,56.7,56,-0.1111111111111111,841.4,555,-76.66666666666667,459.60599999999994,476.65
mediumworkmain1_20260916_004017,mediumworkmain1_20260916_004017.csv,2026-09-16 00:43:52,2026-09-16 00:44:01,10,Medium_Workload,15.51,6.1386661598609695,140.8,146,0.1111111111111111,,,,,,65.79,0.32812599206199117,66.5,0.23650000000000002,0.6193,25.2,15.654605286198265,23,11.5,4,56.7,57,0.0,806.9,900,-38.333333333333336,458.88800000000003,511.71
mediumworkmain1_20260916_004017,mediumworkmain1_20260916_004017.csv,2026-09-16 00:43:53,2026-09-16 00:44:02,10,Medium_Workload,16.300000000000004,7.074680990059631,141.1,148,0.3333333333333333,,,,,,65.87,0.4372896319628692,66.7,0.2333,0.5999000000000001,26.6,14.531192502873107,22,11.5,3,56.7,57,0.0,772.4,900,21.666666666666668,463.275,530.52
mediumworkmain1_20260916_004017,mediumworkmain1_20260916_004017.csv,2026-09-16 00:44:04,2026-09-16 00:44:13,10,Medium_Workload,25.840000000000003,7.823071292302303,145.0,142,-0.5555555555555556,,,,,,66.57,0.24517567397911247,66.9,0.34259999999999996,0.9969000000000001,18.8,5.00666222813829,30,5.0,21,57.5,57,0.0,1166.2,570,7.555555555555555,445.9049999999999,398.2
mediumworkmain1_20260916_004017,mediumworkmain1_20260916_004017.csv,2026-09-16 00:44:05,2026-09-16 00:44:14,10,Medium_Workload,24.919999999999998,8.663820045325142,144.8,145,-0.2222222222222222,,,,,,66.58,0.2440400695696436,66.6,0.40549999999999997,1.0485,19.6,6.0955357070199785,30,6.5,18,57.5,57,0.0,1167.0,510,-55.0,429.517,348.39
mediumworkmain1_20260916_004017,mediumworkmain1_20260916_004017.csv,2026-09-16 00:44:06,2026-09-16 00:44:15,10,Medium_Workload,23.88,9.672159359040082,144.2,141,-0.5555555555555556,,,,,,66.59,0.2469817807045715,66.7,0.9356,1.2154,20.6,6.931409989637349,30,8.0,19,57.5,57,0.0,1111.5,450,-61.666666666666664,412.304,344.95
mediumworkmain1_20260916_004017,mediumworkmain1_20260916_004017.csv,2026-09-16 00:44:07,2026-09-16 00:44:16,10,Medium_Workload,22.979999999999997,9.96045514354975,144.0,144,-0.3333333333333333,,,,,,66.62,0.25298221281347233,66.8,1.027,1.4556,22.4,9.057838839615355,39,9.7,21,57.4,56,-0.2222222222222222,1054.5,435,-126.66666666666667,395.628,335.01
mediumworkmain1_20260916_004017,mediumworkmain1_20260916_004017.csv,2026-09-16 00:44:08,2026-09-16 00:44:17,10,Medium_Workload,21.71,11.187537709433652,143.1,138,-1.1111111111111112,,,,,,66.64,0.25033311140691666,66.7,1.2618,1.7560000000000002,24.4,9.901739465591106,37,11.3,19,57.3,57,-0.1111111111111111,939.0,420,-128.33333333333334,379.852,325.95
mediumworkmain1_20260916_004017,mediumworkmain1_20260916_004017.csv,2026-09-16 00:44:09,2026-09-16 00:44:18,10,Medium_Workload,20.360000000000003,12.394192188279153,141.8,135,-1.2222222222222223,,,,,,66.69000000000001,0.16633299933166362,66.6,1.2278,1.7896999999999998,26.2,10.042133460796288,35,13.1,21,57.1,56,-0.2222222222222222,857.2,757,-90.88888888888889,368.46399999999994,325.95
mediumworkmain1_20260916_004017,mediumworkmain1_20260916_004017.csv,2026-09-16 00:44:10,2026-09-16 00:44:19,10,Medium_Workload,17.85,12.629352934951003,140.9,137,-0.3333333333333333,,,,,,66.72,0.10327955589886684,66.6,1.1852,1.6474,28.1,9.689054534771584,35,14.9,21,56.9,56,-0.2222222222222222,769.4,697,-97.55555555555556,360.86299999999994,325.95
mediumworkmain1_20260916_004017,mediumworkmain1_20260916_004017.csv,2026-09-16 00:44:11,2026-09-16 00:44:20,10,Medium_Workload,14.25,10.464251313665757,140.4,135,-1.0,,,,,,66.71000000000001,0.11005049346146396,66.6,1.1970000000000003,1.7138000000000002,30.1,8.949860334105779,36,16.6,20,56.7,56,-0.2222222222222222,677.9,660,-53.333333333333336,353.26899999999995,325.95
mediumworkmain1_20260916_004017,mediumworkmain1_20260916_004017.csv,2026-09-16 00:44:12,2026-09-16 00:44:21,10,Medium_Workload,10.78,7.484918169225366,138.6,126,-1.8888888888888888,,,,,,66.69000000000001,0.1100504934614644,66.6,1.113,1.5266,31.3,7.888810641239485,30,18.2,19,56.5,56,-0.1111111111111111,623.9,600,-60.0,344.65599999999995,318.01
mediumworkmain1_20260916_004017,mediumworkmain1_20260916_004017.csv,2026-09-16 00:44:13,2026-09-16 00:44:22,10,Medium_Workload,8.55,5.552026656996524,136.8,125,-1.8888888888888888,,,,,,66.64,0.15776212754932553,66.3,1.0844,1.2185000000000001,33.2,3.552776691859794,30,19.7,18,56.4,56,-0.1111111111111111,563.9,540,-3.3333333333333335,336.637,318.01
mediumworkmain1_20260916_004017,mediumworkmain1_20260916_004017.csv,2026-09-16 00:44:14,2026-09-16 00:44:23,10,Medium_Workload,7.37,4.725357129360701,135.8,132,-1.4444444444444444,,,,,,66.57000000000001,0.1828782229912687,66.2,1.0196,1.0622,33.2,3.552776691859794,30,19.4,18,56.3,56,-0.1111111111111111,554.9,480,-3.3333333333333335,328.61800000000005,318.01
mediumworkmain1_20260916_004017,mediumworkmain1_20260916_004017.csv,2026-09-16 00:44:15,2026-09-16 00:44:24,10,Medium_Workload,7.2299999999999995,4.523531069124355,135.4,141,0.0,,,,,,66.5,0.27888667551135626,65.9,0.952,0.9911999999999999,33.2,3.552776691859794,30,19.4,18,56.2,56,-0.1111111111111111,547.4,435,-1.6666666666666667,325.58000000000004,318.01
mediumworkmain1_20260916_004017,mediumworkmain1_20260916_004017.csv,2026-09-16 00:44:16,2026-09-16 00:44:25,10,Medium_Workload,7.2299999999999995,4.523531069124355,135.4,141,-0.3333333333333333,,,,,,66.41,0.3446415206816736,65.8,0.41100000000000003,0.8197000000000001,33.2,3.552776691859794,30,19.4,19,56.0,55,-0.1111111111111111,567.6,652,24.11111111111111,322.8860000000001,318.01
mediumworkmain1_20260916_004017,mediumworkmain1_20260916_004017.csv,2026-09-16 00:44:17,2026-09-16 00:44:26,10,Medium_Workload,6.8,3.719617662550219,135.3,143,0.5555555555555556,,,,,,66.35,0.3205897343611869,66.2,0.3384,0.6239,36.1,11.580155439371271,68,20.4,31,56.0,56,-0.1111111111111111,635.1,1110,76.66666666666667,326.749,373.64
mediumworkmain1_20260916_004017,mediumworkmain1_20260916_004017.csv,2026-09-16 00:44:18,2026-09-16 00:44:27,10,Medium_Workload,8.0,5.313713913597114,136.2,147,1.3333333333333333,,,,,,66.30999999999999,0.2960855732160297,66.3,0.1126,0.3574,34.3,12.763228431709589,19,18.8,3,55.9,56,0.0,704.1,1110,39.22222222222222,331.068,369.14
mediumworkmain1_20260916_004017,mediumworkmain1_20260916_004017.csv,2026-09-16 00:44:19,2026-09-16 00:44:28,10,Medium_Workload,9.559999999999999,6.4403588581865705,137.5,148,1.2222222222222223,,,,,,66.3,0.286744175568085,66.5,0.0751,0.2619,37.0,15.491933384829668,62,19.3,26,55.9,56,0.0,743.1,1147,50.0,340.137,416.64
mediumworkmain1_20260916_004017,mediumworkmain1_20260916_004017.csv,2026-09-16 00:44:20,2026-09-16 00:44:29,10,Medium_Workload,11.28,7.452784714454054,138.1,143,0.8888888888888888,,,,,,66.3,0.286744175568085,66.6,0.0704,0.23759999999999998,34.7,17.410405573168656,12,17.5,3,55.9,56,0.0,788.1,1147,54.111111111111114,353.525,459.83
mediumworkmain1_20260916_004017,mediumworkmain1_20260916_004017.csv,2026-09-16 00:44:21,2026-09-16 00:44:30,10,Medium_Workload,12.86,7.4833444691825095,139.2,146,2.2222222222222223,,,,,,66.3,0.286744175568085,66.6,0.0985,0.2164,37.5,19.73856912522058,64,19.2,37,56.0,57,0.1111111111111111,842.8,1207,67.44444444444444,367.24399999999997,463.14
mediumworkmain1_20260916_004017,mediumworkmain1_20260916_004017.csv,2026-09-16 00:44:22,2026-09-16 00:44:31,10,Medium_Workload,15.119999999999996,7.282673501766596,141.1,145,2.2222222222222223,,,,,,66.28999999999999,0.2766867462592931,66.5,0.1663,0.29860000000000003,36.0,20.90720237408896,15,17.6,3,56.1,57,0.1111111111111111,903.5,1207,74.11111111111111,380.964,455.21
mediumworkmain1_20260916_004017,mediumworkmain1_20260916_004017.csv,2026-09-16 00:44:23,2026-09-16 00:44:32,10,Medium_Workload,16.21,6.083940608958418,143.2,146,1.5555555555555556,,,,,,66.31,0.2846049894151523,66.5,0.294,0.273,35.9,20.941452777790857,29,16.3,5,56.2,57,0.1111111111111111,920.0,705,25.0,395.927,467.64
mediumworkmain1_20260916_004017,mediumworkmain1_20260916_004017.csv,2026-09-16 00:44:24,2026-09-16 00:44:33,10,Medium_Workload,18.61,6.035533668754294,144.6,146,0.5555555555555556,,,,,,66.36,0.3062315754094883,66.7,6.0847999999999995,0.38500000000000006,34.6,21.73680953794482,17,14.9,4,56.3,57,0.1111111111111111,1029.5,1575,126.66666666666667,432.39,682.64
mediumworkmain1_20260916_004017,mediumworkmain1_20260916_004017.csv,2026-09-16 00:44:25,2026-09-16 00:44:34,10,Medium_Workload,21.19,8.27854657130908,144.1,136,-0.5555555555555556,,,,,,66.46000000000001,0.3025814858109403,66.9,7.401999999999999,0.49189999999999995,32.9,22.776449825788625,13,13.3,2,56.5,58,0.3333333333333333,1143.5,1575,102.55555555555556,457.33500000000004,567.46
mediumworkmain1_20260916_004017,mediumworkmain1_20260916_004017.csv,2026-09-16 00:44:26,2026-09-16 00:44:35,10,Medium_Workload,22.82,7.675762719973393,144.5,145,0.2222222222222222,,,,,,66.60999999999999,0.31073389830457104,67.3,10.604400000000002,0.6180000000000001,30.8,24.008331887076206,9,11.6,2,56.8,58,0.2222222222222222,1235.8,1575,51.666666666666664,487.504,619.7
mediumworkmain1_20260916_004017,mediumworkmain1_20260916_004017.csv,2026-09-16 00:44:27,2026-09-16 00:44:36,10,Medium_Workload,25.169999999999998,7.522861453226719,144.5,143,-0.4444444444444444,,,,,,66.72,0.3425395354310702,67.3,10.8118,0.6388,25.5,20.473560185435915,15,8.7,2,57.0,58,0.2222222222222222,1282.3,1575,51.666666666666664,510.10999999999996,599.7
mediumworkmain1_20260916_004017,mediumworkmain1_20260916_004017.csv,2026-09-16 00:44:28,2026-09-16 00:44:37,10,Medium_Workload,26.9,7.876124258373108,143.7,139,-1.0,,,,,,66.80999999999999,0.33813212407775384,67.2,11.2395,1.1677,27.0,20.493901531919196,34,9.4,10,57.1,57,0.1111111111111111,1247.8,765,-42.44444444444444,528.803,556.07
mediumworkmain1_20260916_004017,mediumworkmain1_20260916_004017.csv,2026-09-16 00:44:29,2026-09-16 00:44:38,10,Medium_Workload,27.889999999999997,7.5851389791706065,143.3,144,0.1111111111111111,,,,,,66.88000000000002,0.3392802839999866,67.2,11.6319,1.779,24.1,16.68965081852956,33,7.9,11,57.2,57,0.1111111111111111,1206.6,735,-45.77777777777778,543.0649999999999,559.26
mediumworkmain1_20260916_004017,mediumworkmain1_20260916_004017.csv,2026-09-16 00:44:30,2026-09-16 00:44:39,10,Medium_Workload,26.53,9.576829677229656,143.1,141,-0.5555555555555556,,,,,,66.94000000000001,0.33730961708462753,67.2,11.6538,1.8568000000000002,24.0,16.772994167212165,11,8.3,7,57.3,57,0.0,1170.6,787,-46.666666666666664,541.927,448.45
mediumworkmain1_20260916_004017,mediumworkmain1_20260916_004017.csv,2026-09-16 00:44:31,2026-09-16 00:44:40,10,Medium_Workload,25.97,10.141668720898176,142.9,144,-0.1111111111111111,,,,,,66.99000000000001,0.3178049716414134,67.1,11.968099999999998,1.8462,21.6,11.207140580897521,40,5.6,10,57.3,57,0.0,1127.9,780,-47.44444444444444,537.052,414.39
mediumworkmain1_20260916_004017,mediumworkmain1_20260916_004017.csv,2026-09-16 00:44:32,2026-09-16 00:44:41,10,Medium_Workload,26.05,10.133689686716615,143.1,147,0.1111111111111111,,,,,,67.05,0.2677063067368158,67.1,11.982299999999999,2.1908000000000003,22.2,10.972693379476162,21,5.8,5,57.3,57,0.0,1108.4,1012,34.111111111111114,531.801,402.7
mediumworkmain1_20260916_004017,mediumworkmain1_20260916_004017.csv,2026-09-16 00:44:33,2026-09-16 00:44:42,10,Medium_Workload,26.5,9.652288157046838,143.3,148,0.2222222222222222,,,,,,67.11000000000001,0.18529256146249576,67.1,11.949200000000001,2.3201000000000005,21.3,10.719141756689293,20,5.7,4,57.3,57,0.0,1139.1,1012,-62.55555555555556,525.738,407.01
mediumworkmain1_20260916_004017,mediumworkmain1_20260916_004017.csv,2026-09-16 00:44:34,2026-09-16 00:44:43,10,Medium_Workload,26.25,9.60396330225762,143.3,146,1.1111111111111112,,,,,,67.1,0.2108185106778927,66.6,6.184900000000001,2.3529000000000004,21.6,10.627009613872255,20,5.7,4,57.4,58,0.0,1073.8,922,-72.55555555555556,501.8880000000001,444.14
mediumworkmain1_20260916_004017,mediumworkmain1_20260916_004017.csv,2026-09-16 00:44:35,2026-09-16 00:44:44,10,Medium_Workload,24.18,8.899163506257828,144.4,147,0.2222222222222222,,,,,,67.06,0.2796823595120411,66.5,4.8677,2.292,22.3,10.220350070107948,20,5.9,4,57.4,58,0.0,1008.5,922,-72.55555555555556,489.01800000000003,438.76
mediumworkmain1_20260916_004017,mediumworkmain1_20260916_004017.csv,2026-09-16 00:44:36,2026-09-16 00:44:45,10,Medium_Workload,23.25,8.99904315901295,144.6,147,0.4444444444444444,,,,,,66.97999999999999,0.31552425509864657,66.5,1.6942000000000004,2.1875999999999998,23.5,9.131751687868483,21,6.2,5,57.4,58,0.0,950.0,990,-65.0,470.787,437.39
mediumworkmain1_20260916_004017,mediumworkmain1_20260916_004017.csv,2026-09-16 00:44:37,2026-09-16 00:44:46,10,Medium_Workload,21.839999999999996,7.943998433478642,145.0,147,0.8888888888888888,,,,,,66.9,0.3265986323710907,66.5,1.4961,2.2273,24.1,8.698020208964541,21,6.3,3,57.4,58,0.1111111111111111,891.5,990,25.0,453.062,422.45
mediumworkmain1_20260916_004017,mediumworkmain1_20260916_004017.csv,2026-09-16 00:44:38,2026-09-16 00:44:47,10,Medium_Workload,20.349999999999998,6.171844672921271,145.8,147,0.3333333333333333,,,,,,66.84,0.3204163957519445,66.6,1.0590000000000002,1.6532,23.1,7.978443178688155,24,5.8,5,57.5,58,0.1111111111111111,920.7,1057,35.77777777777778,439.375,419.2
mediumworkmain1_20260916_004017,mediumworkmain1_20260916_004017.csv,2026-09-16 00:44:39,2026-09-16 00:44:48,10,Medium_Workload,19.79,5.370795513184657,146.2,148,0.7777777777777778,,,,,,66.77000000000001,0.309300285590987,66.5,0.6651,1.0415999999999999,21.7,7.242620765686656,19,5.1,4,57.6,58,0.1111111111111111,952.9,1057,30.0,424.56899999999996,411.2
mediumworkmain1_20260916_004017,mediumworkmain1_20260916_004017.csv,2026-09-16 00:44:40,2026-09-16 00:44:49,10,Medium_Workload,20.669999999999998,3.9603731586247726,146.8,147,0.3333333333333333,,,,,,66.69,0.2884826203122478,66.4,0.6557000000000001,0.9971,23.0,6.200358412579424,24,4.7,3,57.6,57,0.0,936.4,622,-17.555555555555557,424.63800000000003,449.14
mediumworkmain1_20260916_004017,mediumworkmain1_20260916_004017.csv,2026-09-16 00:44:41,2026-09-16 00:44:50,10,Medium_Workload,22.14,4.139833598373517,146.9,145,-0.2222222222222222,,,,,,66.64,0.2503331114069119,66.6,0.3199,1.0386,20.6,2.3190036174568114,16,4.0,3,57.8,59,0.2222222222222222,1015.9,1575,62.55555555555556,442.413,592.14
mediumworkmain1_20260916_004017,mediumworkmain1_20260916_004017.csv,2026-09-16 00:44:42,2026-09-16 00:44:51,10,Medium_Workload,21.58,4.011594307614978,147.0,148,0.0,,,,,,66.59,0.19119507199599736,66.6,0.2383,0.6117999999999999,20.4,2.3664319132398464,19,3.8,3,58.0,59,0.2222222222222222,1072.2,1575,62.55555555555556,461.24399999999997,591.01
mediumworkmain1_20260916_004017,mediumworkmain1_20260916_004017.csv,2026-09-16 00:44:43,2026-09-16 00:44:52,10,Medium_Workload,21.770000000000003,3.9197647321689546,147.0,148,0.2222222222222222,,,,,,66.55000000000001,0.0849836585598777,66.7,0.23159999999999997,0.7076,20.2,2.485513584307633,18,3.7,3,58.2,59,0.1111111111111111,1128.5,1575,72.55555555555556,479.64399999999995,591.01
mediumworkmain1_20260916_004017,mediumworkmain1_20260916_004017.csv,2026-09-16 00:44:44,2026-09-16 00:44:53,10,Medium_Workload,20.37,4.39495923378894,146.9,145,-0.2222222222222222,,,,,,66.56000000000002,0.09660917830792867,66.7,0.2426,0.659,19.0,4.594682917363407,8,3.5,2,58.3,59,0.1111111111111111,1193.8,1575,72.55555555555556,494.475,592.45
mediumworkmain1_20260916_004017,mediumworkmain1_20260916_004017.csv,2026-09-16 00:44:45,2026-09-16 00:44:54,10,Medium_Workload,19.28,6.137100292483413,146.0,138,-1.0,,,,,,66.58000000000001,0.10327955589886408,66.7,0.41269999999999996,0.6317999999999999,20.5,6.851601597031489,35,5.1,20,58.3,58,0.0,1178.8,772,-24.22222222222222,507.35599999999994,567.57
mediumworkmain1_20260916_004017,mediumworkmain1_20260916_004017.csv,2026-09-16 00:44:46,2026-09-16 00:44:55,10,Medium_Workload,19.340000000000003,6.1282950320623435,146.1,148,0.1111111111111111,,,,,,66.57000000000001,0.1159501808728393,66.4,0.5109,0.5917,20.4,6.850790708621402,20,4.9,3,58.3,58,0.0,1189.3,1095,11.666666666666666,502.05600000000004,384.39
mediumworkmain1_20260916_004017,mediumworkmain1_20260916_004017.csv,2026-09-16 00:44:47,2026-09-16 00:44:56,10,Medium_Workload,19.270000000000003,6.108655062013787,146.2,148,0.1111111111111111,,,,,,66.57000000000001,0.1159501808728393,66.5,0.49959999999999993,0.5315,20.4,6.850790708621402,21,5.0,4,58.3,58,0.0,1157.0,667,-43.333333333333336,499.037,392.26
mediumworkmain1_20260916_004017,mediumworkmain1_20260916_004017.csv,2026-09-16 00:44:48,2026-09-16 00:44:57,10,Medium_Workload,19.5,6.23146139449737,146.0,145,-0.3333333333333333,,,,,,66.58000000000001,0.122927259430571,66.7,0.5777,0.7216,20.1,6.740425308044985,21,4.9,4,58.3,58,0.0,1157.0,1057,0.0,496.07399999999996,389.57
mediumworkmain1_20260916_004017,mediumworkmain1_20260916_004017.csv,2026-09-16 00:44:49,2026-09-16 00:44:58,10,Medium_Workload,19.089999999999996,5.9811648809687,145.9,147,0.0,,,,,,66.59,0.11972189997378548,66.6,0.612,0.8027,20.1,6.740425308044985,19,4.9,4,58.3,58,0.1111111111111111,1117.3,660,4.222222222222222,498.74899999999997,437.95
mediumworkmain1_20260916_004017,mediumworkmain1_20260916_004017.csv,2026-09-16 00:44:50,2026-09-16 00:44:59,10,Medium_Workload,19.849999999999998,6.28812814401516,146.0,148,0.3333333333333333,,,,,,66.60000000000001,0.10540925533894598,66.5,0.5994999999999999,0.7725,19.7,6.600505031182588,20,5.0,4,58.4,58,-0.1111111111111111,1158.6,1035,-60.0,496.88599999999997,430.51
mediumworkmain1_20260916_004017,mediumworkmain1_20260916_004017.csv,2026-09-16 00:44:51,2026-09-16 00:45:00,10,Medium_Workload,19.28,5.562932879535958,146.3,148,0.0,,,,,,66.60000000000001,0.10540925533894598,66.6,0.7478999999999999,0.8247,19.3,6.9610024820822725,12,4.8,1,58.2,57,-0.2222222222222222,1061.8,607,-107.55555555555556,481.42300000000006,437.51
mediumworkmain1_20260916_004017,mediumworkmain1_20260916_004017.csv,2026-09-16 00:44:52,2026-09-16 00:45:01,10,Medium_Workload,21.05,8.044494321515112,145.6,141,-0.7777777777777778,,,,,,66.66,0.21705094128133,67.2,1.6263999999999998,2.7679,18.9,7.0938157730675675,15,6.3,18,58.1,58,-0.1111111111111111,1033.3,1290,-31.666666666666668,483.08600000000007,607.64
mediumworkmain1_20260916_004017,mediumworkmain1_20260916_004017.csv,2026-09-16 00:44:53,2026-09-16 00:45:02,10,Medium_Workload,21.93,8.494972369322666,145.5,147,0.2222222222222222,,,,,,66.70000000000002,0.25819888974716054,67.1,1.6698,3.3638999999999997,18.8,7.114929530376406,17,6.3,3,58.0,58,-0.1111111111111111,1004.8,1290,-31.666666666666668,483.0490000000001,590.64
mediumworkmain1_20260916_004017,mediumworkmain1_20260916_004017.csv,2026-09-16 00:44:54,2026-09-16 00:45:03,10,Medium_Workload,22.52,7.979668609103458,145.7,147,1.0,,,,,,66.73,0.27507574714370286,67.0,1.6494999999999997,3.3138999999999994,20.3,6.09280085200741,23,6.5,4,57.9,58,0.0,921.5,742,-3.3333333333333335,479.36800000000005,555.64
mediumworkmain1_20260916_004017,mediumworkmain1_20260916_004017.csv,2026-09-16 00:44:55,2026-09-16 00:45:04,10,Medium_Workload,23.799999999999997,5.945119380167605,146.6,147,-0.1111111111111111,,,,,,66.76,0.2875181153713039,67.0,1.4910999999999999,3.3561,19.2,3.6453928305312844,24,4.9,4,57.9,58,0.0,906.5,622,-52.55555555555556,478.17500000000007,555.64
mediumworkmain1_20260916_004017,mediumworkmain1_20260916_004017.csv,2026-09-16 00:44:56,2026-09-16 00:45:05,10,Medium_Workload,23.589999999999996,6.174040636226634,146.5,147,-0.1111111111111111,,,,,,66.82,0.26583202716502585,67.0,1.3842999999999999,3.4056000000000006,19.9,4.408325456829762,27,5.0,4,57.9,58,0.0,850.2,532,-15.0,492.6250000000001,528.89
mediumworkmain1_20260916_004017,mediumworkmain1_20260916_004017.csv,2026-09-16 00:44:57,2026-09-16 00:45:06,10,Medium_Workload,24.159999999999997,6.119949164639996,146.3,146,0.1111111111111111,,,,,,66.85,0.24152294576982497,66.8,1.3675000000000002,3.3609,20.2,4.589843860815601,24,5.0,4,57.9,58,0.0,867.5,840,-24.11111111111111,491.98099999999994,385.82
mediumworkmain1_20260916_004017,mediumworkmain1_20260916_004017.csv,2026-09-16 00:44:58,2026-09-16 00:45:07,10,Medium_Workload,23.29,6.804320522857354,146.4,146,-0.1111111111111111,,,,,,66.82,0.27808871486152265,66.4,1.2893999999999999,3.1734999999999998,20.3,4.620004810002306,22,5.0,4,57.9,58,0.0,845.8,840,20.0,491.713,386.89
mediumworkmain1_20260916_004017,mediumworkmain1_20260916_004017.csv,2026-09-16 00:44:59,2026-09-16 00:45:08,10,Medium_Workload,23.220000000000002,6.838583349073273,146.4,147,-0.1111111111111111,,,,,,66.81,0.28848262031225014,66.5,1.2738,3.1289,20.7,4.667856991049414,23,5.0,4,57.8,57,-0.1111111111111111,870.5,907,-14.222222222222221,486.869,389.51
mediumworkmain1_20260916_004017,mediumworkmain1_20260916_004017.csv,2026-09-16 00:45:00,2026-09-16 00:45:09,10,Medium_Workload,22.57,6.906365823563713,146.3,147,-0.1111111111111111,,,,,,66.80999999999999,0.28848262031225014,66.5,1.2784999999999997,3.148,21.0,4.714045207910317,23,5.0,4,57.7,57,0.0,857.7,907,33.333333333333336,483.663,398.45
mediumworkmain1_20260916_004017,mediumworkmain1_20260916_004017.csv,2026-09-16 00:45:01,2026-09-16 00:45:10,10,Medium_Workload,22.24,6.935768803015921,145.9,144,0.3333333333333333,,,,,,66.78999999999999,0.3107338983045693,66.4,1.1156000000000001,3.0482,21.9,3.5103022978402048,21,5.3,4,57.7,57,-0.1111111111111111,897.5,1005,-31.666666666666668,479.75699999999995,398.45
mediumworkmain1_20260916_004017,mediumworkmain1_20260916_004017.csv,2026-09-16 00:45:02,2026-09-16 00:45:11,10,Medium_Workload,21.11,4.722628740672108,146.6,148,0.1111111111111111,,,,,,66.69999999999999,0.30912061651652173,66.3,0.2383,1.1124999999999998,22.3,2.79085809185793,19,3.9,4,57.6,57,-0.1111111111111111,869.0,1005,-31.666666666666668,459.113,401.2
mediumworkmain1_20260916_004017,mediumworkmain1_20260916_004017.csv,2026-09-16 00:45:03,2026-09-16 00:45:12,10,Medium_Workload,20.45,3.749740731778073,146.6,147,0.0,,,,,,66.61999999999999,0.29739610697593905,66.3,0.11640000000000002,0.34930000000000005,22.6,2.2705848487901865,20,3.9,3,57.5,57,-0.1111111111111111,847.2,1072,36.666666666666664,449.988,499.39
mediumworkmain1_20260916_004017,mediumworkmain1_20260916_004017.csv,2026-09-16 00:45:04,2026-09-16 00:45:13,10,Medium_Workload,19.749999999999996,4.656476970605329,146.3,144,-0.3333333333333333,,,,,,66.54999999999998,0.27988092706244433,66.3,0.1273,0.42800000000000005,21.5,4.034572812303401,12,3.6,1,57.4,57,-0.1111111111111111,880.2,1072,50.0,444.79499999999996,503.71
mediumworkmain1_20260916_004017,mediumworkmain1_20260916_004017.csv,2026-09-16 00:45:05,2026-09-16 00:45:14,10,Medium_Workload,18.839999999999996,5.501555335640196,146.0,144,-0.3333333333333333,,,,,,66.5,0.23094010767585016,66.5,0.11560000000000001,0.3669,23.1,7.1250730990402245,40,4.9,17,57.3,57,-0.1111111111111111,975.5,1575,115.88888888888889,441.427,521.96
mediumworkmain1_20260916_004017,mediumworkmain1_20260916_004017.csv,2026-09-16 00:45:06,2026-09-16 00:45:15,10,Medium_Workload,19.479999999999997,5.596387723840761,146.0,147,0.1111111111111111,,,,,,66.46000000000001,0.15776212754932234,66.6,0.0969,0.3466,22.3,7.08754776585903,19,4.9,4,57.3,58,0.0,1079.8,1575,81.66666666666667,438.709,501.71
mediumworkmain1_20260916_004017,mediumworkmain1_20260916_004017.csv,2026-09-16 00:45:07,2026-09-16 00:45:16,10,Medium_Workload,19.18,5.266835440333745,145.7,143,-0.3333333333333333,,,,,,66.45000000000002,0.1354006400772665,66.7,0.1821,0.4274,20.9,8.033955715862794,10,4.8,3,57.3,58,0.0,1153.3,1575,81.66666666666667,449.466,493.39
mediumworkmain1_20260916_004017,mediumworkmain1_20260916_004017.csv,2026-09-16 00:45:08,2026-09-16 00:45:17,10,Medium_Workload,19.98,5.13350649058603,146.0,149,0.2222222222222222,,,,,,66.48,0.15491933384829787,66.7,0.20629999999999998,0.42469999999999997,20.7,8.028421735033328,20,4.9,5,57.3,58,0.1111111111111111,1226.8,1575,74.22222222222223,456.0040000000001,452.27
mediumworkmain1_20260916_004017,mediumworkmain1_20260916_004017.csv,2026-09-16 00:45:09,2026-09-16 00:45:18,10,Medium_Workload,19.880000000000003,5.1449651764289595,145.8,145,-0.2222222222222222,,,,,,66.53,0.22632326929024027,67.0,0.2501,1.0201,19.5,8.527732536977355,11,4.8,3,57.4,58,0.1111111111111111,1218.6,825,-9.11111111111111,466.104,490.51
mediumworkmain1_20260916_004017,mediumworkmain1_20260916_004017.csv,2026-09-16 00:45:10,2026-09-16 00:45:19,10,Medium_Workload,18.839999999999996,6.2706016014768835,145.1,140,-0.4444444444444444,,,,,,66.57,0.25407785333546173,66.9,1.0541999999999998,1.0689,20.8,9.986657765906136,36,6.6,22,57.4,57,0.0,1193.9,660,-38.333333333333336,471.44800000000004,451.89
mediumworkmain1_20260916_004017,mediumworkmain1_20260916_004017.csv,2026-09-16 00:45:11,2026-09-16 00:45:20,10,Medium_Workload,17.200000000000003,7.826876771739798,144.2,135,-1.4444444444444444,,,,,,66.60999999999999,0.25582111805800045,66.8,1.0464,1.0581,22.4,11.226951698677805,37,8.4,22,57.4,57,0.0,1156.4,630,-41.666666666666664,476.779,451.76
mediumworkmain1_20260916_004017,mediumworkmain1_20260916_004017.csv,2026-09-16 00:45:12,2026-09-16 00:45:21,10,Medium_Workload,15.38,7.5881193688262165,143.5,141,-0.6666666666666666,,,,,,66.61999999999999,0.2440400695696427,66.4,1.0448,1.0506,24.2,12.035133752661183,37,10.2,22,57.4,57,0.0,1116.6,607,-51.666666666666664,481.754,450.95
mediumworkmain1_20260916_004017,mediumworkmain1_20260916_004017.csv,2026-09-16 00:45:13,2026-09-16 00:45:22,10,Medium_Workload,14.079999999999998,7.2233879401104675,142.4,136,-0.8888888888888888,,,,,,66.61999999999999,0.24404006956964272,66.3,1.0463999999999998,1.0768000000000002,25.9,12.56494241044414,37,12.0,21,57.3,56,-0.1111111111111111,1068.6,592,-53.333333333333336,467.691,358.76
mediumworkmain1_20260916_004017,mediumworkmain1_20260916_004017.csv,2026-09-16 00:45:14,2026-09-16 00:45:23,10,Medium_Workload,13.76,7.409033525216213,141.3,133,-1.2222222222222223,,,,,,66.63,0.23118054512532935,66.4,1.0183,0.9561,28.7,12.238827104297572,40,14.3,24,57.2,56,-0.1111111111111111,1019.1,577,-110.88888888888889,451.37699999999995,340.57
mediumworkmain1_20260916_004017,mediumworkmain1_20260916_004017.csv,2026-09-16 00:45:15,2026-09-16 00:45:24,10,Medium_Workload,13.329999999999998,7.73678802145237,140.1,132,-1.6666666666666667,,,,,,66.59,0.2846049894151554,66.1,1.023,0.9667999999999999,28.6,12.139924949429375,39,14.8,22,57.1,56,-0.2222222222222222,918.6,570,-111.66666666666667,433.207,340.26
mediumworkmain1_20260916_004017,mediumworkmain1_20260916_004017.csv,2026-09-16 00:45:16,2026-09-16 00:45:25,10,Medium_Workload,12.48,6.973409814749485,139.7,143,0.0,,,,,,66.52000000000001,0.35839146815241646,65.9,1.0213999999999999,0.9517000000000001,30.6,12.029593139882625,39,16.6,22,56.9,56,-0.2222222222222222,816.6,555,-113.33333333333333,417.062,340.26
mediumworkmain1_20260916_004017,mediumworkmain1_20260916_004017.csv,2026-09-16 00:45:17,2026-09-16 00:45:26,10,Medium_Workload,10.65,6.2066720372336235,138.8,134,-1.6666666666666667,,,,,,66.42999999999998,0.4164666186436137,65.8,1.0017999999999998,1.0042000000000002,33.2,9.65861733836106,36,18.4,21,56.7,56,-0.2222222222222222,711.6,525,-116.66666666666667,401.6619999999999,339.39
mediumworkmain1_20260916_004017,mediumworkmain1_20260916_004017.csv,2026-09-16 00:45:18,2026-09-16 00:45:27,10,Medium_Workload,9.370000000000001,4.510740269376832,137.9,140,-0.5555555555555556,,,,,,66.32,0.47795862210493295,65.6,0.9884999999999999,1.0341,34.8,8.482662055955995,36,19.9,20,56.4,55,-0.3333333333333333,605.1,510,-35.0,390.37399999999997,339.39
mediumworkmain1_20260916_004017,mediumworkmain1_20260916_004017.csv,2026-09-16 00:45:19,2026-09-16 00:45:28,10,Medium_Workload,7.970000000000001,3.209032391374211,136.7,133,-0.7777777777777778,,,,,,66.17999999999999,0.46139883927995673,65.6,0.9259999999999999,0.39269999999999994,37.4,1.4298407059684815,37,21.8,22,56.1,55,-0.2222222222222222,571.3,487,-19.22222222222222,375.24899999999997,339.26
mediumworkmain1_20260916_004017,mediumworkmain1_20260916_004017.csv,2026-09-16 00:45:20,2026-09-16 00:45:29,10,Medium_Workload,7.7700000000000005,3.227675462138176,136.5,138,0.3333333333333333,,,,,,66.05,0.41699986677322903,65.6,0.11880000000000002,0.3252,37.5,1.35400640077266,37,21.8,22,55.9,55,-0.2222222222222222,552.5,472,-17.555555555555557,364.06100000000004,340.01
mediumworkmain1_20260916_004017,mediumworkmain1_20260916_004017.csv,2026-09-16 00:45:21,2026-09-16 00:45:30,10,Medium_Workload,7.649999999999999,3.4088935969835656,136.4,134,-0.7777777777777778,,,,,,65.92999999999999,0.3433495141818193,65.6,0.1157,0.3077,37.4,1.4298407059684815,36,21.8,22,55.7,55,-0.2222222222222222,535.2,457,-16.666666666666668,352.8860000000001,340.01
mediumworkmain1_20260916_004017,mediumworkmain1_20260916_004017.csv,2026-09-16 00:45:22,2026-09-16 00:45:31,10,Medium_Workload,7.55,3.408893596983566,136.2,139,0.3333333333333333,,,,,,65.84,0.3238655413730987,65.5,0.1423,0.3909999999999999,37.3,1.4944341180973264,36,21.6,20,55.5,55,-0.1111111111111111,518.7,442,-16.666666666666668,341.29200000000003,335.01
mediumworkmain1_20260916_004017,mediumworkmain1_20260916_004017.csv,2026-09-16 00:45:23,2026-09-16 00:45:32,10,Medium_Workload,6.99,3.4034133193343155,136.1,135,0.2222222222222222,,,,,,65.77,0.2869378562221007,65.6,0.12040000000000002,0.31309999999999993,37.3,1.4944341180973264,37,21.6,21,55.4,55,-0.1111111111111111,502.2,427,-16.666666666666668,339.342,339.26
mediumworkmain1_20260916_004017,mediumworkmain1_20260916_004017.csv,2026-09-16 00:45:24,2026-09-16 00:45:33,10,Medium_Workload,6.4,3.6172426576668095,136.1,133,0.1111111111111111,,,,,,65.69,0.18529256146249823,65.6,0.12660000000000002,0.33419999999999994,34.3,8.615876817441933,10,19.6,4,55.4,56,0.0,602.0,1575,111.66666666666667,339.21100000000007,339.26
mediumworkmain1_20260916_004017,mediumworkmain1_20260916_004017.csv,2026-09-16 00:45:25,2026-09-16 00:45:34,10,Medium_Workload,6.63,3.6757614479481964,136.8,139,-0.4444444444444444,,,,,,65.64,0.1173787790777292,65.6,0.1375,0.3593,31.2,11.745448290957462,8,17.6,2,55.4,56,0.0,702.5,1575,113.33333333333333,339.11100000000005,339.26
mediumworkmain1_20260916_004017,mediumworkmain1_20260916_004017.csv,2026-09-16 00:45:26,2026-09-16 00:45:35,10,Medium_Workload,6.1,2.6331223544175333,135.7,132,-0.2222222222222222,,,,,,65.60999999999999,0.07378647873726205,65.6,0.15,0.3764,28.4,12.954621654923859,11,15.7,3,55.3,55,-0.1111111111111111,698.0,510,-1.6666666666666667,339.08600000000007,340.01
mediumworkmain1_20260916_004017,mediumworkmain1_20260916_004017.csv,2026-09-16 00:45:27,2026-09-16 00:45:36,10,Medium_Workload,6.279999999999999,2.6033311993162402,135.7,134,-0.6666666666666666,,,,,,65.59,0.03162277660168199,65.6,1.7094,3.7477999999999994,28.4,12.95462165492386,36,15.7,21,55.2,55,0.0,689.0,435,-8.333333333333334,339.148,340.01
mediumworkmain1_20260916_004017,mediumworkmain1_20260916_004017.csv,2026-09-16 00:45:28,2026-09-16 00:45:37,10,Medium_Workload,5.909999999999999,2.2555856593502863,134.9,132,-0.1111111111111111,,,,,,65.59,0.03162277660168199,65.6,1.6985,3.7232999999999996,28.4,12.954621654923859,36,15.8,21,55.2,55,0.0,679.2,412,-8.333333333333334,339.13500000000005,339.26
mediumworkmain1_20260916_004017,mediumworkmain1_20260916_004017.csv,2026-09-16 00:45:29,2026-09-16 00:45:38,10,Medium_Workload,6.01,2.227829037925088,134.9,133,-0.5555555555555556,,,,,,65.59,0.03162277660168199,65.6,1.7141000000000002,3.7718000000000003,28.3,12.884529914246428,36,15.7,21,55.2,55,0.0,670.2,397,-8.333333333333334,339.13500000000005,339.26
mediumworkmain1_20260916_004017,mediumworkmain1_20260916_004017.csv,2026-09-16 00:45:30,2026-09-16 00:45:39,10,Medium_Workload,6.109999999999999,2.2791080126517334,134.3,132,-0.2222222222222222,,,,,,65.59,0.03162277660168199,65.6,1.7125000000000004,3.7694,28.2,12.813187650923473,36,15.7,22,55.2,55,0.0,695.0,720,29.22222222222222,339.06000000000006,339.26
mediumworkmain1_20260916_004017,mediumworkmain1_20260916_004017.csv,2026-09-16 00:45:31,2026-09-16 00:45:40,10,Medium_Workload,6.409999999999999,1.9376102119191398,134.1,132,-0.7777777777777778,,,,,,65.59,0.03162277660168199,65.6,1.7125,3.7695999999999996,28.2,12.813187650923473,36,15.7,22,55.2,55,0.0,721.3,720,30.88888888888889,339.06000000000006,340.01
mediumworkmain1_20260916_004017,mediumworkmain1_20260916_004017.csv,2026-09-16 00:45:32,2026-09-16 00:45:41,10,Medium_Workload,6.15,2.007901059979467,133.5,133,-0.2222222222222222,,,,,,65.61,0.03162277660168649,65.7,1.7062000000000002,3.735499999999999,28.2,12.813187650923473,36,15.8,21,55.2,55,0.0,742.3,652,25.0,339.56000000000006,340.01
mediumworkmain1_20260916_004017,mediumworkmain1_20260916_004017.csv,2026-09-16 00:45:33,2026-09-16 00:45:42,10,Medium_Workload,6.67,2.197498577929005,134.4,144,1.2222222222222223,,,,,,65.61,0.03162277660168649,65.6,1.7097000000000002,3.757099999999999,28.1,12.740573857649514,36,15.8,21,55.2,55,-0.1111111111111111,762.6,630,-105.0,339.148,335.14
mediumworkmain1_20260916_004017,mediumworkmain1_20260916_004017.csv,2026-09-16 00:45:34,2026-09-16 00:45:43,10,Medium_Workload,7.000000000000002,1.7126976771553506,134.9,138,-0.1111111111111111,,,,,,65.61,0.031622776601686484,65.6,1.705,3.7328999999999994,30.8,11.252654007931739,37,17.6,22,55.1,55,-0.1111111111111111,665.1,600,-108.33333333333333,338.736,335.14
mediumworkmain1_20260916_004017,mediumworkmain1_20260916_004017.csv,2026-09-16 00:45:35,2026-09-16 00:45:44,10,Medium_Workload,6.469999999999999,1.9939073866824073,134.8,138,0.6666666666666666,,,,,,65.61,0.031622776601686484,65.6,1.6925000000000001,3.7092,33.7,7.986794656737387,37,19.6,22,55.0,55,0.0,566.1,585,8.333333333333334,338.32399999999996,335.14
mediumworkmain1_20260916_004017,mediumworkmain1_20260916_004017.csv,2026-09-16 00:45:36,2026-09-16 00:45:45,10,Medium_Workload,6.0600000000000005,1.7544863129196024,135.2,136,0.2222222222222222,,,,,,65.61,0.031622776601686484,65.6,1.6925000000000001,3.7068999999999996,36.4,0.6992058987801011,38,21.4,21,55.0,55,0.0,572.1,570,15.0,337.912,335.89
mediumworkmain1_20260916_004017,mediumworkmain1_20260916_004017.csv,2026-09-16 00:45:37,2026-09-16 00:45:46,10,Medium_Workload,6.32,2.0307634032550417,135.5,137,0.5555555555555556,,,,,,65.63,0.06749485577105706,65.8,0.0675,0.20259999999999997,36.6,0.8432740427115678,38,21.4,21,55.0,55,0.0,584.8,562,16.666666666666668,338.34299999999996,344.32
mediumworkmain1_20260916_004017,mediumworkmain1_20260916_004017.csv,2026-09-16 00:45:38,2026-09-16 00:45:47,10,Medium_Workload,6.480000000000001,2.091145353362336,135.8,135,0.2222222222222222,,,,,,65.64999999999999,0.08498365855988142,65.8,0.0695,0.23570000000000002,36.8,0.9189365834726815,38,21.4,21,55.0,55,0.0,602.1,585,20.88888888888889,337.931,335.14
mediumworkmain1_20260916_004017,mediumworkmain1_20260916_004017.csv,2026-09-16 00:45:39,2026-09-16 00:45:48,10,Medium_Workload,6.87,2.321900562518176,136.3,138,0.6666666666666666,,,,,,65.68999999999998,0.13703203194063177,66.0,0.07139999999999999,0.187,37.0,0.9428090415820634,38,21.5,22,55.0,55,0.0,620.1,577,-15.88888888888889,337.51899999999995,335.14
mediumworkmain1_20260916_004017,mediumworkmain1_20260916_004017.csv,2026-09-16 00:45:40,2026-09-16 00:45:49,10,Medium_Workload,7.459999999999999,3.135176762693506,137.3,142,1.1111111111111112,,,,,,65.74,0.18378731669453716,66.1,0.10659999999999999,0.3117,37.1,0.8755950357709131,37,21.4,21,55.0,55,0.0,604.3,562,-17.555555555555557,339.044,354.51
mediumworkmain1_20260916_004017,mediumworkmain1_20260916_004017.csv,2026-09-16 00:45:41,2026-09-16 00:45:50,10,Medium_Workload,8.940000000000001,5.0612251481237225,138.9,148,1.6666666666666667,,,,,,65.84,0.3204163957519442,66.6,0.17929999999999996,0.5974,35.3,6.129165250396392,18,19.5,3,55.1,56,0.1111111111111111,664.3,1320,74.22222222222223,342.40700000000004,373.64
mediumworkmain1_20260916_004017,mediumworkmain1_20260916_004017.csv,2026-09-16 00:45:42,2026-09-16 00:45:51,10,Medium_Workload,10.63,6.12391486986334,140.3,147,0.3333333333333333,,,,,,65.94999999999999,0.435252161906687,66.8,0.19729999999999998,0.5482,33.9,7.415449338299662,22,17.7,3,55.2,56,0.1111111111111111,731.1,1320,76.66666666666667,345.96999999999997,375.64
mediumworkmain1_20260916_004017,mediumworkmain1_20260916_004017.csv,2026-09-16 00:45:43,2026-09-16 00:45:52,10,Medium_Workload,12.419999999999998,8.114431588226005,140.5,146,0.8888888888888888,,,,,,66.06999999999998,0.4900113377373136,66.8,0.3399,0.8672999999999998,32.8,7.871185143010902,25,16.0,4,55.3,56,0.1111111111111111,740.1,720,13.333333333333334,350.02,375.64
mediumworkmain1_20260916_004017,mediumworkmain1_20260916_004017.csv,2026-09-16 00:45:44,2026-09-16 00:45:53,10,Medium_Workload,13.169999999999998,7.78475004950919,141.0,143,0.5555555555555556,,,,,,66.17999999999999,0.49620784175809163,66.7,0.4907,1.2033999999999998,30.0,10.687479694587598,9,14.1,3,55.4,56,0.1111111111111111,788.8,1087,55.77777777777778,352.40099999999995,358.95
mediumworkmain1_20260916_004017,mediumworkmain1_20260916_004017.csv,2026-09-16 00:45:45,2026-09-16 00:45:54,10,Medium_Workload,14.24,6.953048891593449,141.8,146,1.1111111111111112,,,,,,66.31,0.49766119666563163,66.9,0.8326,1.3861,27.2,12.209286083414815,9,12.2,3,55.5,56,0.1111111111111111,839.0,1087,57.44444444444444,352.251,333.64
mediumworkmain1_20260916_004017,mediumworkmain1_20260916_004017.csv,2026-09-16 00:45:46,2026-09-16 00:45:55,10,Medium_Workload,14.779999999999998,6.357113251224088,142.7,145,0.8888888888888888,,,,,,66.43999999999998,0.4599516882842778,66.9,0.8638999999999999,1.3818,26.8,11.877148928369412,34,12.0,19,55.6,56,0.1111111111111111,824.0,420,-15.777777777777779,352.52599999999995,338.64
mediumworkmain1_20260916_004017,mediumworkmain1_20260916_004017.csv,2026-09-16 00:45:47,2026-09-16 00:45:56,10,Medium_Workload,14.23,7.080654395369588,142.6,136,0.1111111111111111,,,,,,66.53,0.40565447804203675,66.7,0.9608000000000001,1.5551,26.5,11.597413504743201,35,11.9,20,55.6,55,0.0,808.3,405,-20.0,351.95799999999997,338.64
mediumworkmain1_20260916_004017,mediumworkmain1_20260916_004017.csv,2026-09-16 00:45:48,2026-09-16 00:45:57,10,Medium_Workload,14.39,6.938371566873599,143.4,143,0.5555555555555556,,,,,,66.63,0.31989581637360387,66.8,1.017,1.624,26.2,11.301917241483117,35,11.8,20,55.6,55,0.0,788.8,390,-20.77777777777778,352.40099999999995,339.57
mediumworkmain1_20260916_004017,mediumworkmain1_20260916_004017.csv,2026-09-16 00:45:49,2026-09-16 00:45:58,10,Medium_Workload,15.180000000000001,6.806173668075184,144.1,145,0.3333333333333333,,,,,,66.74,0.2633122354417548,67.1,1.1014000000000002,1.9298000000000002,29.7,18.49354241650612,73,12.8,32,55.7,56,0.1111111111111111,812.1,810,27.555555555555557,356.376,374.89
mediumworkmain1_20260916_004017,mediumworkmain1_20260916_004017.csv,2026-09-16 00:45:50,2026-09-16 00:45:59,10,Medium_Workload,16.46,7.611132197862111,144.7,148,0.0,,,,,,66.84,0.164654520469712,67.1,1.0661999999999998,1.8039999999999998,27.9,18.579857671982072,19,11.0,3,55.8,56,0.0,885.6,1297,-2.5555555555555554,358.56999999999994,376.45
mediumworkmain1_20260916_004017,mediumworkmain1_20260916_004017.csv,2026-09-16 00:45:51,2026-09-16 00:46:00,10,Medium_Workload,17.009999999999998,8.109863678810445,144.7,148,0.1111111111111111,,,,,,66.89000000000001,0.159513148186736,67.1,1.0154,1.5777000000000003,28.0,18.52325865259974,19,11.0,3,55.8,56,0.0,832.3,787,-59.22222222222222,359.61999999999995,384.14
mediumworkmain1_20260916_004017,mediumworkmain1_20260916_004017.csv,2026-09-16 00:45:52,2026-09-16 00:46:01,10,Medium_Workload,17.32,8.351952532857878,144.8,148,0.2222222222222222,,,,,,66.92,0.16865480854231035,67.1,0.9926999999999999,1.6259000000000001,27.7,18.655055912837977,19,11.0,3,55.9,57,0.1111111111111111,824.0,1237,57.44444444444444,360.213,381.57
mediumworkmain1_20260916_004017,mediumworkmain1_20260916_004017.csv,2026-09-16 00:45:53,2026-09-16 00:46:02,10,Medium_Workload,16.78,7.767567901931151,144.8,146,0.3333333333333333,,,,,,66.97999999999999,0.2201009869229212,67.4,0.8466000000000001,1.2908,26.7,19.07907521634922,15,10.7,1,55.9,56,0.0,909.5,1575,54.22222222222222,365.38800000000003,427.39
mediumworkmain1_20260916_004017,mediumworkmain1_20260916_004017.csv,2026-09-16 00:45:54,2026-09-16 00:46:03,10,Medium_Workload,17.659999999999997,7.840238091622814,145.3,148,0.2222222222222222,,,,,,67.06,0.250333111406914,67.5,0.6927000000000001,0.9468,27.7,18.2942006597112,19,10.7,3,56.0,57,0.1111111111111111,958.3,1575,54.22222222222222,368.81899999999996,393.26
mediumworkmain1_20260916_004017,mediumworkmain1_20260916_004017.csv,2026-09-16 00:45:55,2026-09-16 00:46:04,10,Medium_Workload,19.0,8.260078019540064,145.5,148,0.3333333333333333,,,,,,67.12,0.27808871486152303,67.5,0.43479999999999996,0.8705,28.7,17.410405573168656,19,10.7,3,56.1,57,0.1111111111111111,1007.1,1575,128.33333333333334,374.744,392.89
mediumworkmain1_20260916_004017,mediumworkmain1_20260916_004017.csv,2026-09-16 00:45:56,2026-09-16 00:46:05,10,Medium_Workload,20.770000000000003,8.15584997954774,145.6,146,1.1111111111111112,,,,,,67.16999999999999,0.2790858091857946,67.4,0.5484,1.1562999999999999,26.9,17.729134841334538,16,9.1,3,56.2,57,0.2222222222222222,1122.6,1575,130.0,379.92499999999995,390.45
mediumworkmain1_20260916_004017,mediumworkmain1_20260916_004017.csv,2026-09-16 00:45:57,2026-09-16 00:46:06,10,Medium_Workload,22.170000000000005,5.772549985347319,146.8,148,0.5555555555555556,,,,,,67.24999999999999,0.2415229457698269,67.5,0.4795999999999999,1.0127,25.4,17.60176758800724,20,7.4,3,56.4,57,0.2222222222222222,1217.8,1357,107.44444444444444,386.562,405.01
mediumworkmain1_20260916_004017,mediumworkmain1_20260916_004017.csv,2026-09-16 00:45:58,2026-09-16 00:46:07,10,Medium_Workload,23.44,3.700510475296318,147.3,148,0.3333333333333333,,,,,,67.31,0.18529256146250106,67.4,0.505,1.1716,23.7,17.391249396048448,18,5.8,4,56.6,57,0.1111111111111111,1314.5,1357,60.77777777777778,394.062,414.57
mediumworkmain1_20260916_004017,mediumworkmain1_20260916_004017.csv,2026-09-16 00:45:59,2026-09-16 00:46:08,10,Medium_Workload,24.279999999999998,3.167824349788213,147.6,148,0.0,,,,,,67.33999999999999,0.17126976771553862,67.4,0.441,1.0115,18.7,2.1628170930011112,23,3.0,4,56.7,57,0.1111111111111111,1307.7,742,-61.666666666666664,398.268,416.95
mediumworkmain1_20260916_004017,mediumworkmain1_20260916_004017.csv,2026-09-16 00:46:00,2026-09-16 00:46:09,10,Medium_Workload,25.109999999999996,4.544214881460701,147.5,147,-0.1111111111111111,,,,,,67.38000000000001,0.15491933384829928,67.5,1.375,3.2460999999999998,18.7,2.1628170930011117,19,3.1,4,56.8,57,0.1111111111111111,1284.5,1065,30.88888888888889,402.32399999999996,417.01
mediumworkmain1_20260916_004017,mediumworkmain1_20260916_004017.csv,2026-09-16 00:46:01,2026-09-16 00:46:10,10,Medium_Workload,25.060000000000002,4.537302184240224,147.5,148,0.0,,,,,,67.41,0.11972189997378783,67.4,1.3719,3.1863,18.7,2.1628170930011112,19,3.1,3,56.9,57,0.0,1312.3,1065,-19.11111111111111,405.61100000000005,417.01
mediumworkmain1_20260916_004017,mediumworkmain1_20260916_004017.csv,2026-09-16 00:46:02,2026-09-16 00:46:11,10,Medium_Workload,25.16,4.534607664028573,147.5,148,0.2222222222222222,,,,,,67.45,0.05270462766947,67.5,1.4668,3.457,19.0,2.4037008503093262,22,3.2,4,56.9,57,0.1111111111111111,1293.6,1050,-58.333333333333336,409.62399999999997,421.7
mediumworkmain1_20260916_004017,mediumworkmain1_20260916_004017.csv,2026-09-16 00:46:03,2026-09-16 00:46:12,10,Medium_Workload,25.08,4.599226988189308,147.7,148,0.0,,,,,,67.46000000000001,0.05163977794942929,67.5,1.5074,3.5471000000000004,19.3,2.0027758514399734,18,3.3,2,57.0,57,0.0,1241.1,1050,-58.333333333333336,407.311,404.26
mediumworkmain1_20260916_004017,mediumworkmain1_20260916_004017.csv,2026-09-16 00:46:04,2026-09-16 00:46:13,10,Medium_Workload,25.47,4.491980508516137,147.7,148,0.0,,,,,,67.48,0.09189365834726669,67.7,1.5652,3.6907000000000005,19.2,2.043961295567452,18,3.3,3,57.1,58,0.1111111111111111,1241.1,1575,0.0,413.39900000000006,454.14
mediumworkmain1_20260916_004017,mediumworkmain1_20260916_004017.csv,2026-09-16 00:46:05,2026-09-16 00:46:14,10,Medium_Workload,25.12,4.469849612185578,147.7,148,0.2222222222222222,,,,,,67.49000000000001,0.09944289260117299,67.6,1.4703000000000002,3.5549999999999997,19.1,2.078995483935023,18,3.3,3,57.2,58,0.1111111111111111,1241.1,1575,0.0,419.474,453.64
mediumworkmain1_20260916_004017,mediumworkmain1_20260916_004017.csv,2026-09-16 00:46:06,2026-09-16 00:46:15,10,Medium_Workload,24.440000000000005,4.44951932485097,147.9,148,0.0,,,,,,67.51000000000002,0.09944289260117269,67.6,1.3129000000000002,3.2489,19.3,1.8287822299126937,18,3.3,3,57.3,58,0.1111111111111111,1241.1,1575,24.22222222222222,425.774,453.45
mediumworkmain1_20260916_004017,mediumworkmain1_20260916_004017.csv,2026-09-16 00:46:07,2026-09-16 00:46:16,10,Medium_Workload,25.130000000000003,3.791818678271536,147.7,146,-0.2222222222222222,,,,,,67.51,0.09944289260117269,67.5,1.3129000000000002,3.3422000000000005,19.2,1.8135294011647258,19,3.3,3,57.4,58,0.1111111111111111,1262.9,1575,24.22222222222222,430.4429999999999,451.7
mediumworkmain1_20260916_004017,mediumworkmain1_20260916_004017.csv,2026-09-16 00:46:08,2026-09-16 00:46:17,10,Medium_Workload,23.939999999999998,6.023878411049737,147.1,142,-0.6666666666666666,,,,,,67.52000000000001,0.09189365834726601,67.5,1.2292999999999998,3.0777,18.8,2.440400695696417,14,3.4,5,57.4,57,0.0,1201.4,742,0.0,433.0559999999999,440.7
mediumworkmain1_20260916_004017,mediumworkmain1_20260916_004017.csv,2026-09-16 00:46:09,2026-09-16 00:46:18,10,Medium_Workload,23.44,6.032173000761095,147.0,147,0.0,,,,,,67.53,0.08232726023485504,67.5,1.1933000000000002,2.932,18.8,2.440400695696417,23,3.4,4,57.4,57,0.0,1233.7,1065,0.0,432.91799999999995,415.57
mediumworkmain1_20260916_004017,mediumworkmain1_20260916_004017.csv,2026-09-16 00:46:10,2026-09-16 00:46:19,10,Medium_Workload,22.119999999999997,4.5907636740646005,147.0,147,-0.1111111111111111,,,,,,67.49,0.1595131481867394,67.1,0.27020000000000005,0.7261,19.0,2.5385910352879693,21,3.4,4,57.4,57,0.0,1233.7,1065,0.0,432.74300000000005,415.26
mediumworkmain1_20260916_004017,mediumworkmain1_20260916_004017.csv,2026-09-16 00:46:11,2026-09-16 00:46:20,10,Medium_Workload,21.720000000000006,4.445172162645172,146.9,147,-0.1111111111111111,,,,,,67.50000000000001,0.15634719199411554,67.5,0.2514,0.7279,19.0,2.5385910352879693,19,3.4,3,57.5,58,0.1111111111111111,1284.7,1575,58.333333333333336,436.30600000000004,452.64
mediumworkmain1_20260916_004017,mediumworkmain1_20260916_004017.csv,2026-09-16 00:46:12,2026-09-16 00:46:21,10,Medium_Workload,21.630000000000003,4.3685873638460695,146.9,148,0.0,,,,,,67.5,0.15634719199411554,67.5,0.15030000000000002,0.43279999999999996,18.6,2.3190036174568114,18,3.3,3,57.6,58,0.1111111111111111,1337.2,1575,58.333333333333336,436.881,427.45
mediumworkmain1_20260916_004017,mediumworkmain1_20260916_004017.csv,2026-09-16 00:46:13,2026-09-16 00:46:22,10,Medium_Workload,21.81,4.3950603585793395,146.8,147,-0.1111111111111111,,,,,,67.5,0.15634719199411554,67.5,0.11910000000000003,0.3574,18.7,2.3118054512532935,19,3.4,3,57.7,58,0.0,1389.7,1575,0.0,439.3,428.45
mediumworkmain1_20260916_004017,mediumworkmain1_20260916_004017.csv,2026-09-16 00:46:14,2026-09-16 00:46:23,10,Medium_Workload,21.740000000000002,4.324144102851132,146.4,144,-0.4444444444444444,,,,,,67.47999999999999,0.1398411797560208,67.5,0.0613,0.2205,18.4,2.590581230363393,15,3.2,1,57.7,58,0.0,1389.7,1575,0.0,433.35599999999994,394.7
mediumworkmain1_20260916_004017,mediumworkmain1_20260916_004017.csv,2026-09-16 00:46:15,2026-09-16 00:46:24,10,Medium_Workload,22.0,4.534803683120631,146.4,148,0.0,,,,,,67.47,0.133749350984927,67.5,0.0707,0.43570000000000003,18.8,2.820559440174157,22,3.2,3,57.6,57,-0.1111111111111111,1326.7,945,-70.0,427.462,394.7
mediumworkmain1_20260916_004017,mediumworkmain1_20260916_004017.csv,2026-09-16 00:46:16,2026-09-16 00:46:25,10,Medium_Workload,21.91,4.554716724939591,146.4,148,0.2222222222222222,,,,,,67.47,0.133749350984927,67.6,0.0707,0.4283,19.0,2.8284271247461903,20,3.2,3,57.5,57,-0.1111111111111111,1299.7,1305,-30.0,421.587,394.7
mediumworkmain1_20260916_004017,mediumworkmain1_20260916_004017.csv,2026-09-16 00:46:17,2026-09-16 00:46:26,10,Medium_Workload,21.6,4.447970823245633,146.5,147,0.5555555555555556,,,,,,67.47,0.133749350984927,67.5,0.09380000000000001,0.42160000000000003,19.0,2.8284271247461903,19,3.2,3,57.4,57,0.0,1272.7,1305,62.55555555555556,415.89300000000003,394.76
mediumworkmain1_20260916_004017,mediumworkmain1_20260916_004017.csv,2026-09-16 00:46:18,2026-09-16 00:46:27,10,Medium_Workload,22.58,2.186219466466153,147.0,147,0.0,,,,,,67.47,0.133749350984927,67.5,0.09380000000000001,0.4313999999999999,19.5,2.223610677354389,19,3.0,3,57.5,58,0.1111111111111111,1335.7,1372,34.111111111111114,411.437,396.14
mediumworkmain1_20260916_004017,mediumworkmain1_20260916_004017.csv,2026-09-16 00:46:19,2026-09-16 00:46:28,10,Medium_Workload,22.29,2.5640462814335727,147.0,147,0.0,,,,,,67.47,0.133749350984927,67.5,0.2387,0.7497,19.1,1.852925614624973,19,2.9,3,57.6,58,0.1111111111111111,1366.4,1372,34.111111111111114,409.44999999999993,395.7
mediumworkmain1_20260916_004017,mediumworkmain1_20260916_004017.csv,2026-09-16 00:46:20,2026-09-16 00:46:29,10,Medium_Workload,22.23,2.594031611218336,147.0,147,0.0,,,,,,67.51,0.031622776601681994,67.5,0.2278,0.7651000000000001,19.4,2.3664319132398464,24,2.9,4,57.6,57,-0.1111111111111111,1331.9,720,-95.0,407.46899999999994,395.45
mediumworkmain1_20260916_004017,mediumworkmain1_20260916_004017.csv,2026-09-16 00:46:21,2026-09-16 00:46:30,10,Medium_Workload,22.19,2.6112789544163553,147.0,147,-0.1111111111111111,,,,,,67.5,0.04714045207910049,67.4,0.2294,0.7757,19.6,2.4129281427805145,21,2.8,2,57.5,57,-0.1111111111111111,1234.4,600,-108.33333333333333,401.794,395.89
mediumworkmain1_20260916_004017,mediumworkmain1_20260916_004017.csv,2026-09-16 00:46:22,2026-09-16 00:46:31,10,Medium_Workload,21.67,2.5957443804983735,147.0,148,0.1111111111111111,,,,,,67.51,0.05676462121975145,67.6,0.23880000000000004,0.7853999999999999,19.7,2.359378449224852,19,2.8,3,57.5,58,0.0,1234.4,1575,0.0,398.65,396.01
mediumworkmain1_20260916_004017,mediumworkmain1_20260916_004017.csv,2026-09-16 00:46:23,2026-09-16 00:46:32,10,Medium_Workload,21.66,2.5893800201764297,147.1,148,0.4444444444444444,,,,,,67.52000000000001,0.06324555320336399,67.6,0.2411,0.7934,19.8,2.3475755815545343,20,2.8,3,57.5,58,0.0,1234.4,1575,0.0,395.2,393.95
mediumworkmain1_20260916_004017,mediumworkmain1_20260916_004017.csv,2026-09-16 00:46:24,2026-09-16 00:46:33,10,Medium_Workload,21.400000000000002,2.2847319317591723,147.5,148,0.0,,,,,,67.54,0.084327404271155,67.7,0.2411,0.7898,20.2,1.6865480854231354,19,3.0,3,57.5,58,0.1111111111111111,1234.4,1575,70.0,395.801,400.71
mediumworkmain1_20260916_004017,mediumworkmain1_20260916_004017.csv,2026-09-16 00:46:25,2026-09-16 00:46:34,10,Medium_Workload,21.440000000000005,2.3833682981118227,147.3,146,-0.2222222222222222,,,,,,67.53,0.09486832980504882,67.4,0.2637,0.5963999999999999,19.3,2.7100635498903793,13,3.1,4,57.6,58,0.1111111111111111,1297.4,1575,30.0,398.79,424.59
mediumworkmain1_20260916_004017,mediumworkmain1_20260916_004017.csv,2026-09-16 00:46:26,2026-09-16 00:46:35,10,Medium_Workload,21.62,2.380849521587714,147.3,148,0.1111111111111111,,,,,,67.53,0.09486832980504882,67.6,0.27149999999999996,0.6116,19.7,3.0930028559098792,24,3.2,4,57.6,57,0.0,1243.4,765,-60.0,404.054,447.34
mediumworkmain1_20260916_004017,mediumworkmain1_20260916_004017.csv,2026-09-16 00:46:27,2026-09-16 00:46:36,10,Medium_Workload,21.52,2.4026836847344035,147.3,147,0.0,,,,,,67.53,0.09486832980504882,67.5,0.2234,0.5293,19.8,3.084008934992101,20,3.3,4,57.6,57,-0.1111111111111111,1222.4,1095,-30.77777777777778,408.45599999999996,438.78
mediumworkmain1_20260916_004017,mediumworkmain1_20260916_004017.csv,2026-09-16 00:46:28,2026-09-16 00:46:37,10,Medium_Workload,22.22,2.9092954473549097,147.3,147,0.0,,,,,,67.53,0.09486832980504882,67.5,0.3574,0.8015000000000001,20.0,3.0912061651652345,21,3.4,4,57.5,57,-0.1111111111111111,1194.7,1095,-30.77777777777778,412.80699999999996,439.65
mediumworkmain1_20260916_004017,mediumworkmain1_20260916_004017.csv,2026-09-16 00:46:29,2026-09-16 00:46:38,10,Medium_Workload,22.159999999999997,3.005994011970084,147.3,147,0.0,,,,,,67.53,0.09486832980504882,67.5,0.384,0.8737,20.1,3.071373199943851,20,3.5,4,57.4,57,0.0,1168.5,1110,43.333333333333336,415.721,424.84
mediumworkmain1_20260916_004017,mediumworkmain1_20260916_004017.csv,2026-09-16 00:46:30,2026-09-16 00:46:39,10,Medium_Workload,22.220000000000002,2.9817220974910903,147.4,148,0.1111111111111111,,,,,,67.53,0.09486832980504882,67.5,0.38560000000000005,0.8360999999999998,19.7,2.7507574714370344,20,3.4,3,57.4,57,0.0,1207.5,1110,56.666666666666664,416.76000000000005,405.84
mediumworkmain1_20260916_004017,mediumworkmain1_20260916_004017.csv,2026-09-16 00:46:31,2026-09-16 00:46:40,10,Medium_Workload,22.23,2.9773403492976,147.4,147,-0.1111111111111111,,,,,,67.54,0.08432740427115498,67.5,0.38439999999999996,0.8237,19.6,2.7162065049951147,20,3.5,3,57.4,57,-0.1111111111111111,1259.2,1117,-50.888888888888886,414.53599999999994,373.65
mediumworkmain1_20260916_004017,mediumworkmain1_20260916_004017.csv,2026-09-16 00:46:32,2026-09-16 00:46:41,10,Medium_Workload,21.970000000000002,3.3430026423361774,147.3,147,-0.1111111111111111,,,,,,67.50999999999999,0.11005049346146067,67.3,0.45470000000000005,0.9734999999999999,19.7,2.7100635498903793,20,3.6,4,57.3,57,-0.1111111111111111,1213.4,1117,-50.888888888888886,412.28099999999995,373.46
mediumworkmain1_20260916_004017,mediumworkmain1_20260916_004017.csv,2026-09-16 00:46:33,2026-09-16 00:46:42,10,Medium_Workload,21.470000000000002,3.524217801315791,147.3,148,0.0,,,,,,67.47,0.14181364924121703,67.2,0.643,1.3496000000000001,19.8,2.7406406388125957,21,3.7,4,57.2,57,-0.1111111111111111,1170.6,1147,-47.55555555555556,410.2509999999999,373.65
mediumworkmain1_20260916_004017,mediumworkmain1_20260916_004017.csv,2026-09-16 00:46:34,2026-09-16 00:46:43,10,Medium_Workload,20.95,3.6860849450632878,147.2,147,0.1111111111111111,,,,,,67.4,0.18257418583505453,67.0,0.643,1.3699999999999999,20.0,2.748737083745107,21,3.8,4,57.1,57,-0.1111111111111111,1127.8,1147,-47.55555555555556,407.695,375.15
mediumworkmain1_20260916_004017,mediumworkmain1_20260916_004017.csv,2026-09-16 00:46:35,2026-09-16 00:46:44,10,Medium_Workload,18.910000000000004,5.3556719673839455,146.4,138,-1.1111111111111112,,,,,,67.36,0.22211108331943494,67.0,0.611,1.3591000000000002,22.2,4.661902329879224,35,5.6,22,56.9,56,-0.1111111111111111,1040.0,697,-7.555555555555555,401.076,358.4
mediumworkmain1_20260916_004017,mediumworkmain1_20260916_004017.csv,2026-09-16 00:46:36,2026-09-16 00:46:45,10,Medium_Workload,17.360000000000003,6.378644927499187,145.0,134,-1.4444444444444444,,,,,,67.28,0.2658320271650256,66.8,0.6126,1.3778000000000001,23.3,6.18331087147762,35,7.3,21,56.8,56,-0.1111111111111111,1029.5,660,-48.333333333333336,391.08799999999997,347.46
mediumworkmain1_20260916_004017,mediumworkmain1_20260916_004017.csv,2026-09-16 00:46:37,2026-09-16 00:46:46,10,Medium_Workload,16.21,6.755154410604625,143.6,133,-1.5555555555555556,,,,,,67.22,0.2780887148615224,66.9,0.622,1.3723000000000003,24.8,7.052186422190875,35,8.8,19,56.7,56,-0.1111111111111111,982.2,622,-52.55555555555556,381.956,347.46
mediumworkmain1_20260916_004017,mediumworkmain1_20260916_004017.csv,2026-09-16 00:46:38,2026-09-16 00:46:47,10,Medium_Workload,14.2,6.114827153003682,142.2,133,-1.5555555555555556,,,,,,67.16,0.2756809750418035,66.9,0.488,1.1078,26.3,7.717944458640958,36,10.6,22,56.5,55,-0.2222222222222222,931.9,592,-57.55555555555556,372.812,348.21
mediumworkmain1_20260916_004017,mediumworkmain1_20260916_004017.csv,2026-09-16 00:46:39,2026-09-16 00:46:48,10,Medium_Workload,13.91,6.003415694419303,141.9,144,-0.4444444444444444,,,,,,67.1,0.25819888974715993,66.9,0.3192,0.7177,28.0,8.04155872120988,37,12.2,20,56.3,55,-0.2222222222222222,877.9,570,-60.0,364.224,338.96
mediumworkmain1_20260916_004017,mediumworkmain1_20260916_004017.csv,2026-09-16 00:46:40,2026-09-16 00:46:49,10,Medium_Workload,13.200000000000003,5.4096621377350775,141.5,144,-0.3333333333333333,,,,,,67.05,0.2173067468400872,67.0,0.3192,0.7299,29.8,8.066391179868893,38,13.8,19,56.1,55,-0.2222222222222222,924.4,1575,50.888888888888886,362.74899999999997,391.09
mediumworkmain1_20260916_004017,mediumworkmain1_20260916_004017.csv,2026-09-16 00:46:41,2026-09-16 00:46:50,10,Medium_Workload,13.55,6.052593567132101,141.7,149,0.2222222222222222,,,,,,66.99,0.15238839267549817,66.9,0.3282,0.7636000000000001,29.4,8.682037651253177,16,13.8,3,56.0,56,-0.1111111111111111,970.2,1575,50.888888888888886,362.793,374.09
mediumworkmain1_20260916_004017,mediumworkmain1_20260916_004017.csv,2026-09-16 00:46:42,2026-09-16 00:46:51,10,Medium_Workload,13.739999999999998,6.194119074663573,141.8,148,0.0,,,,,,66.95,0.10801234497346404,66.9,0.23909999999999995,0.5803,29.3,8.80719402912566,19,13.7,3,56.0,57,0.0,1016.0,1575,47.55555555555556,362.856,374.09
mediumworkmain1_20260916_004017,mediumworkmain1_20260916_004017.csv,2026-09-16 00:46:43,2026-09-16 00:46:52,10,Medium_Workload,13.790000000000001,6.2351066996127305,141.7,147,0.0,,,,,,66.93,0.06749485577105449,67.0,0.0391,0.16970000000000002,29.1,9.036346360977735,19,13.6,3,56.0,57,0.0,1058.8,1575,47.55555555555556,362.98699999999997,374.96
mediumworkmain1_20260916_004017,mediumworkmain1_20260916_004017.csv,2026-09-16 00:46:44,2026-09-16 00:46:53,10,Medium_Workload,13.770000000000001,6.221834313305219,141.7,147,1.0,,,,,,66.94000000000001,0.08432740427115461,67.1,0.0422,0.17370000000000002,32.9,12.556096350201983,59,15.8,26,55.9,56,0.0,1065.6,1215,57.55555555555556,368.225,427.53
mediumworkmain1_20260916_004017,mediumworkmain1_20260916_004017.csv,2026-09-16 00:46:45,2026-09-16 00:46:54,10,Medium_Workload,15.35,6.148034916404861,142.7,148,1.5555555555555556,,,,,,66.99,0.19692073983655756,67.5,0.0422,0.17020000000000002,31.6,12.980326994682718,22,14.1,5,55.9,56,0.0,1117.4,1215,61.666666666666664,377.94399999999996,455.59
mediumworkmain1_20260916_004017,mediumworkmain1_20260916_004017.csv,2026-09-16 00:46:46,2026-09-16 00:46:55,10,Medium_Workload,16.96,5.786804913863186,143.9,146,1.4444444444444444,,,,,,67.06,0.24129281427804924,67.5,0.0328,0.13630000000000003,30.6,13.074147518417151,25,12.4,4,55.9,56,0.0,1123.4,720,10.88888888888889,388.80100000000004,456.03
mediumworkmain1_20260916_004017,mediumworkmain1_20260916_004017.csv,2026-09-16 00:46:47,2026-09-16 00:46:56,10,Medium_Workload,18.14,5.176914568007129,145.4,148,1.6666666666666667,,,,,,67.13000000000001,0.2869378562220949,67.6,0.0203,0.1089,29.1,13.370365240585862,20,10.7,2,55.9,56,0.1111111111111111,1121.9,607,1.6666666666666667,399.6579999999999,456.03
mediumworkmain1_20260916_004017,mediumworkmain1_20260916_004017.csv,2026-09-16 00:46:48,2026-09-16 00:46:57,10,Medium_Workload,20.14,4.158044412140559,146.9,148,0.4444444444444444,,,,,,67.20000000000002,0.30912061651652023,67.6,0.0203,0.0955,27.4,13.475904422338415,19,8.8,3,56.0,56,0.1111111111111111,1220.2,1575,111.66666666666667,410.465,456.28
mediumworkmain1_20260916_004017,mediumworkmain1_20260916_004017.csv,2026-09-16 00:46:49,2026-09-16 00:46:58,10,Medium_Workload,20.95,3.749444403286083,147.3,148,0.4444444444444444,,,,,,67.27000000000001,0.31287200080685856,67.6,0.021900000000000003,0.1342,25.5,13.310396938734272,18,7.1,3,56.2,57,0.2222222222222222,1320.7,1575,0.0,422.203,456.34
mediumworkmain1_20260916_004017,mediumworkmain1_20260916_004017.csv,2026-09-16 00:46:50,2026-09-16 00:46:59,10,Medium_Workload,21.85,2.976295236251494,147.7,148,-0.1111111111111111,,,,,,67.33,0.3128720008068583,67.6,0.020300000000000002,0.11550000000000002,23.1,12.965338406690355,14,5.5,3,56.4,57,0.1111111111111111,1320.7,1575,0.0,423.697,406.03
mediumworkmain1_20260916_004017,mediumworkmain1_20260916_004017.csv,2026-09-16 00:46:51,2026-09-16 00:47:00,10,Medium_Workload,21.83,2.9563678917061575,147.6,148,0.0,,,,,,67.41999999999999,0.30477678535099667,67.8,0.0156,0.11180000000000001,23.2,12.908223046656042,17,5.6,4,56.5,57,0.0,1320.7,1575,0.0,428.6279999999999,423.4
mediumworkmain1_20260916_004017,mediumworkmain1_20260916_004017.csv,2026-09-16 00:46:52,2026-09-16 00:47:01,10,Medium_Workload,22.529999999999998,2.961624929362633,147.5,147,0.0,,,,,,67.47999999999999,0.244040069569641,67.5,0.0187,0.132,23.2,12.908223046656044,19,5.6,3,56.4,56,-0.1111111111111111,1286.9,1237,-37.55555555555556,436.759,455.4
mediumworkmain1_20260916_004017,mediumworkmain1_20260916_004017.csv,2026-09-16 00:46:53,2026-09-16 00:47:02,10,Medium_Workload,22.81,2.666437490152149,147.6,148,0.1111111111111111,,,,,,67.53,0.17669811040931432,67.5,0.0375,0.7285999999999999,23.3,12.875903420299831,20,5.6,3,56.3,56,0.0,1253.1,1237,2.4444444444444446,443.95899999999995,446.96
mediumworkmain1_20260916_004017,mediumworkmain1_20260916_004017.csv,2026-09-16 00:46:54,2026-09-16 00:47:03,10,Medium_Workload,23.38,1.8724909137889623,147.7,148,0.0,,,,,,67.57000000000001,0.0948683298050498,67.5,0.036,0.7081,18.6,3.717824931626316,12,3.7,7,56.3,56,0.0,1239.6,1080,-15.0,445.8459999999999,446.4
mediumworkmain1_20260916_004017,mediumworkmain1_20260916_004017.csv,2026-09-16 00:46:55,2026-09-16 00:47:04,10,Medium_Workload,23.38,1.8724909137889623,147.7,148,0.2222222222222222,,,,,,67.57,0.09486832980504982,67.5,0.04540000000000001,0.738,18.5,3.6285901761795403,21,3.6,4,56.3,56,0.0,1226.1,1080,40.0,443.53999999999996,432.53
mediumworkmain1_20260916_004017,mediumworkmain1_20260916_004017.csv,2026-09-16 00:46:56,2026-09-16 00:47:05,10,Medium_Workload,22.639999999999997,3.0995340151563284,147.8,147,-0.1111111111111111,,,,,,67.6,0.11547005383792407,67.8,0.0516,0.7655000000000001,18.7,4.056544780420347,27,4.4,12,56.2,55,-0.1111111111111111,1217.1,630,2.5555555555555554,462.071,641.34
mediumworkmain1_20260916_004017,mediumworkmain1_20260916_004017.csv,2026-09-16 00:46:57,2026-09-16 00:47:06,10,Medium_Workload,22.949999999999996,3.0609548256131527,147.6,146,-0.2222222222222222,,,,,,67.62999999999998,0.14944341180973345,67.9,0.0516,0.764,18.5,4.034572812303401,18,4.6,4,56.3,57,0.1111111111111111,1313.9,1575,0.0,482.2709999999999,658.03
mediumworkmain1_20260916_004017,mediumworkmain1_20260916_004017.csv,2026-09-16 00:46:58,2026-09-16 00:47:07,10,Medium_Workload,22.56,2.716697341340114,147.6,148,0.0,,,,,,67.66,0.17126976771553676,67.9,0.06720000000000001,0.8051999999999999,18.5,4.034572812303401,19,4.6,3,56.3,56,-0.1111111111111111,1247.1,907,-74.22222222222223,502.727,660.84
mediumworkmain1_20260916_004017,mediumworkmain1_20260916_004017.csv,2026-09-16 00:46:59,2026-09-16 00:47:08,10,Medium_Workload,22.21,2.9015130152694093,147.5,147,-0.1111111111111111,,,,,,67.68999999999998,0.18529256146249937,67.9,0.059399999999999994,0.7760999999999999,19.0,4.268749491621899,23,4.7,4,56.2,56,-0.1111111111111111,1164.6,750,-91.66666666666667,523.2079999999999,661.15
mediumworkmain1_20260916_004017,mediumworkmain1_20260916_004017.csv,2026-09-16 00:47:00,2026-09-16 00:47:09,10,Medium_Workload,22.29,2.9455993542156333,147.5,148,0.0,,,,,,67.72,0.19321835661586126,67.9,0.06100000000000001,0.8036999999999999,19.8,3.966526608171604,22,5.6,12,56.1,56,-0.1111111111111111,1098.6,915,-73.33333333333333,547.5949999999999,649.9
mediumworkmain1_20260916_004017,mediumworkmain1_20260916_004017.csv,2026-09-16 00:47:01,2026-09-16 00:47:10,10,Medium_Workload,22.259999999999998,2.923164191229923,147.5,148,0.1111111111111111,,,,,,67.72999999999999,0.20027758514399993,67.9,0.06570000000000001,0.7951999999999999,20.4,3.9496835316263,23,5.6,4,56.0,56,0.0,1032.6,915,-35.77777777777778,567.1759999999999,619.21
mediumworkmain1_20260916_004017,mediumworkmain1_20260916_004017.csv,2026-09-16 00:47:02,2026-09-16 00:47:11,10,Medium_Workload,22.03,2.704748910096216,147.6,148,0.0,,,,,,67.78,0.1988857852023525,68.0,0.06420000000000001,0.7799,27.2,21.37391972578835,87,10.4,51,56.0,56,0.0,1066.4,1575,37.55555555555556,571.921,502.85
mediumworkmain1_20260916_004017,mediumworkmain1_20260916_004017.csv,2026-09-16 00:47:03,2026-09-16 00:47:12,10,Medium_Workload,22.380000000000003,2.837369673952738,147.4,146,-0.2222222222222222,,,,,,67.80999999999999,0.1728840330652009,67.8,0.0454,0.20759999999999995,27.2,21.37391972578835,20,10.5,4,56.1,57,0.1111111111111111,1100.2,1575,55.0,577.091,498.66
mediumworkmain1_20260916_004017,mediumworkmain1_20260916_004017.csv,2026-09-16 00:47:04,2026-09-16 00:47:13,10,Medium_Workload,22.04,2.9432408441489573,147.1,145,-0.3333333333333333,,,,,,67.84,0.13498971154211226,67.8,0.052000000000000005,0.20279999999999995,28.3,20.779530526190648,23,10.4,6,56.1,56,0.0,1085.9,937,-15.88888888888889,583.673,512.22
mediumworkmain1_20260916_004017,mediumworkmain1_20260916_004017.csv,2026-09-16 00:47:05,2026-09-16 00:47:14,10,Medium_Workload,21.15,4.033264462221914,146.2,139,-0.8888888888888888,,,,,,67.86,0.08432740427115835,67.7,0.0426,0.1768,27.3,21.401194151521338,11,10.4,4,56.1,56,0.1111111111111111,1044.6,667,4.111111111111111,588.292,478.72
